ISO-10303-21;
HEADER;
FILE_DESCRIPTION(('Open CASCADE Model'),'2;1');
FILE_NAME('Open CASCADE Shape Model','2026-10-03T05:51:28',('Author'),(
    'Open CASCADE'),'Open CASCADE STEP processor 8.0','build123d',
  'Unknown');
FILE_SCHEMA(('AUTOMOTIVE_DESIGN { 1 0 10303 214 1 1 1 1 }'));
ENDSEC;
DATA;
#1 = APPLICATION_PROTOCOL_DEFINITION('international standard',
  'automotive_design',2000,#2);
#2 = APPLICATION_CONTEXT(
  'core data for automotive mechanical design processes');
#3 = SHAPE_DEFINITION_REPRESENTATION(#4,#10);
#4 = PRODUCT_DEFINITION_SHAPE('','',#5);
#5 = PRODUCT_DEFINITION('design','',#6,#9);
#6 = PRODUCT_DEFINITION_FORMATION('','',#7);
#7 = PRODUCT('COMPOUND','COMPOUND','',(#8));
#8 = PRODUCT_CONTEXT('',#2,'mechanical');
#9 = PRODUCT_DEFINITION_CONTEXT('part definition',#2,'design');
#10 = SHAPE_REPRESENTATION('',(#11,#15,#5635,#8079,#8177,#8275,#8373,
    #8471,#8653,#8835,#8933,#9031,#9129),#10036);
#11 = AXIS2_PLACEMENT_3D('',#12,#13,#14);
#12 = CARTESIAN_POINT('',(0.,0.,0.));
#13 = DIRECTION('',(0.,0.,1.));
#14 = DIRECTION('',(1.,0.,-0.));
#15 = MANIFOLD_SOLID_BREP('',#16);
#16 = CLOSED_SHELL('',(#17,#1879,#2116,#2151,#2300,#2377,#2426,#2476,
    #2531,#2724,#2917,#3110,#3303,#3358,#3551,#4214,#4459,#4566,#5159,
    #5214,#5244,#5274,#5309,#5316,#5345,#5372,#5399,#5456,#5486,#5541,
    #5596,#5623,#5627,#5631));
#17 = ADVANCED_FACE('',(#18,#445,#652,#826,#1000,#1174,#1348,#1705),#32,
  .T.);
#18 = FACE_BOUND('',#19,.T.);
#19 = EDGE_LOOP('',(#20,#50,#147,#170,#197,#198,#254,#308,#309,#338,#366
    ,#395,#423));
#20 = ORIENTED_EDGE('',*,*,#21,.F.);
#21 = EDGE_CURVE('',#22,#24,#26,.T.);
#22 = VERTEX_POINT('',#23);
#23 = CARTESIAN_POINT('',(4.3065E+03,-5.878304635907E-15,926.));
#24 = VERTEX_POINT('',#25);
#25 = CARTESIAN_POINT('',(4.323E+03,-5.878304635907E-15,926.));
#26 = SEAM_CURVE('',#27,(#31,#43),.PCURVE_S1.);
#27 = LINE('',#28,#29);
#28 = CARTESIAN_POINT('',(4.225E+03,-5.878304635907E-15,926.));
#29 = VECTOR('',#30,1.);
#30 = DIRECTION('',(1.,0.,2.22044604925E-16));
#31 = PCURVE('',#32,#37);
#32 = CYLINDRICAL_SURFACE('',#33,24.);
#33 = AXIS2_PLACEMENT_3D('',#34,#35,#36);
#34 = CARTESIAN_POINT('',(4.225E+03,0.,950.));
#35 = DIRECTION('',(1.,0.,2.22044604925E-16));
#36 = DIRECTION('',(2.22044604925E-16,0.,-1.));
#37 = DEFINITIONAL_REPRESENTATION('',(#38),#42);
#38 = LINE('',#39,#40);
#39 = CARTESIAN_POINT('',(0.,-0.));
#40 = VECTOR('',#41,1.);
#41 = DIRECTION('',(0.,1.));
#42 = ( GEOMETRIC_REPRESENTATION_CONTEXT(2) 
PARAMETRIC_REPRESENTATION_CONTEXT() REPRESENTATION_CONTEXT('2D SPACE',''
  ) );
#43 = PCURVE('',#32,#44);
#44 = DEFINITIONAL_REPRESENTATION('',(#45),#49);
#45 = LINE('',#46,#47);
#46 = CARTESIAN_POINT('',(6.28318530718,-0.));
#47 = VECTOR('',#48,1.);
#48 = DIRECTION('',(0.,1.));
#49 = ( GEOMETRIC_REPRESENTATION_CONTEXT(2) 
PARAMETRIC_REPRESENTATION_CONTEXT() REPRESENTATION_CONTEXT('2D SPACE',''
  ) );
#50 = ORIENTED_EDGE('',*,*,#51,.F.);
#51 = EDGE_CURVE('',#52,#22,#54,.T.);
#52 = VERTEX_POINT('',#53);
#53 = CARTESIAN_POINT('',(4.3015E+03,-5.878304635907E-15,926.));
#54 = SURFACE_CURVE('',#55,(#82,#112),.PCURVE_S1.);
#55 = B_SPLINE_CURVE_WITH_KNOTS('',7,(#56,#57,#58,#59,#60,#61,#62,#63,
    #64,#65,#66,#67,#68,#69,#70,#71,#72,#73,#74,#75,#76,#77,#78,#79,#80,
    #81),.UNSPECIFIED.,.F.,.F.,(8,6,6,6,8),(0.,0.244326262435,
    0.500045790421,0.755772565472,1.),.UNSPECIFIED.);
#56 = CARTESIAN_POINT('',(4.3015E+03,-6.155701264742E-16,926.));
#57 = CARTESIAN_POINT('',(4.3015E+03,0.333680241324,926.));
#58 = CARTESIAN_POINT('',(4.301551959222E+03,0.65782906868,
    926.00541253844));
#59 = CARTESIAN_POINT('',(4.30165053897E+03,0.963124160237,
    926.01568060449));
#60 = CARTESIAN_POINT('',(4.301788702899E+03,1.241935946649,
    926.02937359889));
#61 = CARTESIAN_POINT('',(4.301957786914E+03,1.488561300613,
    926.04457816076));
#62 = CARTESIAN_POINT('',(4.302147628114E+03,1.69975426871,
    926.05961919386));
#63 = CARTESIAN_POINT('',(4.3025550965E+03,2.058985974293,
    926.08777440701));
#64 = CARTESIAN_POINT('',(4.302779541115E+03,2.208852224641,
    926.10117609544));
#65 = CARTESIAN_POINT('',(4.303014624718E+03,2.326506428203,
    926.11261473407));
#66 = CARTESIAN_POINT('',(4.30325664512E+03,2.413533329595,
    926.12150716024));
#67 = CARTESIAN_POINT('',(4.303502922722E+03,2.471147242812,
    926.12754156417));
#68 = CARTESIAN_POINT('',(4.303751346305E+03,2.5,926.13056347544));
#69 = CARTESIAN_POINT('',(4.304248660742E+03,2.5,926.13056347544));
#70 = CARTESIAN_POINT('',(4.304497084099E+03,2.471145657386,
    926.12754139961));
#71 = CARTESIAN_POINT('',(4.304743358669E+03,2.41353132048,
    926.12150694623));
#72 = CARTESIAN_POINT('',(4.304985375226E+03,2.326505673056,
    926.11261468211));
#73 = CARTESIAN_POINT('',(4.30522045661E+03,2.208853248925,
    926.10117620725));
#74 = CARTESIAN_POINT('',(4.305444901417E+03,2.058987810107,
    926.08777455089));
#75 = CARTESIAN_POINT('',(4.305852287704E+03,1.699828485345,
    926.05962501067));
#76 = CARTESIAN_POINT('',(4.306042177053E+03,1.488630182776,
    926.04458228201));
#77 = CARTESIAN_POINT('',(4.306211333778E+03,1.241928430231,
    926.02937117804));
#78 = CARTESIAN_POINT('',(4.306349532654E+03,0.963010992383,
    926.01567312814));
#79 = CARTESIAN_POINT('',(4.306448091205E+03,0.657642648512,
    926.00540728842));
#80 = CARTESIAN_POINT('',(4.3065E+03,0.333518302946,926.));
#81 = CARTESIAN_POINT('',(4.3065E+03,-8.645199389999E-16,926.));
#82 = PCURVE('',#32,#83);
#83 = DEFINITIONAL_REPRESENTATION('',(#84),#111);
#84 = B_SPLINE_CURVE_WITH_KNOTS('',7,(#85,#86,#87,#88,#89,#90,#91,#92,
    #93,#94,#95,#96,#97,#98,#99,#100,#101,#102,#103,#104,#105,#106,#107,
    #108,#109,#110),.UNSPECIFIED.,.F.,.F.,(8,6,6,6,8),(0.,0.244326262435
    ,0.500045790421,0.755772565472,1.),.UNSPECIFIED.);
#85 = CARTESIAN_POINT('',(0.,76.5));
#86 = CARTESIAN_POINT('',(1.390334338849E-02,76.5));
#87 = CARTESIAN_POINT('',(2.740954922242E-02,76.551959222486));
#88 = CARTESIAN_POINT('',(4.013454122852E-02,76.650538969983));
#89 = CARTESIAN_POINT('',(5.176381980956E-02,76.788702899339));
#90 = CARTESIAN_POINT('',(6.205862527796E-02,76.957786914139));
#91 = CARTESIAN_POINT('',(7.088039362246E-02,77.14762811372));
#92 = CARTESIAN_POINT('',(8.589428385343E-02,77.555096500498));
#93 = CARTESIAN_POINT('',(9.216325162215E-02,77.779541114791));
#94 = CARTESIAN_POINT('',(9.708850108277E-02,78.01462471754));
#95 = CARTESIAN_POINT('',(0.100733486105,78.256645119859));
#96 = CARTESIAN_POINT('',(0.103147198831,78.50292272165));
#97 = CARTESIAN_POINT('',(0.104355972588,78.75134630462));
#98 = CARTESIAN_POINT('',(0.104355972588,79.248660742201));
#99 = CARTESIAN_POINT('',(0.103147132431,79.497084099033));
#100 = CARTESIAN_POINT('',(0.100733401881,79.743358669312));
#101 = CARTESIAN_POINT('',(9.708846960259E-02,79.985375226299));
#102 = CARTESIAN_POINT('',(9.216329452176E-02,80.22045660956));
#103 = CARTESIAN_POINT('',(8.589436058025E-02,80.44490141718));
#104 = CARTESIAN_POINT('',(7.088349546561E-02,80.852287704032));
#105 = CARTESIAN_POINT('',(6.206150015267E-02,81.042177052519));
#106 = CARTESIAN_POINT('',(5.176349992413E-02,81.211333777989));
#107 = CARTESIAN_POINT('',(4.012981896091E-02,81.349532653898));
#108 = CARTESIAN_POINT('',(2.74017818134E-02,81.448091204642));
#109 = CARTESIAN_POINT('',(1.389659595607E-02,81.5));
#110 = CARTESIAN_POINT('',(0.,81.5));
#111 = ( GEOMETRIC_REPRESENTATION_CONTEXT(2) 
PARAMETRIC_REPRESENTATION_CONTEXT() REPRESENTATION_CONTEXT('2D SPACE',''
  ) );
#112 = PCURVE('',#113,#118);
#113 = CYLINDRICAL_SURFACE('',#114,2.5);
#114 = AXIS2_PLACEMENT_3D('',#115,#116,#117);
#115 = CARTESIAN_POINT('',(4.304E+03,-2.571758278209E-15,936.));
#116 = DIRECTION('',(0.,-1.836970198721E-16,-1.));
#117 = DIRECTION('',(0.,-1.,1.836970198721E-16));
#118 = DEFINITIONAL_REPRESENTATION('',(#119),#146);
#119 = B_SPLINE_CURVE_WITH_KNOTS('',7,(#120,#121,#122,#123,#124,#125,
    #126,#127,#128,#129,#130,#131,#132,#133,#134,#135,#136,#137,#138,
    #139,#140,#141,#142,#143,#144,#145),.UNSPECIFIED.,.F.,.F.,(8,6,6,6,8
    ),(0.,0.244326262435,0.500045790421,0.755772565472,1.),
  .UNSPECIFIED.);
#120 = CARTESIAN_POINT('',(1.570796326795,10.));
#121 = CARTESIAN_POINT('',(1.704268423324,10.));
#122 = CARTESIAN_POINT('',(1.833927866718,9.994587461559));
#123 = CARTESIAN_POINT('',(1.959929865954,9.98431939551));
#124 = CARTESIAN_POINT('',(2.082107719581,9.970626401108));
#125 = CARTESIAN_POINT('',(2.200032930724,9.955421839236));
#126 = CARTESIAN_POINT('',(2.312859546889,9.940380806138));
#127 = CARTESIAN_POINT('',(2.530143841588,9.912225592987));
#128 = CARTESIAN_POINT('',(2.637130668147,9.898823904554));
#129 = CARTESIAN_POINT('',(2.741028605739,9.887385265929));
#130 = CARTESIAN_POINT('',(2.842642941777,9.878492839754));
#131 = CARTESIAN_POINT('',(2.942761923546,9.872458435824));
#132 = CARTESIAN_POINT('',(3.042131175438,9.86943652456));
#133 = CARTESIAN_POINT('',(3.24105695047,9.86943652456));
#134 = CARTESIAN_POINT('',(3.340426099819,9.872458600386));
#135 = CARTESIAN_POINT('',(3.44054404224,9.878493053765));
#136 = CARTESIAN_POINT('',(3.542156799082,9.88738531789));
#137 = CARTESIAN_POINT('',(3.646053690207,9.89882379275));
#138 = CARTESIAN_POINT('',(3.753040355184,9.912225449103));
#139 = CARTESIAN_POINT('',(3.97028086974,9.940374989321));
#140 = CARTESIAN_POINT('',(4.083123358675,9.955417717983));
#141 = CARTESIAN_POINT('',(4.201088031621,9.970628821959));
#142 = CARTESIAN_POINT('',(4.32330628818,9.984326871858));
#143 = CARTESIAN_POINT('',(4.449332022757,9.99459271158));
#144 = CARTESIAN_POINT('',(4.578981659206,10.));
#145 = CARTESIAN_POINT('',(4.712388980385,10.));
#146 = ( GEOMETRIC_REPRESENTATION_CONTEXT(2) 
PARAMETRIC_REPRESENTATION_CONTEXT() REPRESENTATION_CONTEXT('2D SPACE',''
  ) );
#147 = ORIENTED_EDGE('',*,*,#148,.F.);
#148 = EDGE_CURVE('',#149,#52,#151,.T.);
#149 = VERTEX_POINT('',#150);
#150 = CARTESIAN_POINT('',(4.225E+03,-5.878304635907E-15,926.));
#151 = SEAM_CURVE('',#152,(#156,#163),.PCURVE_S1.);
#152 = LINE('',#153,#154);
#153 = CARTESIAN_POINT('',(4.225E+03,-5.878304635907E-15,926.));
#154 = VECTOR('',#155,1.);
#155 = DIRECTION('',(1.,0.,2.22044604925E-16));
#156 = PCURVE('',#32,#157);
#157 = DEFINITIONAL_REPRESENTATION('',(#158),#162);
#158 = LINE('',#159,#160);
#159 = CARTESIAN_POINT('',(0.,-0.));
#160 = VECTOR('',#161,1.);
#161 = DIRECTION('',(0.,1.));
#162 = ( GEOMETRIC_REPRESENTATION_CONTEXT(2) 
PARAMETRIC_REPRESENTATION_CONTEXT() REPRESENTATION_CONTEXT('2D SPACE',''
  ) );
#163 = PCURVE('',#32,#164);
#164 = DEFINITIONAL_REPRESENTATION('',(#165),#169);
#165 = LINE('',#166,#167);
#166 = CARTESIAN_POINT('',(6.28318530718,-0.));
#167 = VECTOR('',#168,1.);
#168 = DIRECTION('',(0.,1.));
#169 = ( GEOMETRIC_REPRESENTATION_CONTEXT(2) 
PARAMETRIC_REPRESENTATION_CONTEXT() REPRESENTATION_CONTEXT('2D SPACE',''
  ) );
#170 = ORIENTED_EDGE('',*,*,#171,.T.);
#171 = EDGE_CURVE('',#149,#149,#172,.T.);
#172 = SURFACE_CURVE('',#173,(#178,#185),.PCURVE_S1.);
#173 = CIRCLE('',#174,24.);
#174 = AXIS2_PLACEMENT_3D('',#175,#176,#177);
#175 = CARTESIAN_POINT('',(4.225E+03,0.,950.));
#176 = DIRECTION('',(1.,-0.,2.22044604925E-16));
#177 = DIRECTION('',(2.22044604925E-16,0.,-1.));
#178 = PCURVE('',#32,#179);
#179 = DEFINITIONAL_REPRESENTATION('',(#180),#184);
#180 = LINE('',#181,#182);
#181 = CARTESIAN_POINT('',(0.,0.));
#182 = VECTOR('',#183,1.);
#183 = DIRECTION('',(1.,0.));
#184 = ( GEOMETRIC_REPRESENTATION_CONTEXT(2) 
PARAMETRIC_REPRESENTATION_CONTEXT() REPRESENTATION_CONTEXT('2D SPACE',''
  ) );
#185 = PCURVE('',#186,#191);
#186 = PLANE('',#187);
#187 = AXIS2_PLACEMENT_3D('',#188,#189,#190);
#188 = CARTESIAN_POINT('',(4.225E+03,0.,950.));
#189 = DIRECTION('',(1.,0.,2.22044604925E-16));
#190 = DIRECTION('',(2.22044604925E-16,0.,-1.));
#191 = DEFINITIONAL_REPRESENTATION('',(#192),#196);
#192 = CIRCLE('',#193,24.);
#193 = AXIS2_PLACEMENT_2D('',#194,#195);
#194 = CARTESIAN_POINT('',(0.,0.));
#195 = DIRECTION('',(1.,0.));
#196 = ( GEOMETRIC_REPRESENTATION_CONTEXT(2) 
PARAMETRIC_REPRESENTATION_CONTEXT() REPRESENTATION_CONTEXT('2D SPACE',''
  ) );
#197 = ORIENTED_EDGE('',*,*,#148,.T.);
#198 = ORIENTED_EDGE('',*,*,#199,.F.);
#199 = EDGE_CURVE('',#200,#52,#202,.T.);
#200 = VERTEX_POINT('',#201);
#201 = CARTESIAN_POINT('',(4.304E+03,-2.5,926.13056347543));
#202 = SURFACE_CURVE('',#203,(#218,#236),.PCURVE_S1.);
#203 = B_SPLINE_CURVE_WITH_KNOTS('',7,(#204,#205,#206,#207,#208,#209,
    #210,#211,#212,#213,#214,#215,#216,#217),.UNSPECIFIED.,.F.,.F.,(8,6,
    8),(0.,0.51144505805,1.),.UNSPECIFIED.);
#204 = CARTESIAN_POINT('',(4.304E+03,-2.5,926.13056347544));
#205 = CARTESIAN_POINT('',(4.303751339258E+03,-2.5,926.13056347544));
#206 = CARTESIAN_POINT('',(4.303502915901E+03,-2.471145657386,
    926.12754139961));
#207 = CARTESIAN_POINT('',(4.303256641331E+03,-2.413531320481,
    926.12150694623));
#208 = CARTESIAN_POINT('',(4.303014624774E+03,-2.326505673055,
    926.11261468211));
#209 = CARTESIAN_POINT('',(4.30277954339E+03,-2.208853248925,
    926.10117620725));
#210 = CARTESIAN_POINT('',(4.302555098583E+03,-2.058987810107,
    926.08777455089));
#211 = CARTESIAN_POINT('',(4.302147668219E+03,-1.699789626178,
    926.05962196504));
#212 = CARTESIAN_POINT('',(4.301957809596E+03,-1.488599005789,
    926.04458050238));
#213 = CARTESIAN_POINT('',(4.301788690947E+03,-1.2419415276,
    926.02937303365));
#214 = CARTESIAN_POINT('',(4.301650506014E+03,-0.963077942277,
    926.01567717982));
#215 = CARTESIAN_POINT('',(4.301551933552E+03,-0.657740345544,
    926.0054098615));
#216 = CARTESIAN_POINT('',(4.3015E+03,-0.333597833651,926.));
#217 = CARTESIAN_POINT('',(4.3015E+03,-3.552713678801E-15,926.));
#218 = PCURVE('',#32,#219);
#219 = DEFINITIONAL_REPRESENTATION('',(#220),#235);
#220 = B_SPLINE_CURVE_WITH_KNOTS('',7,(#221,#222,#223,#224,#225,#226,
    #227,#228,#229,#230,#231,#232,#233,#234),.UNSPECIFIED.,.F.,.F.,(8,6,
    8),(0.,0.51144505805,1.),.UNSPECIFIED.);
#221 = CARTESIAN_POINT('',(6.178829334591,79.));
#222 = CARTESIAN_POINT('',(6.178829334591,78.7513392578));
#223 = CARTESIAN_POINT('',(6.180038174748,78.502915900966));
#224 = CARTESIAN_POINT('',(6.182451905298,78.25664133069));
#225 = CARTESIAN_POINT('',(6.186096837577,78.0146247737));
#226 = CARTESIAN_POINT('',(6.191022012658,77.779543390441));
#227 = CARTESIAN_POINT('',(6.197290946599,77.555098582819));
#228 = CARTESIAN_POINT('',(6.212303435811,77.147668218895));
#229 = CARTESIAN_POINT('',(6.221125107908,76.957809595741));
#230 = CARTESIAN_POINT('',(6.231421257451,76.788690946974));
#231 = CARTESIAN_POINT('',(6.243052695149,76.650506013502));
#232 = CARTESIAN_POINT('',(6.255779454755,76.551933552369));
#233 = CARTESIAN_POINT('',(6.269285397444,76.5));
#234 = CARTESIAN_POINT('',(6.28318530718,76.5));
#235 = ( GEOMETRIC_REPRESENTATION_CONTEXT(2) 
PARAMETRIC_REPRESENTATION_CONTEXT() REPRESENTATION_CONTEXT('2D SPACE',''
  ) );
#236 = PCURVE('',#113,#237);
#237 = DEFINITIONAL_REPRESENTATION('',(#238),#253);
#238 = B_SPLINE_CURVE_WITH_KNOTS('',7,(#239,#240,#241,#242,#243,#244,
    #245,#246,#247,#248,#249,#250,#251,#252),.UNSPECIFIED.,.F.,.F.,(8,6,
    8),(0.,0.51144505805,1.),.UNSPECIFIED.);
#239 = CARTESIAN_POINT('',(0.,9.86943652456));
#240 = CARTESIAN_POINT('',(9.946429688016E-02,9.86943652456));
#241 = CARTESIAN_POINT('',(0.198833446229,9.872458600386));
#242 = CARTESIAN_POINT('',(0.298951388649,9.878493053765));
#243 = CARTESIAN_POINT('',(0.400564145493,9.88738531789));
#244 = CARTESIAN_POINT('',(0.504461036617,9.89882379275));
#245 = CARTESIAN_POINT('',(0.611447701594,9.912225449103));
#246 = CARTESIAN_POINT('',(0.828711720442,9.940378034955));
#247 = CARTESIAN_POINT('',(0.941542946713,9.955419497618));
#248 = CARTESIAN_POINT('',(1.059485842706,9.97062696635));
#249 = CARTESIAN_POINT('',(1.181684113141,9.984322820174));
#250 = CARTESIAN_POINT('',(1.307700284114,9.994590138495));
#251 = CARTESIAN_POINT('',(1.437357193334,10.));
#252 = CARTESIAN_POINT('',(1.570796326795,10.));
#253 = ( GEOMETRIC_REPRESENTATION_CONTEXT(2) 
PARAMETRIC_REPRESENTATION_CONTEXT() REPRESENTATION_CONTEXT('2D SPACE',''
  ) );
#254 = ORIENTED_EDGE('',*,*,#255,.F.);
#255 = EDGE_CURVE('',#22,#200,#256,.T.);
#256 = SURFACE_CURVE('',#257,(#272,#290),.PCURVE_S1.);
#257 = B_SPLINE_CURVE_WITH_KNOTS('',7,(#258,#259,#260,#261,#262,#263,
    #264,#265,#266,#267,#268,#269,#270,#271),.UNSPECIFIED.,.F.,.F.,(8,6,
    8),(0.,0.448503010786,1.),.UNSPECIFIED.);
#258 = CARTESIAN_POINT('',(4.3065E+03,-3.996802888651E-15,926.));
#259 = CARTESIAN_POINT('',(4.3065E+03,-0.305236301477,926.));
#260 = CARTESIAN_POINT('',(4.306456521363E+03,-0.603491019602,
    926.00452911488));
#261 = CARTESIAN_POINT('',(4.306373141988E+03,-0.887124967673,
    926.01321397385));
#262 = CARTESIAN_POINT('',(4.306255091395E+03,-1.149557052593,
    926.02502148158));
#263 = CARTESIAN_POINT('',(4.306109145463E+03,-1.385617092104,
    926.0384819546));
#264 = CARTESIAN_POINT('',(4.305943521353E+03,-1.59201255259,
    926.05221191544));
#265 = CARTESIAN_POINT('',(4.305551652411E+03,-1.983881494715,
    926.08115440733));
#266 = CARTESIAN_POINT('',(4.305314075938E+03,-2.159812027393,
    926.09643731123));
#267 = CARTESIAN_POINT('',(4.305062661191E+03,-2.297530978011,
    926.1096606033));
#268 = CARTESIAN_POINT('',(4.30480241917E+03,-2.39914876705,
    926.12000040153));
#269 = CARTESIAN_POINT('',(4.304536847434E+03,-2.466334459722,
    926.12703753167));
#270 = CARTESIAN_POINT('',(4.304268594667E+03,-2.5,926.13056347544));
#271 = CARTESIAN_POINT('',(4.304E+03,-2.5,926.13056347544));
#272 = PCURVE('',#32,#273);
#273 = DEFINITIONAL_REPRESENTATION('',(#274),#289);
#274 = B_SPLINE_CURVE_WITH_KNOTS('',7,(#275,#276,#277,#278,#279,#280,
    #281,#282,#283,#284,#285,#286,#287,#288),.UNSPECIFIED.,.F.,.F.,(8,6,
    8),(0.,0.448503010786,1.),.UNSPECIFIED.);
#275 = CARTESIAN_POINT('',(6.28318530718,81.5));
#276 = CARTESIAN_POINT('',(6.270467127951,81.5));
#277 = CARTESIAN_POINT('',(6.258039844634,81.456521362951));
#278 = CARTESIAN_POINT('',(6.246218422291,81.373141988335));
#279 = CARTESIAN_POINT('',(6.235274307523,81.255091395327));
#280 = CARTESIAN_POINT('',(6.225423217068,81.109145462821));
#281 = CARTESIAN_POINT('',(6.216804631643,80.943521353343));
#282 = CARTESIAN_POINT('',(6.200432285821,80.551652411218));
#283 = CARTESIAN_POINT('',(6.193074855027,80.314075938476));
#284 = CARTESIAN_POINT('',(6.187310368449,80.062661190737));
#285 = CARTESIAN_POINT('',(6.183054457547,79.802419170151));
#286 = CARTESIAN_POINT('',(6.180239737594,79.536847433665));
#287 = CARTESIAN_POINT('',(6.178829334591,79.268594667436));
#288 = CARTESIAN_POINT('',(6.178829334591,79.));
#289 = ( GEOMETRIC_REPRESENTATION_CONTEXT(2) 
PARAMETRIC_REPRESENTATION_CONTEXT() REPRESENTATION_CONTEXT('2D SPACE',''
  ) );
#290 = PCURVE('',#113,#291);
#291 = DEFINITIONAL_REPRESENTATION('',(#292),#307);
#292 = B_SPLINE_CURVE_WITH_KNOTS('',7,(#293,#294,#295,#296,#297,#298,
    #299,#300,#301,#302,#303,#304,#305,#306),.UNSPECIFIED.,.F.,.F.,(8,6,
    8),(0.,0.448503010786,1.),.UNSPECIFIED.);
#293 = CARTESIAN_POINT('',(4.712388980385,10.));
#294 = CARTESIAN_POINT('',(4.834483500975,10.));
#295 = CARTESIAN_POINT('',(4.953785256712,9.995470885117));
#296 = CARTESIAN_POINT('',(5.07021222673,9.986786026141));
#297 = CARTESIAN_POINT('',(5.183490272205,9.974978518412));
#298 = CARTESIAN_POINT('',(5.293142304915,9.961518045396));
#299 = CARTESIAN_POINT('',(5.398365441118,9.947788084553));
#300 = CARTESIAN_POINT('',(5.620039990169,9.918845592667));
#301 = CARTESIAN_POINT('',(5.736997709827,9.903562688769));
#302 = CARTESIAN_POINT('',(5.850043811126,9.890339396698));
#303 = CARTESIAN_POINT('',(5.960190667231,9.879999598465));
#304 = CARTESIAN_POINT('',(6.068446725715,9.87296246833));
#305 = CARTESIAN_POINT('',(6.175747440205,9.86943652456));
#306 = CARTESIAN_POINT('',(6.28318530718,9.86943652456));
#307 = ( GEOMETRIC_REPRESENTATION_CONTEXT(2) 
PARAMETRIC_REPRESENTATION_CONTEXT() REPRESENTATION_CONTEXT('2D SPACE',''
  ) );
#308 = ORIENTED_EDGE('',*,*,#21,.T.);
#309 = ORIENTED_EDGE('',*,*,#310,.F.);
#310 = EDGE_CURVE('',#311,#24,#313,.T.);
#311 = VERTEX_POINT('',#312);
#312 = CARTESIAN_POINT('',(4.323E+03,-2.25,973.89429848311));
#313 = SURFACE_CURVE('',#314,(#319,#326),.PCURVE_S1.);
#314 = CIRCLE('',#315,24.);
#315 = AXIS2_PLACEMENT_3D('',#316,#317,#318);
#316 = CARTESIAN_POINT('',(4.323E+03,0.,950.));
#317 = DIRECTION('',(1.,-0.,2.22044604925E-16));
#318 = DIRECTION('',(2.22044604925E-16,0.,-1.));
#319 = PCURVE('',#32,#320);
#320 = DEFINITIONAL_REPRESENTATION('',(#321),#325);
#321 = LINE('',#322,#323);
#322 = CARTESIAN_POINT('',(0.,98.));
#323 = VECTOR('',#324,1.);
#324 = DIRECTION('',(1.,0.));
#325 = ( GEOMETRIC_REPRESENTATION_CONTEXT(2) 
PARAMETRIC_REPRESENTATION_CONTEXT() REPRESENTATION_CONTEXT('2D SPACE',''
  ) );
#326 = PCURVE('',#327,#332);
#327 = PLANE('',#328);
#328 = AXIS2_PLACEMENT_3D('',#329,#330,#331);
#329 = CARTESIAN_POINT('',(4.323E+03,0.,950.));
#330 = DIRECTION('',(1.,0.,2.22044604925E-16));
#331 = DIRECTION('',(2.22044604925E-16,0.,-1.));
#332 = DEFINITIONAL_REPRESENTATION('',(#333),#337);
#333 = CIRCLE('',#334,24.);
#334 = AXIS2_PLACEMENT_2D('',#335,#336);
#335 = CARTESIAN_POINT('',(0.,0.));
#336 = DIRECTION('',(1.,0.));
#337 = ( GEOMETRIC_REPRESENTATION_CONTEXT(2) 
PARAMETRIC_REPRESENTATION_CONTEXT() REPRESENTATION_CONTEXT('2D SPACE',''
  ) );
#338 = ORIENTED_EDGE('',*,*,#339,.T.);
#339 = EDGE_CURVE('',#311,#340,#342,.T.);
#340 = VERTEX_POINT('',#341);
#341 = CARTESIAN_POINT('',(4.3005E+03,-2.25,973.89429848311));
#342 = SURFACE_CURVE('',#343,(#347,#354),.PCURVE_S1.);
#343 = LINE('',#344,#345);
#344 = CARTESIAN_POINT('',(4.323E+03,-2.25,973.89429848311));
#345 = VECTOR('',#346,1.);
#346 = DIRECTION('',(-1.,-3.355340696645E-16,0.));
#347 = PCURVE('',#32,#348);
#348 = DEFINITIONAL_REPRESENTATION('',(#349),#353);
#349 = LINE('',#350,#351);
#350 = CARTESIAN_POINT('',(3.235480528697,98.));
#351 = VECTOR('',#352,1.);
#352 = DIRECTION('',(-0.,-1.));
#353 = ( GEOMETRIC_REPRESENTATION_CONTEXT(2) 
PARAMETRIC_REPRESENTATION_CONTEXT() REPRESENTATION_CONTEXT('2D SPACE',''
  ) );
#354 = PCURVE('',#355,#360);
#355 = PLANE('',#356);
#356 = AXIS2_PLACEMENT_3D('',#357,#358,#359);
#357 = CARTESIAN_POINT('',(4.3005E+03,-2.25,970.));
#358 = DIRECTION('',(-0.,1.,0.));
#359 = DIRECTION('',(0.,0.,1.));
#360 = DEFINITIONAL_REPRESENTATION('',(#361),#365);
#361 = LINE('',#362,#363);
#362 = CARTESIAN_POINT('',(3.894298483111,22.5));
#363 = VECTOR('',#364,1.);
#364 = DIRECTION('',(0.,-1.));
#365 = ( GEOMETRIC_REPRESENTATION_CONTEXT(2) 
PARAMETRIC_REPRESENTATION_CONTEXT() REPRESENTATION_CONTEXT('2D SPACE',''
  ) );
#366 = ORIENTED_EDGE('',*,*,#367,.F.);
#367 = EDGE_CURVE('',#368,#340,#370,.T.);
#368 = VERTEX_POINT('',#369);
#369 = CARTESIAN_POINT('',(4.3005E+03,2.25,973.89429848311));
#370 = SURFACE_CURVE('',#371,(#376,#383),.PCURVE_S1.);
#371 = CIRCLE('',#372,24.);
#372 = AXIS2_PLACEMENT_3D('',#373,#374,#375);
#373 = CARTESIAN_POINT('',(4.3005E+03,0.,950.));
#374 = DIRECTION('',(1.,0.,2.22044604925E-16));
#375 = DIRECTION('',(2.22044604925E-16,0.,-1.));
#376 = PCURVE('',#32,#377);
#377 = DEFINITIONAL_REPRESENTATION('',(#378),#382);
#378 = LINE('',#379,#380);
#379 = CARTESIAN_POINT('',(0.,75.5));
#380 = VECTOR('',#381,1.);
#381 = DIRECTION('',(1.,0.));
#382 = ( GEOMETRIC_REPRESENTATION_CONTEXT(2) 
PARAMETRIC_REPRESENTATION_CONTEXT() REPRESENTATION_CONTEXT('2D SPACE',''
  ) );
#383 = PCURVE('',#384,#389);
#384 = PLANE('',#385);
#385 = AXIS2_PLACEMENT_3D('',#386,#387,#388);
#386 = CARTESIAN_POINT('',(4.3005E+03,-2.25,970.));
#387 = DIRECTION('',(1.,0.,-0.));
#388 = DIRECTION('',(0.,0.,1.));
#389 = DEFINITIONAL_REPRESENTATION('',(#390),#394);
#390 = CIRCLE('',#391,24.);
#391 = AXIS2_PLACEMENT_2D('',#392,#393);
#392 = CARTESIAN_POINT('',(-20.,-2.25));
#393 = DIRECTION('',(-1.,0.));
#394 = ( GEOMETRIC_REPRESENTATION_CONTEXT(2) 
PARAMETRIC_REPRESENTATION_CONTEXT() REPRESENTATION_CONTEXT('2D SPACE',''
  ) );
#395 = ORIENTED_EDGE('',*,*,#396,.T.);
#396 = EDGE_CURVE('',#368,#397,#399,.T.);
#397 = VERTEX_POINT('',#398);
#398 = CARTESIAN_POINT('',(4.323E+03,2.25,973.89429848311));
#399 = SURFACE_CURVE('',#400,(#404,#411),.PCURVE_S1.);
#400 = LINE('',#401,#402);
#401 = CARTESIAN_POINT('',(4.3005E+03,2.25,973.89429848311));
#402 = VECTOR('',#403,1.);
#403 = DIRECTION('',(1.,-7.894919286223E-17,0.));
#404 = PCURVE('',#32,#405);
#405 = DEFINITIONAL_REPRESENTATION('',(#406),#410);
#406 = LINE('',#407,#408);
#407 = CARTESIAN_POINT('',(3.047704778482,75.5));
#408 = VECTOR('',#409,1.);
#409 = DIRECTION('',(0.,1.));
#410 = ( GEOMETRIC_REPRESENTATION_CONTEXT(2) 
PARAMETRIC_REPRESENTATION_CONTEXT() REPRESENTATION_CONTEXT('2D SPACE',''
  ) );
#411 = PCURVE('',#412,#417);
#412 = PLANE('',#413);
#413 = AXIS2_PLACEMENT_3D('',#414,#415,#416);
#414 = CARTESIAN_POINT('',(4.3005E+03,2.25,970.));
#415 = DIRECTION('',(-0.,1.,0.));
#416 = DIRECTION('',(0.,0.,1.));
#417 = DEFINITIONAL_REPRESENTATION('',(#418),#422);
#418 = LINE('',#419,#420);
#419 = CARTESIAN_POINT('',(3.894298483111,0.));
#420 = VECTOR('',#421,1.);
#421 = DIRECTION('',(0.,1.));
#422 = ( GEOMETRIC_REPRESENTATION_CONTEXT(2) 
PARAMETRIC_REPRESENTATION_CONTEXT() REPRESENTATION_CONTEXT('2D SPACE',''
  ) );
#423 = ORIENTED_EDGE('',*,*,#424,.F.);
#424 = EDGE_CURVE('',#24,#397,#425,.T.);
#425 = SURFACE_CURVE('',#426,(#431,#438),.PCURVE_S1.);
#426 = CIRCLE('',#427,24.);
#427 = AXIS2_PLACEMENT_3D('',#428,#429,#430);
#428 = CARTESIAN_POINT('',(4.323E+03,0.,950.));
#429 = DIRECTION('',(1.,-0.,2.22044604925E-16));
#430 = DIRECTION('',(2.22044604925E-16,0.,-1.));
#431 = PCURVE('',#32,#432);
#432 = DEFINITIONAL_REPRESENTATION('',(#433),#437);
#433 = LINE('',#434,#435);
#434 = CARTESIAN_POINT('',(0.,98.));
#435 = VECTOR('',#436,1.);
#436 = DIRECTION('',(1.,0.));
#437 = ( GEOMETRIC_REPRESENTATION_CONTEXT(2) 
PARAMETRIC_REPRESENTATION_CONTEXT() REPRESENTATION_CONTEXT('2D SPACE',''
  ) );
#438 = PCURVE('',#327,#439);
#439 = DEFINITIONAL_REPRESENTATION('',(#440),#444);
#440 = CIRCLE('',#441,24.);
#441 = AXIS2_PLACEMENT_2D('',#442,#443);
#442 = CARTESIAN_POINT('',(0.,0.));
#443 = DIRECTION('',(1.,0.));
#444 = ( GEOMETRIC_REPRESENTATION_CONTEXT(2) 
PARAMETRIC_REPRESENTATION_CONTEXT() REPRESENTATION_CONTEXT('2D SPACE',''
  ) );
#445 = FACE_BOUND('',#446,.T.);
#446 = EDGE_LOOP('',(#447));
#447 = ORIENTED_EDGE('',*,*,#448,.F.);
#448 = EDGE_CURVE('',#449,#449,#451,.T.);
#449 = VERTEX_POINT('',#450);
#450 = CARTESIAN_POINT('',(4.255E+03,22.956480566501,957.));
#451 = SURFACE_CURVE('',#452,(#515,#581),.PCURVE_S1.);
#452 = B_SPLINE_CURVE_WITH_KNOTS('',7,(#453,#454,#455,#456,#457,#458,
    #459,#460,#461,#462,#463,#464,#465,#466,#467,#468,#469,#470,#471,
    #472,#473,#474,#475,#476,#477,#478,#479,#480,#481,#482,#483,#484,
    #485,#486,#487,#488,#489,#490,#491,#492,#493,#494,#495,#496,#497,
    #498,#499,#500,#501,#502,#503,#504,#505,#506,#507,#508,#509,#510,
    #511,#512,#513,#514),.UNSPECIFIED.,.T.,.F.,(8,6,6,6,6,6,6,6,6,6,8),(
    0.,0.112405458317,0.208577487438,0.291422512561,0.387594541681,
    0.499999999999,0.612405458317,0.708577487438,0.791422512561,
    0.887594541682,1.),.UNSPECIFIED.);
#453 = CARTESIAN_POINT('',(4.255E+03,22.956480566498,957.));
#454 = CARTESIAN_POINT('',(4.255612140909E+03,22.956480566498,957.));
#455 = CARTESIAN_POINT('',(4.256223603558E+03,22.975523755722,
    956.93754805028));
#456 = CARTESIAN_POINT('',(4.256830446327E+03,23.013535645447,
    956.81288745182));
#457 = CARTESIAN_POINT('',(4.257428522284E+03,23.069599916453,
    956.6251901982));
#458 = CARTESIAN_POINT('',(4.258013023603E+03,23.141925573358,
    956.37273050453));
#459 = CARTESIAN_POINT('',(4.258577821031E+03,23.227607426523,
    956.0530367057));
#460 = CARTESIAN_POINT('',(4.259573666589E+03,23.403293596533,
    955.32951255667));
#461 = CARTESIAN_POINT('',(4.260014393513E+03,23.491264381697,
    954.9429441047));
#462 = CARTESIAN_POINT('',(4.260430241904E+03,23.583440785336,
    954.5012602448));
#463 = CARTESIAN_POINT('',(4.260813255109E+03,23.676040479595,
    954.0027040284));
#464 = CARTESIAN_POINT('',(4.261153763414E+03,23.764173140816,
    953.4462423747));
#465 = CARTESIAN_POINT('',(4.261440013557E+03,23.841773959034,
    952.83215213962));
#466 = CARTESIAN_POINT('',(4.261844654032E+03,23.95447647862,
    951.58679681136));
#467 = CARTESIAN_POINT('',(4.261980884723E+03,23.993997786549,
    950.96946865917));
#468 = CARTESIAN_POINT('',(4.262052327072E+03,24.015496819838,
    950.3261427471));
#469 = CARTESIAN_POINT('',(4.262052327072E+03,24.015496819837,
    949.67385725289));
#470 = CARTESIAN_POINT('',(4.261980884723E+03,23.99399778655,
    949.03053134082));
#471 = CARTESIAN_POINT('',(4.261844654032E+03,23.95447647862,
    948.41320318863));
#472 = CARTESIAN_POINT('',(4.261440013557E+03,23.841773959034,
    947.16784786037));
#473 = CARTESIAN_POINT('',(4.261153763414E+03,23.764173140816,
    946.55375762529));
#474 = CARTESIAN_POINT('',(4.260813255109E+03,23.676040479595,
    945.99729597159));
#475 = CARTESIAN_POINT('',(4.260430241904E+03,23.583440785335,
    945.49873975519));
#476 = CARTESIAN_POINT('',(4.260014393513E+03,23.491264381697,
    945.0570558953));
#477 = CARTESIAN_POINT('',(4.259573666589E+03,23.403293596533,
    944.67048744333));
#478 = CARTESIAN_POINT('',(4.258577821031E+03,23.227607426523,
    943.94696329429));
#479 = CARTESIAN_POINT('',(4.258013023603E+03,23.141925573359,
    943.62726949546));
#480 = CARTESIAN_POINT('',(4.257428522284E+03,23.069599916452,
    943.37480980179));
#481 = CARTESIAN_POINT('',(4.256830446327E+03,23.013535645447,
    943.18711254817));
#482 = CARTESIAN_POINT('',(4.256223603558E+03,22.975523755722,
    943.06245194971));
#483 = CARTESIAN_POINT('',(4.255612140909E+03,22.956480566498,943.));
#484 = CARTESIAN_POINT('',(4.254387859091E+03,22.956480566498,943.));
#485 = CARTESIAN_POINT('',(4.253776396442E+03,22.975523755722,
    943.06245194971));
#486 = CARTESIAN_POINT('',(4.253169553673E+03,23.013535645447,
    943.18711254817));
#487 = CARTESIAN_POINT('',(4.252571477716E+03,23.069599916452,
    943.37480980179));
#488 = CARTESIAN_POINT('',(4.251986976397E+03,23.141925573359,
    943.62726949546));
#489 = CARTESIAN_POINT('',(4.251422178969E+03,23.227607426523,
    943.94696329429));
#490 = CARTESIAN_POINT('',(4.250426333411E+03,23.403293596533,
    944.67048744333));
#491 = CARTESIAN_POINT('',(4.249985606487E+03,23.491264381697,
    945.05705589529));
#492 = CARTESIAN_POINT('',(4.249569758096E+03,23.583440785336,
    945.4987397552));
#493 = CARTESIAN_POINT('',(4.249186744891E+03,23.676040479595,
    945.99729597159));
#494 = CARTESIAN_POINT('',(4.248846236586E+03,23.764173140816,
    946.55375762529));
#495 = CARTESIAN_POINT('',(4.248559986443E+03,23.841773959034,
    947.16784786037));
#496 = CARTESIAN_POINT('',(4.248155345968E+03,23.95447647862,
    948.41320318863));
#497 = CARTESIAN_POINT('',(4.248019115277E+03,23.993997786549,
    949.03053134082));
#498 = CARTESIAN_POINT('',(4.247947672928E+03,24.015496819838,
    949.67385725289));
#499 = CARTESIAN_POINT('',(4.247947672928E+03,24.015496819838,
    950.3261427471));
#500 = CARTESIAN_POINT('',(4.248019115277E+03,23.993997786549,
    950.96946865917));
#501 = CARTESIAN_POINT('',(4.248155345968E+03,23.95447647862,
    951.58679681136));
#502 = CARTESIAN_POINT('',(4.248559986443E+03,23.841773959034,
    952.83215213962));
#503 = CARTESIAN_POINT('',(4.248846236586E+03,23.764173140816,
    953.4462423747));
#504 = CARTESIAN_POINT('',(4.249186744891E+03,23.676040479594,
    954.00270402841));
#505 = CARTESIAN_POINT('',(4.249569758096E+03,23.583440785336,
    954.50126024479));
#506 = CARTESIAN_POINT('',(4.249985606487E+03,23.491264381697,
    954.9429441047));
#507 = CARTESIAN_POINT('',(4.250426333411E+03,23.403293596533,
    955.32951255666));
#508 = CARTESIAN_POINT('',(4.251422178969E+03,23.227607426523,
    956.0530367057));
#509 = CARTESIAN_POINT('',(4.251986976397E+03,23.141925573359,
    956.37273050453));
#510 = CARTESIAN_POINT('',(4.252571477716E+03,23.069599916452,
    956.6251901982));
#511 = CARTESIAN_POINT('',(4.253169553673E+03,23.013535645447,
    956.81288745182));
#512 = CARTESIAN_POINT('',(4.253776396442E+03,22.975523755722,
    956.93754805028));
#513 = CARTESIAN_POINT('',(4.254387859091E+03,22.956480566498,957.));
#514 = CARTESIAN_POINT('',(4.255E+03,22.956480566498,957.));
#515 = PCURVE('',#32,#516);
#516 = DEFINITIONAL_REPRESENTATION('',(#517),#580);
#517 = B_SPLINE_CURVE_WITH_KNOTS('',7,(#518,#519,#520,#521,#522,#523,
    #524,#525,#526,#527,#528,#529,#530,#531,#532,#533,#534,#535,#536,
    #537,#538,#539,#540,#541,#542,#543,#544,#545,#546,#547,#548,#549,
    #550,#551,#552,#553,#554,#555,#556,#557,#558,#559,#560,#561,#562,
    #563,#564,#565,#566,#567,#568,#569,#570,#571,#572,#573,#574,#575,
    #576,#577,#578,#579),.UNSPECIFIED.,.T.,.F.,(8,6,6,6,6,6,6,6,6,6,8),(
    0.,0.112405458317,0.208577487438,0.291422512561,0.387594541681,
    0.499999999999,0.612405458317,0.708577487438,0.791422512561,
    0.887594541682,1.),.UNSPECIFIED.);
#518 = CARTESIAN_POINT('',(1.866765130154,30.));
#519 = CARTESIAN_POINT('',(1.866765130154,30.612140908908));
#520 = CARTESIAN_POINT('',(1.864044682265,31.223603558002));
#521 = CARTESIAN_POINT('',(1.858614371485,31.83044632683));
#522 = CARTESIAN_POINT('',(1.850452396963,32.428522283843));
#523 = CARTESIAN_POINT('',(1.839511570228,33.013023603455));
#524 = CARTESIAN_POINT('',(1.825724732819,33.577821031252));
#525 = CARTESIAN_POINT('',(1.794701868699,34.573666589004));
#526 = CARTESIAN_POINT('',(1.778184758775,35.0143935127));
#527 = CARTESIAN_POINT('',(1.759389955087,35.43024190432));
#528 = CARTESIAN_POINT('',(1.738271812318,35.813255109413));
#529 = CARTESIAN_POINT('',(1.714813429024,36.15376341426));
#530 = CARTESIAN_POINT('',(1.68903906144,36.440013556777));
#531 = CARTESIAN_POINT('',(1.636937202209,36.844654031737));
#532 = CARTESIAN_POINT('',(1.611171465512,36.980884723026));
#533 = CARTESIAN_POINT('',(1.584371672247,37.052327071941));
#534 = CARTESIAN_POINT('',(1.557220981343,37.052327071939));
#535 = CARTESIAN_POINT('',(1.530421188078,36.980884723028));
#536 = CARTESIAN_POINT('',(1.504655451381,36.844654031737));
#537 = CARTESIAN_POINT('',(1.45255359215,36.440013556777));
#538 = CARTESIAN_POINT('',(1.426779224566,36.153763414259));
#539 = CARTESIAN_POINT('',(1.403320841271,35.813255109414));
#540 = CARTESIAN_POINT('',(1.382202698503,35.430241904319));
#541 = CARTESIAN_POINT('',(1.363407894815,35.0143935127));
#542 = CARTESIAN_POINT('',(1.346890784891,34.573666589005));
#543 = CARTESIAN_POINT('',(1.315867920771,33.577821031251));
#544 = CARTESIAN_POINT('',(1.302081083362,33.013023603457));
#545 = CARTESIAN_POINT('',(1.291140256627,32.428522283839));
#546 = CARTESIAN_POINT('',(1.282978282105,31.830446326834));
#547 = CARTESIAN_POINT('',(1.277547971325,31.223603558));
#548 = CARTESIAN_POINT('',(1.274827523436,30.612140908909));
#549 = CARTESIAN_POINT('',(1.274827523436,29.387859091091));
#550 = CARTESIAN_POINT('',(1.277547971325,28.776396442));
#551 = CARTESIAN_POINT('',(1.282978282105,28.169553673167));
#552 = CARTESIAN_POINT('',(1.291140256627,27.571477716161));
#553 = CARTESIAN_POINT('',(1.302081083362,26.986976396543));
#554 = CARTESIAN_POINT('',(1.315867920771,26.422178968749));
#555 = CARTESIAN_POINT('',(1.346890784891,25.426333410995));
#556 = CARTESIAN_POINT('',(1.363407894815,24.985606487301));
#557 = CARTESIAN_POINT('',(1.382202698503,24.56975809568));
#558 = CARTESIAN_POINT('',(1.403320841271,24.186744890587));
#559 = CARTESIAN_POINT('',(1.426779224566,23.84623658574));
#560 = CARTESIAN_POINT('',(1.45255359215,23.559986443224));
#561 = CARTESIAN_POINT('',(1.504655451381,23.155345968263));
#562 = CARTESIAN_POINT('',(1.530421188078,23.019115276973));
#563 = CARTESIAN_POINT('',(1.557220981343,22.94767292806));
#564 = CARTESIAN_POINT('',(1.584371672247,22.94767292806));
#565 = CARTESIAN_POINT('',(1.611171465512,23.019115276973));
#566 = CARTESIAN_POINT('',(1.636937202209,23.155345968263));
#567 = CARTESIAN_POINT('',(1.68903906144,23.559986443224));
#568 = CARTESIAN_POINT('',(1.714813429024,23.846236585739));
#569 = CARTESIAN_POINT('',(1.738271812318,24.186744890588));
#570 = CARTESIAN_POINT('',(1.759389955087,24.569758095678));
#571 = CARTESIAN_POINT('',(1.778184758775,24.985606487302));
#572 = CARTESIAN_POINT('',(1.794701868699,25.426333410994));
#573 = CARTESIAN_POINT('',(1.825724732819,26.422178968748));
#574 = CARTESIAN_POINT('',(1.839511570228,26.986976396544));
#575 = CARTESIAN_POINT('',(1.850452396963,27.571477716159));
#576 = CARTESIAN_POINT('',(1.858614371485,28.169553673169));
#577 = CARTESIAN_POINT('',(1.864044682265,28.776396441998));
#578 = CARTESIAN_POINT('',(1.866765130154,29.387859091092));
#579 = CARTESIAN_POINT('',(1.866765130154,30.));
#580 = ( GEOMETRIC_REPRESENTATION_CONTEXT(2) 
PARAMETRIC_REPRESENTATION_CONTEXT() REPRESENTATION_CONTEXT('2D SPACE',''
  ) );
#581 = PCURVE('',#582,#587);
#582 = CYLINDRICAL_SURFACE('',#583,7.);
#583 = AXIS2_PLACEMENT_3D('',#584,#585,#586);
#584 = CARTESIAN_POINT('',(4.255E+03,20.3,950.));
#585 = DIRECTION('',(0.,1.,0.));
#586 = DIRECTION('',(0.,-0.,1.));
#587 = DEFINITIONAL_REPRESENTATION('',(#588),#651);
#588 = B_SPLINE_CURVE_WITH_KNOTS('',7,(#589,#590,#591,#592,#593,#594,
    #595,#596,#597,#598,#599,#600,#601,#602,#603,#604,#605,#606,#607,
    #608,#609,#610,#611,#612,#613,#614,#615,#616,#617,#618,#619,#620,
    #621,#622,#623,#624,#625,#626,#627,#628,#629,#630,#631,#632,#633,
    #634,#635,#636,#637,#638,#639,#640,#641,#642,#643,#644,#645,#646,
    #647,#648,#649,#650),.UNSPECIFIED.,.F.,.F.,(8,6,6,6,6,6,6,6,6,6,8),(
    0.,0.112405458317,0.208577487438,0.291422512561,0.387594541681,
    0.499999999999,0.612405458317,0.708577487438,0.791422512561,
    0.887594541682,1.),.UNSPECIFIED.);
#589 = CARTESIAN_POINT('',(0.,2.656480566498));
#590 = CARTESIAN_POINT('',(8.744870127258E-02,2.656480566498));
#591 = CARTESIAN_POINT('',(0.174800442231,2.675523755722));
#592 = CARTESIAN_POINT('',(0.262584854312,2.713535645447));
#593 = CARTESIAN_POINT('',(0.351289632488,2.769599916453));
#594 = CARTESIAN_POINT('',(0.441431389576,2.841925573358));
#595 = CARTESIAN_POINT('',(0.533551717849,2.927607426523));
#596 = CARTESIAN_POINT('',(0.709399261345,3.103293596533));
#597 = CARTESIAN_POINT('',(0.792795515758,3.191264381697));
#598 = CARTESIAN_POINT('',(0.878815958203,3.283440785336));
#599 = CARTESIAN_POINT('',(0.967779570723,3.376040479595));
#600 = CARTESIAN_POINT('',(1.060072105542,3.464173140816));
#601 = CARTESIAN_POINT('',(1.156142330796,3.541773959034));
#602 = CARTESIAN_POINT('',(1.343205771285,3.65447647862));
#603 = CARTESIAN_POINT('',(1.433093165296,3.693997786549));
#604 = CARTESIAN_POINT('',(1.524712018861,3.715496819838));
#605 = CARTESIAN_POINT('',(1.61688063473,3.715496819837));
#606 = CARTESIAN_POINT('',(1.708499488293,3.69399778655));
#607 = CARTESIAN_POINT('',(1.798386882305,3.65447647862));
#608 = CARTESIAN_POINT('',(1.985450322794,3.541773959034));
#609 = CARTESIAN_POINT('',(2.081520548048,3.464173140816));
#610 = CARTESIAN_POINT('',(2.173813082867,3.376040479595));
#611 = CARTESIAN_POINT('',(2.262776695387,3.283440785335));
#612 = CARTESIAN_POINT('',(2.348797137831,3.191264381697));
#613 = CARTESIAN_POINT('',(2.432193392244,3.103293596533));
#614 = CARTESIAN_POINT('',(2.608040935741,2.927607426523));
#615 = CARTESIAN_POINT('',(2.700161264014,2.841925573359));
#616 = CARTESIAN_POINT('',(2.790303021102,2.769599916452));
#617 = CARTESIAN_POINT('',(2.879007799277,2.713535645447));
#618 = CARTESIAN_POINT('',(2.966792211359,2.675523755722));
#619 = CARTESIAN_POINT('',(3.054143952317,2.656480566498));
#620 = CARTESIAN_POINT('',(3.229041354862,2.656480566498));
#621 = CARTESIAN_POINT('',(3.316393095821,2.675523755722));
#622 = CARTESIAN_POINT('',(3.404177507903,2.713535645447));
#623 = CARTESIAN_POINT('',(3.492882286078,2.769599916452));
#624 = CARTESIAN_POINT('',(3.583024043166,2.841925573359));
#625 = CARTESIAN_POINT('',(3.675144371439,2.927607426523));
#626 = CARTESIAN_POINT('',(3.850991914935,3.103293596533));
#627 = CARTESIAN_POINT('',(3.934388169348,3.191264381697));
#628 = CARTESIAN_POINT('',(4.020408611793,3.283440785336));
#629 = CARTESIAN_POINT('',(4.109372224312,3.376040479595));
#630 = CARTESIAN_POINT('',(4.201664759132,3.464173140816));
#631 = CARTESIAN_POINT('',(4.297734984386,3.541773959034));
#632 = CARTESIAN_POINT('',(4.484798424875,3.65447647862));
#633 = CARTESIAN_POINT('',(4.574685818886,3.693997786549));
#634 = CARTESIAN_POINT('',(4.666304672451,3.715496819838));
#635 = CARTESIAN_POINT('',(4.758473288319,3.715496819838));
#636 = CARTESIAN_POINT('',(4.850092141884,3.693997786549));
#637 = CARTESIAN_POINT('',(4.939979535895,3.65447647862));
#638 = CARTESIAN_POINT('',(5.127042976384,3.541773959034));
#639 = CARTESIAN_POINT('',(5.223113201637,3.464173140816));
#640 = CARTESIAN_POINT('',(5.315405736457,3.376040479594));
#641 = CARTESIAN_POINT('',(5.404369348976,3.283440785336));
#642 = CARTESIAN_POINT('',(5.490389791421,3.191264381697));
#643 = CARTESIAN_POINT('',(5.573786045834,3.103293596533));
#644 = CARTESIAN_POINT('',(5.74963358933,2.927607426523));
#645 = CARTESIAN_POINT('',(5.841753917604,2.841925573359));
#646 = CARTESIAN_POINT('',(5.931895674692,2.769599916452));
#647 = CARTESIAN_POINT('',(6.020600452867,2.713535645447));
#648 = CARTESIAN_POINT('',(6.108384864948,2.675523755722));
#649 = CARTESIAN_POINT('',(6.195736605907,2.656480566498));
#650 = CARTESIAN_POINT('',(6.28318530718,2.656480566498));
#651 = ( GEOMETRIC_REPRESENTATION_CONTEXT(2) 
PARAMETRIC_REPRESENTATION_CONTEXT() REPRESENTATION_CONTEXT('2D SPACE',''
  ) );
#652 = FACE_BOUND('',#653,.T.);
#653 = EDGE_LOOP('',(#654));
#654 = ORIENTED_EDGE('',*,*,#655,.F.);
#655 = EDGE_CURVE('',#656,#656,#658,.T.);
#656 = VERTEX_POINT('',#657);
#657 = CARTESIAN_POINT('',(4.304E+03,15.110473476652,931.35399261741));
#658 = SURFACE_CURVE('',#659,(#711,#766),.PCURVE_S1.);
#659 = B_SPLINE_CURVE_WITH_KNOTS('',8,(#660,#661,#662,#663,#664,#665,
    #666,#667,#668,#669,#670,#671,#672,#673,#674,#675,#676,#677,#678,
    #679,#680,#681,#682,#683,#684,#685,#686,#687,#688,#689,#690,#691,
    #692,#693,#694,#695,#696,#697,#698,#699,#700,#701,#702,#703,#704,
    #705,#706,#707,#708,#709,#710),.UNSPECIFIED.,.T.,.F.,(9,7,7,7,7,7,7,
    9),(0.,0.15496379153,0.286429380426,0.41147771831,0.569087335997,
    0.707459978172,0.82766775314,1.),.UNSPECIFIED.);
#660 = CARTESIAN_POINT('',(4.304E+03,15.110473476652,931.35399261741));
#661 = CARTESIAN_POINT('',(4.3037394235E+03,15.110473476652,
    931.35399261741));
#662 = CARTESIAN_POINT('',(4.303479250455E+03,15.134721030487,
    931.37364278644));
#663 = CARTESIAN_POINT('',(4.303221405724E+03,15.183083890707,
    931.41283433505));
#664 = CARTESIAN_POINT('',(4.302968018157E+03,15.255955537905,
    931.47218260236));
#665 = CARTESIAN_POINT('',(4.302721911492E+03,15.354039326631,
    931.55283032088));
#666 = CARTESIAN_POINT('',(4.302486915765E+03,15.478143823757,
    931.65638583128));
#667 = CARTESIAN_POINT('',(4.302268311245E+03,15.628898004873,
    931.78481066311));
#668 = CARTESIAN_POINT('',(4.301908630192E+03,15.956792047288,
    932.07178797766));
#669 = CARTESIAN_POINT('',(4.301754412013E+03,16.132309213882,
    932.2279340262));
#670 = CARTESIAN_POINT('',(4.301624681362E+03,16.329427628656,
    932.40706460538));
#671 = CARTESIAN_POINT('',(4.301529641567E+03,16.542389328734,
    932.60581154396));
#672 = CARTESIAN_POINT('',(4.301476087012E+03,16.763774171161,
    932.81897850003));
#673 = CARTESIAN_POINT('',(4.301467291981E+03,16.985872788866,
    933.03987677334));
#674 = CARTESIAN_POINT('',(4.301502863577E+03,17.201475621874,
    933.26093875464));
#675 = CARTESIAN_POINT('',(4.30165052651E+03,17.597600967282,
    933.67814057329));
#676 = CARTESIAN_POINT('',(4.301756544669E+03,17.773281206899,
    933.86860794939));
#677 = CARTESIAN_POINT('',(4.301890067845E+03,17.930507532076,
    934.04362800807));
#678 = CARTESIAN_POINT('',(4.302045492238E+03,18.069161770856,
    934.20151155531));
#679 = CARTESIAN_POINT('',(4.302217896998E+03,18.189605740413,
    934.34124787416));
#680 = CARTESIAN_POINT('',(4.302402907191E+03,18.292467243209,
    934.46238527147));
#681 = CARTESIAN_POINT('',(4.302596627924E+03,18.378555120294,
    934.56494964685));
#682 = CARTESIAN_POINT('',(4.303046418072E+03,18.53737690661,
    934.75582642539));
#683 = CARTESIAN_POINT('',(4.30330822509E+03,18.601727461619,
    934.83459203279));
#684 = CARTESIAN_POINT('',(4.303576659505E+03,18.643619911243,
    934.88646846877));
#685 = CARTESIAN_POINT('',(4.303848611397E+03,18.664177153496,
    934.91207044075));
#686 = CARTESIAN_POINT('',(4.304121520477E+03,18.663922786625,
    934.91172291055));
#687 = CARTESIAN_POINT('',(4.304392988335E+03,18.642790821073,
    934.88539657229));
#688 = CARTESIAN_POINT('',(4.304660409663E+03,18.600091714805,
    934.83269050339));
#689 = CARTESIAN_POINT('',(4.305148490906E+03,18.476743641677,
    934.68274882749));
#690 = CARTESIAN_POINT('',(4.305372008757E+03,18.401075390137,
    934.59138482475));
#691 = CARTESIAN_POINT('',(4.305587705339E+03,18.30632057351,
    934.47809714744));
#692 = CARTESIAN_POINT('',(4.305791702997E+03,18.191263691663,
    934.34241200298));
#693 = CARTESIAN_POINT('',(4.305979217789E+03,18.054712561385,
    934.18424954402));
#694 = CARTESIAN_POINT('',(4.306144430084E+03,17.895586925138,
    934.00410830036));
#695 = CARTESIAN_POINT('',(4.306280228442E+03,17.713205786995,
    933.80332387287));
#696 = CARTESIAN_POINT('',(4.306462266269E+03,17.329804515847,
    933.39440517682));
#697 = CARTESIAN_POINT('',(4.306516623887E+03,17.137108225513,
    933.19361145263));
#698 = CARTESIAN_POINT('',(4.306534703874E+03,16.93472373333,
    932.98833570347));
#699 = CARTESIAN_POINT('',(4.306514006664E+03,16.728601585569,
    932.78536666716));
#700 = CARTESIAN_POINT('',(4.306455430079E+03,16.525434301247,
    932.59117617642));
#701 = CARTESIAN_POINT('',(4.306363177467E+03,16.332064289729,
    932.41121172095));
#702 = CARTESIAN_POINT('',(4.306244720916E+03,16.154426582757,
    932.24953072357));
#703 = CARTESIAN_POINT('',(4.305918856541E+03,15.771043977664,
    931.90674281948));
#704 = CARTESIAN_POINT('',(4.305688287539E+03,15.578437321831,
    931.74039358337));
#705 = CARTESIAN_POINT('',(4.305432261918E+03,15.419990526985,
    931.60716366184));
#706 = CARTESIAN_POINT('',(4.305159459014E+03,15.295066148142,
    931.50405129138));
#707 = CARTESIAN_POINT('',(4.304876015007E+03,15.202505172418,
    931.4285748405));
#708 = CARTESIAN_POINT('',(4.304586266982E+03,15.14120233489,
    931.37889467244));
#709 = CARTESIAN_POINT('',(4.304293340902E+03,15.110473476652,
    931.35399261741));
#710 = CARTESIAN_POINT('',(4.304E+03,15.110473476652,931.35399261741));
#711 = PCURVE('',#32,#712);
#712 = DEFINITIONAL_REPRESENTATION('',(#713),#765);
#713 = B_SPLINE_CURVE_WITH_KNOTS('',8,(#714,#715,#716,#717,#718,#719,
    #720,#721,#722,#723,#724,#725,#726,#727,#728,#729,#730,#731,#732,
    #733,#734,#735,#736,#737,#738,#739,#740,#741,#742,#743,#744,#745,
    #746,#747,#748,#749,#750,#751,#752,#753,#754,#755,#756,#757,#758,
    #759,#760,#761,#762,#763,#764),.UNSPECIFIED.,.T.,.F.,(9,7,7,7,7,7,7,
    9),(0.,0.15496379153,0.286429380426,0.41147771831,0.569087335997,
    0.707459978172,0.82766775314,1.),.UNSPECIFIED.);
#714 = CARTESIAN_POINT('',(0.681042190809,79.));
#715 = CARTESIAN_POINT('',(0.681042190809,78.739423499768));
#716 = CARTESIAN_POINT('',(0.682342613393,78.479250454655));
#717 = CARTESIAN_POINT('',(0.684936324292,78.221405724279));
#718 = CARTESIAN_POINT('',(0.688852199011,77.968018157454));
#719 = CARTESIAN_POINT('',(0.694143000042,77.721911492103));
#720 = CARTESIAN_POINT('',(0.700877340741,77.4869157655));
#721 = CARTESIAN_POINT('',(0.70912826167,77.268311245462));
#722 = CARTESIAN_POINT('',(0.727284149246,76.908630191956));
#723 = CARTESIAN_POINT('',(0.737072199769,76.754412012956));
#724 = CARTESIAN_POINT('',(0.748169159204,76.62468136219));
#725 = CARTESIAN_POINT('',(0.760304195664,76.529641567198));
#726 = CARTESIAN_POINT('',(0.773106281467,76.476087012103));
#727 = CARTESIAN_POINT('',(0.786155745666,76.467291980573));
#728 = CARTESIAN_POINT('',(0.799020953004,76.502863576789));
#729 = CARTESIAN_POINT('',(0.822991878925,76.650526509736));
#730 = CARTESIAN_POINT('',(0.833787269942,76.75654466878));
#731 = CARTESIAN_POINT('',(0.84358891056,76.890067845128));
#732 = CARTESIAN_POINT('',(0.85234320188,77.045492238372));
#733 = CARTESIAN_POINT('',(0.86002944312,77.217896998023));
#734 = CARTESIAN_POINT('',(0.866650808775,77.402907191448));
#735 = CARTESIAN_POINT('',(0.872230138694,77.596627923756));
#736 = CARTESIAN_POINT('',(0.882576426306,78.04641807213));
#737 = CARTESIAN_POINT('',(0.886814192871,78.308225089543));
#738 = CARTESIAN_POINT('',(0.889592486461,78.576659504611));
#739 = CARTESIAN_POINT('',(0.890960595863,78.848611396561));
#740 = CARTESIAN_POINT('',(0.890942649869,79.121520476816));
#741 = CARTESIAN_POINT('',(0.889536034292,79.392988334831));
#742 = CARTESIAN_POINT('',(0.886709789776,79.66040966266));
#743 = CARTESIAN_POINT('',(0.878619881227,80.148490905897));
#744 = CARTESIAN_POINT('',(0.873676988816,80.372008756941));
#745 = CARTESIAN_POINT('',(0.867523346869,80.58770533919));
#746 = CARTESIAN_POINT('',(0.860111165565,80.791702996647));
#747 = CARTESIAN_POINT('',(0.851405601138,80.9792177893));
#748 = CARTESIAN_POINT('',(0.84139210747,81.144430083846));
#749 = CARTESIAN_POINT('',(0.83009138518,81.280228442143));
#750 = CARTESIAN_POINT('',(0.806735330963,81.462266268615));
#751 = CARTESIAN_POINT('',(0.795140350825,81.516623887039));
#752 = CARTESIAN_POINT('',(0.783131063137,81.534703873511));
#753 = CARTESIAN_POINT('',(0.771080416238,81.514006664179));
#754 = CARTESIAN_POINT('',(0.759372359089,81.455430079178));
#755 = CARTESIAN_POINT('',(0.74836693631,81.36317746661));
#756 = CARTESIAN_POINT('',(0.738359009466,81.244720916243));
#757 = CARTESIAN_POINT('',(0.716930601163,80.918856541372));
#758 = CARTESIAN_POINT('',(0.706328070155,80.688287539198));
#759 = CARTESIAN_POINT('',(0.697703315909,80.432261918195));
#760 = CARTESIAN_POINT('',(0.690954282258,80.159459014254));
#761 = CARTESIAN_POINT('',(0.685977954968,79.876015006769));
#762 = CARTESIAN_POINT('',(0.682690196986,79.586266982127));
#763 = CARTESIAN_POINT('',(0.681042190809,79.293340902149));
#764 = CARTESIAN_POINT('',(0.681042190809,79.));
#765 = ( GEOMETRIC_REPRESENTATION_CONTEXT(2) 
PARAMETRIC_REPRESENTATION_CONTEXT() REPRESENTATION_CONTEXT('2D SPACE',''
  ) );
#766 = PCURVE('',#767,#772);
#767 = CYLINDRICAL_SURFACE('',#768,2.5);
#768 = AXIS2_PLACEMENT_3D('',#769,#770,#771);
#769 = CARTESIAN_POINT('',(4.304E+03,9.899494936612,940.10050506338));
#770 = DIRECTION('',(0.,0.707106781187,-0.707106781187));
#771 = DIRECTION('',(0.,-0.707106781187,-0.707106781187));
#772 = DEFINITIONAL_REPRESENTATION('',(#773),#825);
#773 = B_SPLINE_CURVE_WITH_KNOTS('',8,(#774,#775,#776,#777,#778,#779,
    #780,#781,#782,#783,#784,#785,#786,#787,#788,#789,#790,#791,#792,
    #793,#794,#795,#796,#797,#798,#799,#800,#801,#802,#803,#804,#805,
    #806,#807,#808,#809,#810,#811,#812,#813,#814,#815,#816,#817,#818,
    #819,#820,#821,#822,#823,#824),.UNSPECIFIED.,.F.,.F.,(9,7,7,7,7,7,7,
    9),(0.,0.15496379153,0.286429380426,0.41147771831,0.569087335997,
    0.707459978172,0.82766775314,1.),.UNSPECIFIED.);
#774 = CARTESIAN_POINT('',(0.,9.86943652456));
#775 = CARTESIAN_POINT('',(0.104230600093,9.86943652456));
#776 = CARTESIAN_POINT('',(0.208299357588,9.87268736653));
#777 = CARTESIAN_POINT('',(0.313164437872,9.879172463161));
#778 = CARTESIAN_POINT('',(0.419671394077,9.888734936786));
#779 = CARTESIAN_POINT('',(0.528649396464,9.901064100266));
#780 = CARTESIAN_POINT('',(0.640952061116,9.915594428127));
#781 = CARTESIAN_POINT('',(0.757532966066,9.931383662424));
#782 = CARTESIAN_POINT('',(0.983242107417,9.960316158164));
#783 = CARTESIAN_POINT('',(1.094843984737,9.974013607102));
#784 = CARTESIAN_POINT('',(1.211611519531,9.986732927622));
#785 = CARTESIAN_POINT('',(1.331757082094,9.996784281876));
#786 = CARTESIAN_POINT('',(1.454000432684,10.002595205043));
#787 = CARTESIAN_POINT('',(1.577234169024,10.003443976708));
#788 = CARTESIAN_POINT('',(1.700400220282,9.999583775931));
#789 = CARTESIAN_POINT('',(1.93790554811,9.984680458774));
#790 = CARTESIAN_POINT('',(2.048760831593,9.974224374299));
#791 = CARTESIAN_POINT('',(2.155427304548,9.961642304674));
#792 = CARTESIAN_POINT('',(2.25838185381,9.948045130264));
#793 = CARTESIAN_POINT('',(2.357982565862,9.934403379256));
#794 = CARTESIAN_POINT('',(2.45449868308,9.921480370312));
#795 = CARTESIAN_POINT('',(2.548107577223,9.909829726632));
#796 = CARTESIAN_POINT('',(2.753419328744,9.887163424262));
#797 = CARTESIAN_POINT('',(2.864689900739,9.876970442967));
#798 = CARTESIAN_POINT('',(2.973844507362,9.869910698509));
#799 = CARTESIAN_POINT('',(3.081782777152,9.866343535913));
#800 = CARTESIAN_POINT('',(3.189347748928,9.866409412331));
#801 = CARTESIAN_POINT('',(3.297380623887,9.870082388502));
#802 = CARTESIAN_POINT('',(3.406771213628,9.877158379633));
#803 = CARTESIAN_POINT('',(3.616749095687,9.895962896489));
#804 = CARTESIAN_POINT('',(3.717268640675,9.907061468601));
#805 = CARTESIAN_POINT('',(3.820594458803,9.920166180065));
#806 = CARTESIAN_POINT('',(3.927181429474,9.93475256444));
#807 = CARTESIAN_POINT('',(4.037543717601,9.950034081505));
#808 = CARTESIAN_POINT('',(4.152277934121,9.964894360013));
#809 = CARTESIAN_POINT('',(4.272135875052,9.977907450707));
#810 = CARTESIAN_POINT('',(4.507770587427,9.995950994894));
#811 = CARTESIAN_POINT('',(4.62033836067,10.001676745284));
#812 = CARTESIAN_POINT('',(4.73423515652,10.0037211727));
#813 = CARTESIAN_POINT('',(4.848199409979,10.001491586214));
#814 = CARTESIAN_POINT('',(4.961044707327,9.995144034594));
#815 = CARTESIAN_POINT('',(5.071494713374,9.985664875012));
#816 = CARTESIAN_POINT('',(5.177917161186,9.97438177745));
#817 = CARTESIAN_POINT('',(5.421178138745,9.945676989093));
#818 = CARTESIAN_POINT('',(5.556319636001,9.927110189551));
#819 = CARTESIAN_POINT('',(5.685330609803,9.90927916743));
#820 = CARTESIAN_POINT('',(5.80957861229,9.893855748388));
#821 = CARTESIAN_POINT('',(5.930320051016,9.881775165016));
#822 = CARTESIAN_POINT('',(6.048677987719,9.873556696619));
#823 = CARTESIAN_POINT('',(6.16584894632,9.86943652456));
#824 = CARTESIAN_POINT('',(6.28318530718,9.86943652456));
#825 = ( GEOMETRIC_REPRESENTATION_CONTEXT(2) 
PARAMETRIC_REPRESENTATION_CONTEXT() REPRESENTATION_CONTEXT('2D SPACE',''
  ) );
#826 = FACE_BOUND('',#827,.T.);
#827 = EDGE_LOOP('',(#828));
#828 = ORIENTED_EDGE('',*,*,#829,.F.);
#829 = EDGE_CURVE('',#830,#830,#832,.T.);
#830 = VERTEX_POINT('',#831);
#831 = CARTESIAN_POINT('',(4.304E+03,23.869436524565,952.5));
#832 = SURFACE_CURVE('',#833,(#885,#940),.PCURVE_S1.);
#833 = B_SPLINE_CURVE_WITH_KNOTS('',8,(#834,#835,#836,#837,#838,#839,
    #840,#841,#842,#843,#844,#845,#846,#847,#848,#849,#850,#851,#852,
    #853,#854,#855,#856,#857,#858,#859,#860,#861,#862,#863,#864,#865,
    #866,#867,#868,#869,#870,#871,#872,#873,#874,#875,#876,#877,#878,
    #879,#880,#881,#882,#883,#884),.UNSPECIFIED.,.T.,.F.,(9,7,7,7,7,7,7,
    9),(0.,0.154963792041,0.286429381371,0.411477719631,0.569087334894,
    0.707459977423,0.827667752699,1.),.UNSPECIFIED.);
#834 = CARTESIAN_POINT('',(4.304E+03,23.86943652456,952.5));
#835 = CARTESIAN_POINT('',(4.3042605765E+03,23.86943652456,952.5));
#836 = CARTESIAN_POINT('',(4.304520749545E+03,23.87268736653,
    952.46895962248));
#837 = CARTESIAN_POINT('',(4.304778594276E+03,23.879172463161,
    952.40704930627));
#838 = CARTESIAN_POINT('',(4.305031981843E+03,23.888734936786,
    952.31355570811));
#839 = CARTESIAN_POINT('',(4.305278088508E+03,23.901064100266,
    952.18717344733));
#840 = CARTESIAN_POINT('',(4.305513084235E+03,23.915594428127,
    952.0261935122));
#841 = CARTESIAN_POINT('',(4.305731688755E+03,23.931383662424,
    951.82878413898));
#842 = CARTESIAN_POINT('',(4.306091369808E+03,23.960316158164,
    951.39400443292));
#843 = CARTESIAN_POINT('',(4.306245587987E+03,23.974013607102,
    951.15948312443));
#844 = CARTESIAN_POINT('',(4.306375318638E+03,23.986732927622,
    950.89343490938));
#845 = CARTESIAN_POINT('',(4.306470358433E+03,23.996784281876,
    950.60231293912));
#846 = CARTESIAN_POINT('',(4.306523912988E+03,24.002595205043,
    950.29503841562));
#847 = CARTESIAN_POINT('',(4.306532708019E+03,24.003443976708,
    949.98179230994));
#848 = CARTESIAN_POINT('',(4.306497136423E+03,23.999583775931,
    949.67302365864));
#849 = CARTESIAN_POINT('',(4.30634947349E+03,23.984680458776,
    949.09791450569));
#850 = CARTESIAN_POINT('',(4.306243455331E+03,23.974224374302,
    948.83900904366));
#851 = CARTESIAN_POINT('',(4.306109932155E+03,23.961642304672,
    948.60407537253));
#852 = CARTESIAN_POINT('',(4.305954507762E+03,23.94804513026,
    948.39439149314));
#853 = CARTESIAN_POINT('',(4.305782103002E+03,23.934403379253,
    948.21041624691));
#854 = CARTESIAN_POINT('',(4.305597092809E+03,23.921480370314,
    948.05202510572));
#855 = CARTESIAN_POINT('',(4.305403372076E+03,23.909829726636,
    947.91862781873));
#856 = CARTESIAN_POINT('',(4.304953581932E+03,23.88716342449,
    947.67135359459));
#857 = CARTESIAN_POINT('',(4.304691774896E+03,23.876970442577,
    947.5701551789));
#858 = CARTESIAN_POINT('',(4.304423340511E+03,23.869910698589,
    947.50385056928));
#859 = CARTESIAN_POINT('',(4.304151388603E+03,23.866343536199,
    947.47121107791));
#860 = CARTESIAN_POINT('',(4.303878479508E+03,23.866409412236,
    947.47163667925));
#861 = CARTESIAN_POINT('',(4.303607011679E+03,23.870082388267,
    947.50519476652));
#862 = CARTESIAN_POINT('',(4.303339590333E+03,23.877158379812,
    947.57265641701));
#863 = CARTESIAN_POINT('',(4.302851509094E+03,23.895962896489,
    947.76590144993));
#864 = CARTESIAN_POINT('',(4.302627991243E+03,23.907061468601,
    947.88401108962));
#865 = CARTESIAN_POINT('',(4.302412294661E+03,23.920166180065,
    948.03111934785));
#866 = CARTESIAN_POINT('',(4.302208297003E+03,23.93475256444,
    948.20842073498));
#867 = CARTESIAN_POINT('',(4.302020782211E+03,23.950034081505,
    948.41681471244));
#868 = CARTESIAN_POINT('',(4.301855569916E+03,23.964894360013,
    948.65671262385));
#869 = CARTESIAN_POINT('',(4.301719771558E+03,23.977907450707,
    948.92765159363));
#870 = CARTESIAN_POINT('',(4.301537733731E+03,23.995950994894,
    949.4879064153));
#871 = CARTESIAN_POINT('',(4.301483376113E+03,24.001676745284,
    949.7661458729));
#872 = CARTESIAN_POINT('',(4.301465296126E+03,24.0037211727,
    950.05440519398));
#873 = CARTESIAN_POINT('',(4.301485993336E+03,24.001491586214,
    950.34367634436));
#874 = CARTESIAN_POINT('',(4.301544569921E+03,23.995144034594,
    950.62465072166));
#875 = CARTESIAN_POINT('',(4.301636822533E+03,23.985664875012,
    950.88863805492));
#876 = CARTESIAN_POINT('',(4.301755279084E+03,23.97438177745,
    951.12857261175));
#877 = CARTESIAN_POINT('',(4.302081143459E+03,23.945676989093,
    951.64205270309));
#878 = CARTESIAN_POINT('',(4.302311712461E+03,23.927110189551,
    951.89587284843));
#879 = CARTESIAN_POINT('',(4.302567738082E+03,23.90927916743,
    952.1021194325));
#880 = CARTESIAN_POINT('',(4.302840540986E+03,23.893855748388,
    952.26336576428));
#881 = CARTESIAN_POINT('',(4.303123984993E+03,23.881775165016,
    952.38218616813));
#882 = CARTESIAN_POINT('',(4.303413733018E+03,23.873556696619,
    952.46066300398));
#883 = CARTESIAN_POINT('',(4.303706659098E+03,23.86943652456,952.5));
#884 = CARTESIAN_POINT('',(4.304E+03,23.86943652456,952.5));
#885 = PCURVE('',#32,#886);
#886 = DEFINITIONAL_REPRESENTATION('',(#887),#939);
#887 = B_SPLINE_CURVE_WITH_KNOTS('',8,(#888,#889,#890,#891,#892,#893,
    #894,#895,#896,#897,#898,#899,#900,#901,#902,#903,#904,#905,#906,
    #907,#908,#909,#910,#911,#912,#913,#914,#915,#916,#917,#918,#919,
    #920,#921,#922,#923,#924,#925,#926,#927,#928,#929,#930,#931,#932,
    #933,#934,#935,#936,#937,#938),.UNSPECIFIED.,.T.,.F.,(9,7,7,7,7,7,7,
    9),(0.,0.154963792041,0.286429381371,0.411477719631,0.569087334894,
    0.707459977423,0.827667752699,1.),.UNSPECIFIED.);
#888 = CARTESIAN_POINT('',(1.675152299383,79.));
#889 = CARTESIAN_POINT('',(1.675152299383,79.260576500232));
#890 = CARTESIAN_POINT('',(1.6738518768,79.520749545344));
#891 = CARTESIAN_POINT('',(1.6712581659,79.778594275721));
#892 = CARTESIAN_POINT('',(1.667342291182,80.031981842546));
#893 = CARTESIAN_POINT('',(1.66205149015,80.278088507897));
#894 = CARTESIAN_POINT('',(1.655317149452,80.513084234499));
#895 = CARTESIAN_POINT('',(1.647066228522,80.731688754539));
#896 = CARTESIAN_POINT('',(1.628910340946,81.091369808044));
#897 = CARTESIAN_POINT('',(1.619122290423,81.245587987045));
#898 = CARTESIAN_POINT('',(1.608025330988,81.37531863781));
#899 = CARTESIAN_POINT('',(1.595890294529,81.470358432803));
#900 = CARTESIAN_POINT('',(1.583088208725,81.523912987897));
#901 = CARTESIAN_POINT('',(1.570038744526,81.532708019428));
#902 = CARTESIAN_POINT('',(1.557173537188,81.497136423211));
#903 = CARTESIAN_POINT('',(1.533202611271,81.349473490285));
#904 = CARTESIAN_POINT('',(1.522407220251,81.243455331251));
#905 = CARTESIAN_POINT('',(1.51260557963,81.109932154866));
#906 = CARTESIAN_POINT('',(1.50385128831,80.954507761578));
#907 = CARTESIAN_POINT('',(1.496165047071,80.782103001928));
#908 = CARTESIAN_POINT('',(1.489543681419,80.597092808564));
#909 = CARTESIAN_POINT('',(1.483964351501,80.403372076322));
#910 = CARTESIAN_POINT('',(1.473618063991,79.953581932384));
#911 = CARTESIAN_POINT('',(1.469380297142,79.691774896443));
#912 = CARTESIAN_POINT('',(1.466602003772,79.423340510917));
#913 = CARTESIAN_POINT('',(1.465233894456,79.151388603341));
#914 = CARTESIAN_POINT('',(1.465251840276,78.878479507664));
#915 = CARTESIAN_POINT('',(1.466658455802,78.607011679399));
#916 = CARTESIAN_POINT('',(1.469484700493,78.339590332678));
#917 = CARTESIAN_POINT('',(1.477574608966,77.851509094103));
#918 = CARTESIAN_POINT('',(1.482517501376,77.627991243058));
#919 = CARTESIAN_POINT('',(1.488671143323,77.41229466081));
#920 = CARTESIAN_POINT('',(1.496083324627,77.208297003354));
#921 = CARTESIAN_POINT('',(1.504788889054,77.0207822107));
#922 = CARTESIAN_POINT('',(1.514802382722,76.855569916153));
#923 = CARTESIAN_POINT('',(1.526103105013,76.719771557857));
#924 = CARTESIAN_POINT('',(1.549459159229,76.537733731385));
#925 = CARTESIAN_POINT('',(1.561054139367,76.483376112962));
#926 = CARTESIAN_POINT('',(1.573063427056,76.465296126489));
#927 = CARTESIAN_POINT('',(1.585114073954,76.485993335821));
#928 = CARTESIAN_POINT('',(1.596822131103,76.544569920823));
#929 = CARTESIAN_POINT('',(1.607827553882,76.63682253339));
#930 = CARTESIAN_POINT('',(1.617835480726,76.755279083757));
#931 = CARTESIAN_POINT('',(1.63926388903,77.081143458629));
#932 = CARTESIAN_POINT('',(1.649866420037,77.311712460799));
#933 = CARTESIAN_POINT('',(1.658491174284,77.56773808181));
#934 = CARTESIAN_POINT('',(1.665240207934,77.84054098574));
#935 = CARTESIAN_POINT('',(1.670216535225,78.123984993234));
#936 = CARTESIAN_POINT('',(1.673504293207,78.413733017872));
#937 = CARTESIAN_POINT('',(1.675152299383,78.706659097851));
#938 = CARTESIAN_POINT('',(1.675152299383,79.));
#939 = ( GEOMETRIC_REPRESENTATION_CONTEXT(2) 
PARAMETRIC_REPRESENTATION_CONTEXT() REPRESENTATION_CONTEXT('2D SPACE',''
  ) );
#940 = PCURVE('',#941,#946);
#941 = CYLINDRICAL_SURFACE('',#942,2.5);
#942 = AXIS2_PLACEMENT_3D('',#943,#944,#945);
#943 = CARTESIAN_POINT('',(4.304E+03,14.,950.));
#944 = DIRECTION('',(0.,1.,0.));
#945 = DIRECTION('',(0.,-0.,1.));
#946 = DEFINITIONAL_REPRESENTATION('',(#947),#999);
#947 = B_SPLINE_CURVE_WITH_KNOTS('',8,(#948,#949,#950,#951,#952,#953,
    #954,#955,#956,#957,#958,#959,#960,#961,#962,#963,#964,#965,#966,
    #967,#968,#969,#970,#971,#972,#973,#974,#975,#976,#977,#978,#979,
    #980,#981,#982,#983,#984,#985,#986,#987,#988,#989,#990,#991,#992,
    #993,#994,#995,#996,#997,#998),.UNSPECIFIED.,.F.,.F.,(9,7,7,7,7,7,7,
    9),(0.,0.154963792041,0.286429381371,0.411477719631,0.569087334894,
    0.707459977423,0.827667752699,1.),.UNSPECIFIED.);
#948 = CARTESIAN_POINT('',(0.,9.86943652456));
#949 = CARTESIAN_POINT('',(0.104230600093,9.86943652456));
#950 = CARTESIAN_POINT('',(0.208299357588,9.87268736653));
#951 = CARTESIAN_POINT('',(0.313164437872,9.879172463161));
#952 = CARTESIAN_POINT('',(0.419671394077,9.888734936786));
#953 = CARTESIAN_POINT('',(0.528649396464,9.901064100266));
#954 = CARTESIAN_POINT('',(0.640952061115,9.915594428127));
#955 = CARTESIAN_POINT('',(0.757532966066,9.931383662424));
#956 = CARTESIAN_POINT('',(0.983242107417,9.960316158164));
#957 = CARTESIAN_POINT('',(1.094843984737,9.974013607102));
#958 = CARTESIAN_POINT('',(1.21161151953,9.986732927622));
#959 = CARTESIAN_POINT('',(1.331757082095,9.996784281876));
#960 = CARTESIAN_POINT('',(1.454000432683,10.002595205043));
#961 = CARTESIAN_POINT('',(1.577234169024,10.003443976708));
#962 = CARTESIAN_POINT('',(1.700400220282,9.999583775931));
#963 = CARTESIAN_POINT('',(1.937905548076,9.984680458776));
#964 = CARTESIAN_POINT('',(2.048760831578,9.974224374302));
#965 = CARTESIAN_POINT('',(2.155427304562,9.961642304672));
#966 = CARTESIAN_POINT('',(2.25838185384,9.94804513026));
#967 = CARTESIAN_POINT('',(2.357982565883,9.934403379253));
#968 = CARTESIAN_POINT('',(2.454498683071,9.921480370314));
#969 = CARTESIAN_POINT('',(2.548107577187,9.909829726636));
#970 = CARTESIAN_POINT('',(2.753419326684,9.88716342449));
#971 = CARTESIAN_POINT('',(2.864689906942,9.876970442577));
#972 = CARTESIAN_POINT('',(2.973844500649,9.869910698589));
#973 = CARTESIAN_POINT('',(3.081782777112,9.866343536199));
#974 = CARTESIAN_POINT('',(3.189347755643,9.866409412236));
#975 = CARTESIAN_POINT('',(3.297380617771,9.870082388267));
#976 = CARTESIAN_POINT('',(3.406771215633,9.877158379812));
#977 = CARTESIAN_POINT('',(3.616749095686,9.895962896489));
#978 = CARTESIAN_POINT('',(3.717268640675,9.907061468601));
#979 = CARTESIAN_POINT('',(3.820594458803,9.920166180065));
#980 = CARTESIAN_POINT('',(3.927181429474,9.93475256444));
#981 = CARTESIAN_POINT('',(4.037543717601,9.950034081505));
#982 = CARTESIAN_POINT('',(4.152277934121,9.964894360013));
#983 = CARTESIAN_POINT('',(4.272135875052,9.977907450707));
#984 = CARTESIAN_POINT('',(4.507770587428,9.995950994894));
#985 = CARTESIAN_POINT('',(4.620338360669,10.001676745284));
#986 = CARTESIAN_POINT('',(4.734235156521,10.0037211727));
#987 = CARTESIAN_POINT('',(4.848199409978,10.001491586214));
#988 = CARTESIAN_POINT('',(4.961044707328,9.995144034594));
#989 = CARTESIAN_POINT('',(5.071494713374,9.985664875012));
#990 = CARTESIAN_POINT('',(5.177917161186,9.97438177745));
#991 = CARTESIAN_POINT('',(5.421178138745,9.945676989093));
#992 = CARTESIAN_POINT('',(5.556319635999,9.927110189551));
#993 = CARTESIAN_POINT('',(5.685330609807,9.90927916743));
#994 = CARTESIAN_POINT('',(5.809578612286,9.893855748388));
#995 = CARTESIAN_POINT('',(5.930320051018,9.881775165016));
#996 = CARTESIAN_POINT('',(6.048677987719,9.873556696619));
#997 = CARTESIAN_POINT('',(6.16584894632,9.86943652456));
#998 = CARTESIAN_POINT('',(6.28318530718,9.86943652456));
#999 = ( GEOMETRIC_REPRESENTATION_CONTEXT(2) 
PARAMETRIC_REPRESENTATION_CONTEXT() REPRESENTATION_CONTEXT('2D SPACE',''
  ) );
#1000 = FACE_BOUND('',#1001,.T.);
#1001 = EDGE_LOOP('',(#1002));
#1002 = ORIENTED_EDGE('',*,*,#1003,.F.);
#1003 = EDGE_CURVE('',#1004,#1004,#1006,.T.);
#1004 = VERTEX_POINT('',#1005);
#1005 = CARTESIAN_POINT('',(4.304E+03,15.110473476652,968.64600738258));
#1006 = SURFACE_CURVE('',#1007,(#1059,#1114),.PCURVE_S1.);
#1007 = B_SPLINE_CURVE_WITH_KNOTS('',8,(#1008,#1009,#1010,#1011,#1012,
    #1013,#1014,#1015,#1016,#1017,#1018,#1019,#1020,#1021,#1022,#1023,
    #1024,#1025,#1026,#1027,#1028,#1029,#1030,#1031,#1032,#1033,#1034,
    #1035,#1036,#1037,#1038,#1039,#1040,#1041,#1042,#1043,#1044,#1045,
    #1046,#1047,#1048,#1049,#1050,#1051,#1052,#1053,#1054,#1055,#1056,
    #1057,#1058),.UNSPECIFIED.,.T.,.F.,(9,7,7,7,7,7,7,9),(0.,
    0.154963794596,0.286429383528,0.411477721409,0.569087336196,
    0.707459978307,0.82766775322,1.),.UNSPECIFIED.);
#1008 = CARTESIAN_POINT('',(4.304E+03,15.110473476652,968.64600738258));
#1009 = CARTESIAN_POINT('',(4.304260576505E+03,15.110473476652,
    968.64600738258));
#1010 = CARTESIAN_POINT('',(4.304520749531E+03,15.134721027816,
    968.62635721585));
#1011 = CARTESIAN_POINT('',(4.304778594291E+03,15.183083896619,
    968.58716565983));
#1012 = CARTESIAN_POINT('',(4.305031981843E+03,15.255955535482,
    968.52781739975));
#1013 = CARTESIAN_POINT('',(4.305278088493E+03,15.354039320843,
    968.44716968411));
#1014 = CARTESIAN_POINT('',(4.305513084247E+03,15.478143831746,
    968.34361416176));
#1015 = CARTESIAN_POINT('',(4.305731688751E+03,15.628898001411,
    968.21518933991));
#1016 = CARTESIAN_POINT('',(4.306091369808E+03,15.956792047288,
    967.92821202233));
#1017 = CARTESIAN_POINT('',(4.306245587987E+03,16.132309213882,
    967.77206597379));
#1018 = CARTESIAN_POINT('',(4.306375318638E+03,16.329427628655,
    967.5929353946));
#1019 = CARTESIAN_POINT('',(4.306470358433E+03,16.542389328736,
    967.39418845603));
#1020 = CARTESIAN_POINT('',(4.306523912988E+03,16.763774171159,
    967.18102149996));
#1021 = CARTESIAN_POINT('',(4.306532708019E+03,16.985872788867,
    966.96012322665));
#1022 = CARTESIAN_POINT('',(4.306497136423E+03,17.201475621874,
    966.73906124535));
#1023 = CARTESIAN_POINT('',(4.30634947349E+03,17.597600967225,
    966.32185942676));
#1024 = CARTESIAN_POINT('',(4.306243455331E+03,17.77328120688,
    966.13139205063));
#1025 = CARTESIAN_POINT('',(4.306109932155E+03,17.930507532104,
    965.95637199189));
#1026 = CARTESIAN_POINT('',(4.305954507762E+03,18.069161770897,
    965.79848844463));
#1027 = CARTESIAN_POINT('',(4.305782103002E+03,18.189605740429,
    965.65875212581));
#1028 = CARTESIAN_POINT('',(4.305597092809E+03,18.292467243191,
    965.53761472855));
#1029 = CARTESIAN_POINT('',(4.305403372076E+03,18.378555120266,
    965.43505035317));
#1030 = CARTESIAN_POINT('',(4.304953581932E+03,18.537376905016,
    965.24417357652));
#1031 = CARTESIAN_POINT('',(4.304691774896E+03,18.601727464367,
    965.1654079639));
#1032 = CARTESIAN_POINT('',(4.304423340511E+03,18.643619910608,
    965.11353153197));
#1033 = CARTESIAN_POINT('',(4.304151388603E+03,18.664177151569,
    965.08792956157));
#1034 = CARTESIAN_POINT('',(4.303878479508E+03,18.663922787366,
    965.08827708856));
#1035 = CARTESIAN_POINT('',(4.303607011679E+03,18.642790822558,
    965.11460342589));
#1036 = CARTESIAN_POINT('',(4.303339590333E+03,18.600091713627,
    965.16730949803));
#1037 = CARTESIAN_POINT('',(4.302851509094E+03,18.476743641677,
    965.3172511725));
#1038 = CARTESIAN_POINT('',(4.302627991243E+03,18.401075390137,
    965.40861517524));
#1039 = CARTESIAN_POINT('',(4.302412294661E+03,18.30632057351,
    965.52190285255));
#1040 = CARTESIAN_POINT('',(4.302208297003E+03,18.191263691663,
    965.65758799701));
#1041 = CARTESIAN_POINT('',(4.302020782211E+03,18.054712561385,
    965.81575045597));
#1042 = CARTESIAN_POINT('',(4.301855569916E+03,17.895586925138,
    965.99589169963));
#1043 = CARTESIAN_POINT('',(4.301719771558E+03,17.713205786995,
    966.19667612712));
#1044 = CARTESIAN_POINT('',(4.301537733731E+03,17.329804515847,
    966.60559482317));
#1045 = CARTESIAN_POINT('',(4.301483376113E+03,17.137108225513,
    966.80638854736));
#1046 = CARTESIAN_POINT('',(4.301465296126E+03,16.934723733328,
    967.01166429652));
#1047 = CARTESIAN_POINT('',(4.301485993336E+03,16.72860158557,
    967.21463333284));
#1048 = CARTESIAN_POINT('',(4.301544569921E+03,16.525434301247,
    967.40882382356));
#1049 = CARTESIAN_POINT('',(4.301636822533E+03,16.332064289729,
    967.58878827905));
#1050 = CARTESIAN_POINT('',(4.301755279084E+03,16.154426582758,
    967.75046927642));
#1051 = CARTESIAN_POINT('',(4.302081143459E+03,15.771043977664,
    968.09325718051));
#1052 = CARTESIAN_POINT('',(4.302311712461E+03,15.578437321831,
    968.25960641662));
#1053 = CARTESIAN_POINT('',(4.302567738082E+03,15.419990526983,
    968.39283633816));
#1054 = CARTESIAN_POINT('',(4.302840540986E+03,15.295066148143,
    968.49594870861));
#1055 = CARTESIAN_POINT('',(4.303123984993E+03,15.202505172417,
    968.57142515949));
#1056 = CARTESIAN_POINT('',(4.303413733018E+03,15.14120233489,
    968.62110532755));
#1057 = CARTESIAN_POINT('',(4.303706659098E+03,15.110473476652,
    968.64600738258));
#1058 = CARTESIAN_POINT('',(4.304E+03,15.110473476652,968.64600738258));
#1059 = PCURVE('',#32,#1060);
#1060 = DEFINITIONAL_REPRESENTATION('',(#1061),#1113);
#1061 = B_SPLINE_CURVE_WITH_KNOTS('',8,(#1062,#1063,#1064,#1065,#1066,
    #1067,#1068,#1069,#1070,#1071,#1072,#1073,#1074,#1075,#1076,#1077,
    #1078,#1079,#1080,#1081,#1082,#1083,#1084,#1085,#1086,#1087,#1088,
    #1089,#1090,#1091,#1092,#1093,#1094,#1095,#1096,#1097,#1098,#1099,
    #1100,#1101,#1102,#1103,#1104,#1105,#1106,#1107,#1108,#1109,#1110,
    #1111,#1112),.UNSPECIFIED.,.T.,.F.,(9,7,7,7,7,7,7,9),(0.,
    0.154963794596,0.286429383528,0.411477721409,0.569087336196,
    0.707459978307,0.82766775322,1.),.UNSPECIFIED.);
#1062 = CARTESIAN_POINT('',(2.460550462781,79.));
#1063 = CARTESIAN_POINT('',(2.460550462781,79.260576505227));
#1064 = CARTESIAN_POINT('',(2.459250040344,79.52074953086));
#1065 = CARTESIAN_POINT('',(2.456656328972,79.778594290685));
#1066 = CARTESIAN_POINT('',(2.452740454713,80.031981843342));
#1067 = CARTESIAN_POINT('',(2.447449653866,80.278088492875));
#1068 = CARTESIAN_POINT('',(2.440715312408,80.513084247219));
#1069 = CARTESIAN_POINT('',(2.432464392111,80.731688750741));
#1070 = CARTESIAN_POINT('',(2.414308504344,81.091369808044));
#1071 = CARTESIAN_POINT('',(2.404520453821,81.245587987044));
#1072 = CARTESIAN_POINT('',(2.393423494385,81.375318637811));
#1073 = CARTESIAN_POINT('',(2.381288457926,81.470358432801));
#1074 = CARTESIAN_POINT('',(2.368486372123,81.523912987898));
#1075 = CARTESIAN_POINT('',(2.355436907923,81.532708019427));
#1076 = CARTESIAN_POINT('',(2.342571700586,81.497136423211));
#1077 = CARTESIAN_POINT('',(2.318600774668,81.349473490285));
#1078 = CARTESIAN_POINT('',(2.307805383649,81.24345533125));
#1079 = CARTESIAN_POINT('',(2.298003743028,81.109932154866));
#1080 = CARTESIAN_POINT('',(2.289249451707,80.954507761578));
#1081 = CARTESIAN_POINT('',(2.281563210469,80.782103001928));
#1082 = CARTESIAN_POINT('',(2.274941844816,80.597092808564));
#1083 = CARTESIAN_POINT('',(2.269362514898,80.403372076321));
#1084 = CARTESIAN_POINT('',(2.259016227388,79.953581932383));
#1085 = CARTESIAN_POINT('',(2.25477846054,79.691774896445));
#1086 = CARTESIAN_POINT('',(2.25200016717,79.423340510916));
#1087 = CARTESIAN_POINT('',(2.250632057853,79.151388603341));
#1088 = CARTESIAN_POINT('',(2.250650003673,78.878479507665));
#1089 = CARTESIAN_POINT('',(2.2520566192,78.607011679399));
#1090 = CARTESIAN_POINT('',(2.254882863891,78.339590332678));
#1091 = CARTESIAN_POINT('',(2.262972772363,77.851509094103));
#1092 = CARTESIAN_POINT('',(2.267915664774,77.627991243058));
#1093 = CARTESIAN_POINT('',(2.274069306721,77.41229466081));
#1094 = CARTESIAN_POINT('',(2.281481488025,77.208297003353));
#1095 = CARTESIAN_POINT('',(2.290187052452,77.020782210699));
#1096 = CARTESIAN_POINT('',(2.30020054612,76.855569916154));
#1097 = CARTESIAN_POINT('',(2.31150126841,76.719771557857));
#1098 = CARTESIAN_POINT('',(2.334857322627,76.537733731385));
#1099 = CARTESIAN_POINT('',(2.346452302765,76.483376112961));
#1100 = CARTESIAN_POINT('',(2.358461590453,76.465296126489));
#1101 = CARTESIAN_POINT('',(2.370512237352,76.485993335822));
#1102 = CARTESIAN_POINT('',(2.3822202945,76.544569920821));
#1103 = CARTESIAN_POINT('',(2.39322571728,76.636822533391));
#1104 = CARTESIAN_POINT('',(2.403233644123,76.755279083757));
#1105 = CARTESIAN_POINT('',(2.424662052427,77.081143458628));
#1106 = CARTESIAN_POINT('',(2.435264583434,77.311712460801));
#1107 = CARTESIAN_POINT('',(2.443889337681,77.567738081807));
#1108 = CARTESIAN_POINT('',(2.450638371331,77.840540985743));
#1109 = CARTESIAN_POINT('',(2.455614698622,78.123984993233));
#1110 = CARTESIAN_POINT('',(2.458902456604,78.413733017872));
#1111 = CARTESIAN_POINT('',(2.460550462781,78.706659097851));
#1112 = CARTESIAN_POINT('',(2.460550462781,79.));
#1113 = ( GEOMETRIC_REPRESENTATION_CONTEXT(2) 
PARAMETRIC_REPRESENTATION_CONTEXT() REPRESENTATION_CONTEXT('2D SPACE',''
  ) );
#1114 = PCURVE('',#1115,#1120);
#1115 = CYLINDRICAL_SURFACE('',#1116,2.5);
#1116 = AXIS2_PLACEMENT_3D('',#1117,#1118,#1119);
#1117 = CARTESIAN_POINT('',(4.304E+03,9.899494936612,959.89949493661));
#1118 = DIRECTION('',(0.,0.707106781187,0.707106781187));
#1119 = DIRECTION('',(0.,-0.707106781187,0.707106781187));
#1120 = DEFINITIONAL_REPRESENTATION('',(#1121),#1173);
#1121 = B_SPLINE_CURVE_WITH_KNOTS('',8,(#1122,#1123,#1124,#1125,#1126,
    #1127,#1128,#1129,#1130,#1131,#1132,#1133,#1134,#1135,#1136,#1137,
    #1138,#1139,#1140,#1141,#1142,#1143,#1144,#1145,#1146,#1147,#1148,
    #1149,#1150,#1151,#1152,#1153,#1154,#1155,#1156,#1157,#1158,#1159,
    #1160,#1161,#1162,#1163,#1164,#1165,#1166,#1167,#1168,#1169,#1170,
    #1171,#1172),.UNSPECIFIED.,.F.,.F.,(9,7,7,7,7,7,7,9),(0.,
    0.154963794596,0.286429383528,0.411477721409,0.569087336196,
    0.707459978307,0.82766775322,1.),.UNSPECIFIED.);
#1122 = CARTESIAN_POINT('',(0.,9.86943652456));
#1123 = CARTESIAN_POINT('',(0.104230602091,9.86943652456));
#1124 = CARTESIAN_POINT('',(0.208299351236,9.872687366268));
#1125 = CARTESIAN_POINT('',(0.313164445145,9.87917246373));
#1126 = CARTESIAN_POINT('',(0.419671393796,9.888734936569));
#1127 = CARTESIAN_POINT('',(0.528649389201,9.901064099707));
#1128 = CARTESIAN_POINT('',(0.640952068079,9.915594428862));
#1129 = CARTESIAN_POINT('',(0.757532963683,9.931383662118));
#1130 = CARTESIAN_POINT('',(0.983242107417,9.960316158164));
#1131 = CARTESIAN_POINT('',(1.094843984737,9.974013607102));
#1132 = CARTESIAN_POINT('',(1.21161151953,9.986732927622));
#1133 = CARTESIAN_POINT('',(1.331757082096,9.996784281876));
#1134 = CARTESIAN_POINT('',(1.454000432682,10.002595205043));
#1135 = CARTESIAN_POINT('',(1.577234169025,10.003443976708));
#1136 = CARTESIAN_POINT('',(1.700400220282,9.999583775931));
#1137 = CARTESIAN_POINT('',(1.937905548076,9.984680458776));
#1138 = CARTESIAN_POINT('',(2.048760831579,9.974224374302));
#1139 = CARTESIAN_POINT('',(2.155427304562,9.961642304672));
#1140 = CARTESIAN_POINT('',(2.25838185384,9.94804513026));
#1141 = CARTESIAN_POINT('',(2.357982565883,9.934403379253));
#1142 = CARTESIAN_POINT('',(2.45449868307,9.921480370314));
#1143 = CARTESIAN_POINT('',(2.548107577188,9.909829726636));
#1144 = CARTESIAN_POINT('',(2.753419326684,9.88716342449));
#1145 = CARTESIAN_POINT('',(2.864689906941,9.876970442577));
#1146 = CARTESIAN_POINT('',(2.973844500649,9.869910698589));
#1147 = CARTESIAN_POINT('',(3.081782777113,9.866343536199));
#1148 = CARTESIAN_POINT('',(3.189347755643,9.866409412236));
#1149 = CARTESIAN_POINT('',(3.297380617771,9.870082388267));
#1150 = CARTESIAN_POINT('',(3.406771215633,9.877158379812));
#1151 = CARTESIAN_POINT('',(3.616749095687,9.895962896489));
#1152 = CARTESIAN_POINT('',(3.717268640675,9.907061468601));
#1153 = CARTESIAN_POINT('',(3.820594458802,9.920166180065));
#1154 = CARTESIAN_POINT('',(3.927181429474,9.93475256444));
#1155 = CARTESIAN_POINT('',(4.037543717601,9.950034081505));
#1156 = CARTESIAN_POINT('',(4.15227793412,9.964894360013));
#1157 = CARTESIAN_POINT('',(4.272135875052,9.977907450707));
#1158 = CARTESIAN_POINT('',(4.507770587427,9.995950994894));
#1159 = CARTESIAN_POINT('',(4.62033836067,10.001676745284));
#1160 = CARTESIAN_POINT('',(4.734235156519,10.0037211727));
#1161 = CARTESIAN_POINT('',(4.848199409981,10.001491586214));
#1162 = CARTESIAN_POINT('',(4.961044707326,9.995144034594));
#1163 = CARTESIAN_POINT('',(5.071494713375,9.985664875012));
#1164 = CARTESIAN_POINT('',(5.177917161186,9.97438177745));
#1165 = CARTESIAN_POINT('',(5.421178138745,9.945676989093));
#1166 = CARTESIAN_POINT('',(5.556319636,9.927110189551));
#1167 = CARTESIAN_POINT('',(5.685330609805,9.90927916743));
#1168 = CARTESIAN_POINT('',(5.809578612288,9.893855748388));
#1169 = CARTESIAN_POINT('',(5.930320051017,9.881775165016));
#1170 = CARTESIAN_POINT('',(6.048677987719,9.873556696619));
#1171 = CARTESIAN_POINT('',(6.16584894632,9.86943652456));
#1172 = CARTESIAN_POINT('',(6.28318530718,9.86943652456));
#1173 = ( GEOMETRIC_REPRESENTATION_CONTEXT(2) 
PARAMETRIC_REPRESENTATION_CONTEXT() REPRESENTATION_CONTEXT('2D SPACE',''
  ) );
#1174 = FACE_BOUND('',#1175,.T.);
#1175 = EDGE_LOOP('',(#1176));
#1176 = ORIENTED_EDGE('',*,*,#1177,.F.);
#1177 = EDGE_CURVE('',#1178,#1178,#1180,.T.);
#1178 = VERTEX_POINT('',#1179);
#1179 = CARTESIAN_POINT('',(4.304E+03,-15.11047347665,968.64600738258));
#1180 = SURFACE_CURVE('',#1181,(#1233,#1288),.PCURVE_S1.);
#1181 = B_SPLINE_CURVE_WITH_KNOTS('',8,(#1182,#1183,#1184,#1185,#1186,
    #1187,#1188,#1189,#1190,#1191,#1192,#1193,#1194,#1195,#1196,#1197,
    #1198,#1199,#1200,#1201,#1202,#1203,#1204,#1205,#1206,#1207,#1208,
    #1209,#1210,#1211,#1212,#1213,#1214,#1215,#1216,#1217,#1218,#1219,
    #1220,#1221,#1222,#1223,#1224,#1225,#1226,#1227,#1228,#1229,#1230,
    #1231,#1232),.UNSPECIFIED.,.T.,.F.,(9,7,7,7,7,7,7,9),(0.,
    0.154963794596,0.286429383528,0.41147772141,0.569087336197,
    0.707459978308,0.82766775322,1.),.UNSPECIFIED.);
#1182 = CARTESIAN_POINT('',(4.304E+03,-15.11047347665,968.64600738258));
#1183 = CARTESIAN_POINT('',(4.303739423495E+03,-15.11047347665,
    968.64600738258));
#1184 = CARTESIAN_POINT('',(4.303479250469E+03,-15.13472102781,
    968.62635721585));
#1185 = CARTESIAN_POINT('',(4.303221405709E+03,-15.18308389661,
    968.58716565983));
#1186 = CARTESIAN_POINT('',(4.302968018157E+03,-15.25595553548,
    968.52781739975));
#1187 = CARTESIAN_POINT('',(4.302721911507E+03,-15.35403932084,
    968.44716968411));
#1188 = CARTESIAN_POINT('',(4.302486915753E+03,-15.47814383174,
    968.34361416176));
#1189 = CARTESIAN_POINT('',(4.302268311249E+03,-15.62889800141,
    968.21518933991));
#1190 = CARTESIAN_POINT('',(4.301908630192E+03,-15.95679204728,
    967.92821202233));
#1191 = CARTESIAN_POINT('',(4.301754412013E+03,-16.13230921388,
    967.77206597379));
#1192 = CARTESIAN_POINT('',(4.301624681362E+03,-16.32942762865,
    967.59293539461));
#1193 = CARTESIAN_POINT('',(4.301529641567E+03,-16.54238932873,
    967.39418845603));
#1194 = CARTESIAN_POINT('',(4.301476087012E+03,-16.76377417115,
    967.18102149996));
#1195 = CARTESIAN_POINT('',(4.301467291981E+03,-16.98587278886,
    966.96012322665));
#1196 = CARTESIAN_POINT('',(4.301502863577E+03,-17.20147562187,
    966.73906124535));
#1197 = CARTESIAN_POINT('',(4.30165052651E+03,-17.59760096722,
    966.32185942676));
#1198 = CARTESIAN_POINT('',(4.301756544669E+03,-17.77328120688,
    966.13139205063));
#1199 = CARTESIAN_POINT('',(4.301890067845E+03,-17.9305075321,
    965.95637199189));
#1200 = CARTESIAN_POINT('',(4.302045492238E+03,-18.06916177089,
    965.79848844464));
#1201 = CARTESIAN_POINT('',(4.302217896998E+03,-18.18960574042,
    965.65875212581));
#1202 = CARTESIAN_POINT('',(4.302402907191E+03,-18.29246724319,
    965.53761472854));
#1203 = CARTESIAN_POINT('',(4.302596627924E+03,-18.37855512026,
    965.43505035317));
#1204 = CARTESIAN_POINT('',(4.303046418068E+03,-18.53737690501,
    965.24417357652));
#1205 = CARTESIAN_POINT('',(4.303308225104E+03,-18.60172746436,
    965.1654079639));
#1206 = CARTESIAN_POINT('',(4.303576659489E+03,-18.6436199106,
    965.11353153197));
#1207 = CARTESIAN_POINT('',(4.303848611397E+03,-18.66417715156,
    965.08792956157));
#1208 = CARTESIAN_POINT('',(4.304121520492E+03,-18.66392278736,
    965.08827708856));
#1209 = CARTESIAN_POINT('',(4.304392988321E+03,-18.64279082255,
    965.11460342589));
#1210 = CARTESIAN_POINT('',(4.304660409667E+03,-18.60009171362,
    965.16730949803));
#1211 = CARTESIAN_POINT('',(4.305148490906E+03,-18.47674364167,
    965.3172511725));
#1212 = CARTESIAN_POINT('',(4.305372008757E+03,-18.40107539013,
    965.40861517524));
#1213 = CARTESIAN_POINT('',(4.305587705339E+03,-18.3063205735,
    965.52190285255));
#1214 = CARTESIAN_POINT('',(4.305791702997E+03,-18.19126369166,
    965.65758799701));
#1215 = CARTESIAN_POINT('',(4.305979217789E+03,-18.05471256138,
    965.81575045597));
#1216 = CARTESIAN_POINT('',(4.306144430084E+03,-17.89558692513,
    965.99589169963));
#1217 = CARTESIAN_POINT('',(4.306280228442E+03,-17.71320578699,
    966.19667612712));
#1218 = CARTESIAN_POINT('',(4.306462266269E+03,-17.32980451584,
    966.60559482317));
#1219 = CARTESIAN_POINT('',(4.306516623887E+03,-17.13710822551,
    966.80638854736));
#1220 = CARTESIAN_POINT('',(4.306534703874E+03,-16.93472373332,
    967.01166429652));
#1221 = CARTESIAN_POINT('',(4.306514006664E+03,-16.72860158557,
    967.21463333284));
#1222 = CARTESIAN_POINT('',(4.306455430079E+03,-16.52543430124,
    967.40882382357));
#1223 = CARTESIAN_POINT('',(4.306363177467E+03,-16.33206428972,
    967.58878827905));
#1224 = CARTESIAN_POINT('',(4.306244720916E+03,-16.15442658275,
    967.75046927642));
#1225 = CARTESIAN_POINT('',(4.305918856541E+03,-15.77104397766,
    968.09325718051));
#1226 = CARTESIAN_POINT('',(4.305688287539E+03,-15.57843732183,
    968.25960641662));
#1227 = CARTESIAN_POINT('',(4.305432261918E+03,-15.41999052698,
    968.39283633816));
#1228 = CARTESIAN_POINT('',(4.305159459014E+03,-15.29506614814,
    968.49594870861));
#1229 = CARTESIAN_POINT('',(4.304876015007E+03,-15.20250517241,
    968.57142515949));
#1230 = CARTESIAN_POINT('',(4.304586266982E+03,-15.14120233489,
    968.62110532755));
#1231 = CARTESIAN_POINT('',(4.304293340902E+03,-15.11047347665,
    968.64600738258));
#1232 = CARTESIAN_POINT('',(4.304E+03,-15.11047347665,968.64600738258));
#1233 = PCURVE('',#32,#1234);
#1234 = DEFINITIONAL_REPRESENTATION('',(#1235),#1287);
#1235 = B_SPLINE_CURVE_WITH_KNOTS('',8,(#1236,#1237,#1238,#1239,#1240,
    #1241,#1242,#1243,#1244,#1245,#1246,#1247,#1248,#1249,#1250,#1251,
    #1252,#1253,#1254,#1255,#1256,#1257,#1258,#1259,#1260,#1261,#1262,
    #1263,#1264,#1265,#1266,#1267,#1268,#1269,#1270,#1271,#1272,#1273,
    #1274,#1275,#1276,#1277,#1278,#1279,#1280,#1281,#1282,#1283,#1284,
    #1285,#1286),.UNSPECIFIED.,.T.,.F.,(9,7,7,7,7,7,7,9),(0.,
    0.154963794596,0.286429383528,0.41147772141,0.569087336197,
    0.707459978308,0.82766775322,1.),.UNSPECIFIED.);
#1236 = CARTESIAN_POINT('',(3.822634844399,79.));
#1237 = CARTESIAN_POINT('',(3.822634844399,78.739423494774));
#1238 = CARTESIAN_POINT('',(3.823935266835,78.479250469139));
#1239 = CARTESIAN_POINT('',(3.826528978207,78.221405709317));
#1240 = CARTESIAN_POINT('',(3.830444852466,77.968018156657));
#1241 = CARTESIAN_POINT('',(3.835735653313,77.721911507124));
#1242 = CARTESIAN_POINT('',(3.842469994771,77.486915752784));
#1243 = CARTESIAN_POINT('',(3.850720915068,77.268311249258));
#1244 = CARTESIAN_POINT('',(3.868876802836,76.908630191956));
#1245 = CARTESIAN_POINT('',(3.878664853359,76.754412012955));
#1246 = CARTESIAN_POINT('',(3.889761812794,76.62468136219));
#1247 = CARTESIAN_POINT('',(3.901896849254,76.529641567197));
#1248 = CARTESIAN_POINT('',(3.914698935057,76.476087012103));
#1249 = CARTESIAN_POINT('',(3.927748399256,76.467291980573));
#1250 = CARTESIAN_POINT('',(3.940613606594,76.502863576789));
#1251 = CARTESIAN_POINT('',(3.964584532512,76.650526509715));
#1252 = CARTESIAN_POINT('',(3.975379923531,76.756544668749));
#1253 = CARTESIAN_POINT('',(3.985181564152,76.890067845135));
#1254 = CARTESIAN_POINT('',(3.993935855472,77.045492238422));
#1255 = CARTESIAN_POINT('',(4.001622096711,77.217896998071));
#1256 = CARTESIAN_POINT('',(4.008243462363,77.402907191437));
#1257 = CARTESIAN_POINT('',(4.013822792282,77.596627923678));
#1258 = CARTESIAN_POINT('',(4.024169079792,78.046418067616));
#1259 = CARTESIAN_POINT('',(4.02840684664,78.308225103556));
#1260 = CARTESIAN_POINT('',(4.03118514001,78.576659489084));
#1261 = CARTESIAN_POINT('',(4.032553249327,78.848611396659));
#1262 = CARTESIAN_POINT('',(4.032535303506,79.121520492335));
#1263 = CARTESIAN_POINT('',(4.03112868798,79.392988320601));
#1264 = CARTESIAN_POINT('',(4.028302443289,79.660409667322));
#1265 = CARTESIAN_POINT('',(4.020212534817,80.148490905897));
#1266 = CARTESIAN_POINT('',(4.015269642406,80.372008756941));
#1267 = CARTESIAN_POINT('',(4.009116000459,80.587705339191));
#1268 = CARTESIAN_POINT('',(4.001703819155,80.791702996646));
#1269 = CARTESIAN_POINT('',(3.992998254728,80.9792177893));
#1270 = CARTESIAN_POINT('',(3.98298476106,81.144430083847));
#1271 = CARTESIAN_POINT('',(3.971684038769,81.280228442143));
#1272 = CARTESIAN_POINT('',(3.948327984553,81.462266268615));
#1273 = CARTESIAN_POINT('',(3.936733004415,81.516623887038));
#1274 = CARTESIAN_POINT('',(3.924723716727,81.534703873512));
#1275 = CARTESIAN_POINT('',(3.912673069828,81.514006664177));
#1276 = CARTESIAN_POINT('',(3.900965012679,81.455430079179));
#1277 = CARTESIAN_POINT('',(3.8899595899,81.363177466609));
#1278 = CARTESIAN_POINT('',(3.879951663056,81.244720916243));
#1279 = CARTESIAN_POINT('',(3.858523254752,80.918856541372));
#1280 = CARTESIAN_POINT('',(3.847920723745,80.688287539198));
#1281 = CARTESIAN_POINT('',(3.839295969498,80.432261918195));
#1282 = CARTESIAN_POINT('',(3.832546935848,80.159459014253));
#1283 = CARTESIAN_POINT('',(3.827570608558,79.876015006771));
#1284 = CARTESIAN_POINT('',(3.824282850576,79.586266982126));
#1285 = CARTESIAN_POINT('',(3.822634844399,79.293340902149));
#1286 = CARTESIAN_POINT('',(3.822634844399,79.));
#1287 = ( GEOMETRIC_REPRESENTATION_CONTEXT(2) 
PARAMETRIC_REPRESENTATION_CONTEXT() REPRESENTATION_CONTEXT('2D SPACE',''
  ) );
#1288 = PCURVE('',#1289,#1294);
#1289 = CYLINDRICAL_SURFACE('',#1290,2.5);
#1290 = AXIS2_PLACEMENT_3D('',#1291,#1292,#1293);
#1291 = CARTESIAN_POINT('',(4.304E+03,-9.899494936612,959.89949493661));
#1292 = DIRECTION('',(0.,-0.707106781187,0.707106781187));
#1293 = DIRECTION('',(0.,0.707106781187,0.707106781187));
#1294 = DEFINITIONAL_REPRESENTATION('',(#1295),#1347);
#1295 = B_SPLINE_CURVE_WITH_KNOTS('',8,(#1296,#1297,#1298,#1299,#1300,
    #1301,#1302,#1303,#1304,#1305,#1306,#1307,#1308,#1309,#1310,#1311,
    #1312,#1313,#1314,#1315,#1316,#1317,#1318,#1319,#1320,#1321,#1322,
    #1323,#1324,#1325,#1326,#1327,#1328,#1329,#1330,#1331,#1332,#1333,
    #1334,#1335,#1336,#1337,#1338,#1339,#1340,#1341,#1342,#1343,#1344,
    #1345,#1346),.UNSPECIFIED.,.F.,.F.,(9,7,7,7,7,7,7,9),(0.,
    0.154963794596,0.286429383528,0.41147772141,0.569087336197,
    0.707459978308,0.82766775322,1.),.UNSPECIFIED.);
#1296 = CARTESIAN_POINT('',(0.,9.86943652456));
#1297 = CARTESIAN_POINT('',(0.104230602091,9.86943652456));
#1298 = CARTESIAN_POINT('',(0.208299351236,9.872687366268));
#1299 = CARTESIAN_POINT('',(0.313164445144,9.87917246373));
#1300 = CARTESIAN_POINT('',(0.419671393796,9.888734936569));
#1301 = CARTESIAN_POINT('',(0.528649389202,9.901064099707));
#1302 = CARTESIAN_POINT('',(0.640952068078,9.915594428862));
#1303 = CARTESIAN_POINT('',(0.757532963684,9.931383662118));
#1304 = CARTESIAN_POINT('',(0.983242107417,9.960316158164));
#1305 = CARTESIAN_POINT('',(1.094843984738,9.974013607102));
#1306 = CARTESIAN_POINT('',(1.211611519529,9.986732927622));
#1307 = CARTESIAN_POINT('',(1.331757082097,9.996784281876));
#1308 = CARTESIAN_POINT('',(1.454000432681,10.002595205043));
#1309 = CARTESIAN_POINT('',(1.577234169025,10.003443976708));
#1310 = CARTESIAN_POINT('',(1.700400220282,9.999583775931));
#1311 = CARTESIAN_POINT('',(1.937905548076,9.984680458776));
#1312 = CARTESIAN_POINT('',(2.048760831579,9.974224374302));
#1313 = CARTESIAN_POINT('',(2.155427304563,9.961642304672));
#1314 = CARTESIAN_POINT('',(2.25838185384,9.94804513026));
#1315 = CARTESIAN_POINT('',(2.357982565883,9.934403379253));
#1316 = CARTESIAN_POINT('',(2.454498683071,9.921480370314));
#1317 = CARTESIAN_POINT('',(2.548107577187,9.909829726636));
#1318 = CARTESIAN_POINT('',(2.753419326684,9.88716342449));
#1319 = CARTESIAN_POINT('',(2.864689906941,9.876970442577));
#1320 = CARTESIAN_POINT('',(2.973844500649,9.869910698589));
#1321 = CARTESIAN_POINT('',(3.081782777113,9.866343536199));
#1322 = CARTESIAN_POINT('',(3.189347755643,9.866409412236));
#1323 = CARTESIAN_POINT('',(3.297380617771,9.870082388267));
#1324 = CARTESIAN_POINT('',(3.406771215633,9.877158379812));
#1325 = CARTESIAN_POINT('',(3.616749095687,9.895962896489));
#1326 = CARTESIAN_POINT('',(3.717268640675,9.907061468601));
#1327 = CARTESIAN_POINT('',(3.820594458803,9.920166180065));
#1328 = CARTESIAN_POINT('',(3.927181429474,9.93475256444));
#1329 = CARTESIAN_POINT('',(4.0375437176,9.950034081505));
#1330 = CARTESIAN_POINT('',(4.152277934121,9.964894360013));
#1331 = CARTESIAN_POINT('',(4.272135875052,9.977907450707));
#1332 = CARTESIAN_POINT('',(4.507770587427,9.995950994894));
#1333 = CARTESIAN_POINT('',(4.62033836067,10.001676745284));
#1334 = CARTESIAN_POINT('',(4.734235156519,10.0037211727));
#1335 = CARTESIAN_POINT('',(4.84819940998,10.001491586214));
#1336 = CARTESIAN_POINT('',(4.961044707326,9.995144034594));
#1337 = CARTESIAN_POINT('',(5.071494713374,9.985664875012));
#1338 = CARTESIAN_POINT('',(5.177917161186,9.97438177745));
#1339 = CARTESIAN_POINT('',(5.421178138745,9.945676989093));
#1340 = CARTESIAN_POINT('',(5.556319635999,9.927110189551));
#1341 = CARTESIAN_POINT('',(5.685330609807,9.90927916743));
#1342 = CARTESIAN_POINT('',(5.809578612285,9.893855748388));
#1343 = CARTESIAN_POINT('',(5.930320051018,9.881775165016));
#1344 = CARTESIAN_POINT('',(6.048677987719,9.873556696619));
#1345 = CARTESIAN_POINT('',(6.16584894632,9.86943652456));
#1346 = CARTESIAN_POINT('',(6.28318530718,9.86943652456));
#1347 = ( GEOMETRIC_REPRESENTATION_CONTEXT(2) 
PARAMETRIC_REPRESENTATION_CONTEXT() REPRESENTATION_CONTEXT('2D SPACE',''
  ) );
#1348 = FACE_BOUND('',#1349,.T.);
#1349 = EDGE_LOOP('',(#1350));
#1350 = ORIENTED_EDGE('',*,*,#1351,.F.);
#1351 = EDGE_CURVE('',#1352,#1352,#1354,.T.);
#1352 = VERTEX_POINT('',#1353);
#1353 = CARTESIAN_POINT('',(4.31425E+03,-24.,950.));
#1354 = SURFACE_CURVE('',#1355,(#1468,#1584),.PCURVE_S1.);
#1355 = B_SPLINE_CURVE_WITH_KNOTS('',6,(#1356,#1357,#1358,#1359,#1360,
    #1361,#1362,#1363,#1364,#1365,#1366,#1367,#1368,#1369,#1370,#1371,
    #1372,#1373,#1374,#1375,#1376,#1377,#1378,#1379,#1380,#1381,#1382,
    #1383,#1384,#1385,#1386,#1387,#1388,#1389,#1390,#1391,#1392,#1393,
    #1394,#1395,#1396,#1397,#1398,#1399,#1400,#1401,#1402,#1403,#1404,
    #1405,#1406,#1407,#1408,#1409,#1410,#1411,#1412,#1413,#1414,#1415,
    #1416,#1417,#1418,#1419,#1420,#1421,#1422,#1423,#1424,#1425,#1426,
    #1427,#1428,#1429,#1430,#1431,#1432,#1433,#1434,#1435,#1436,#1437,
    #1438,#1439,#1440,#1441,#1442,#1443,#1444,#1445,#1446,#1447,#1448,
    #1449,#1450,#1451,#1452,#1453,#1454,#1455,#1456,#1457,#1458,#1459,
    #1460,#1461,#1462,#1463,#1464,#1465,#1466,#1467),.UNSPECIFIED.,.T.,
  .F.,(7,5,5,5,5,5,5,5,5,5,5,5,5,5,5,5,5,5,5,5,5,5,7),(0.,
    3.819737788328E-02,9.025168967951E-02,0.114053876038,0.133566863062,
    0.199476254575,0.250539037233,0.302587048619,0.368230771819,
    0.411022585382,0.440975497995,0.500020007453,0.538029876119,
    0.590170315131,0.632396803057,0.700081995828,0.750554229932,
    0.801484553638,0.867777059341,0.887036895129,0.910397149535,
    0.940229450698,1.),.UNSPECIFIED.);
#1356 = CARTESIAN_POINT('',(4.31425E+03,-24.,950.));
#1357 = CARTESIAN_POINT('',(4.31425E+03,-24.,950.50674665259));
#1358 = CARTESIAN_POINT('',(4.314219936451E+03,-23.98716039207,
    951.01251465768));
#1359 = CARTESIAN_POINT('',(4.314160027578E+03,-23.96157415789,
    951.51301064766));
#1360 = CARTESIAN_POINT('',(4.314071525524E+03,-23.92400770755,
    952.00398373542));
#1361 = CARTESIAN_POINT('',(4.313956703841E+03,-23.875880965,
    952.48135286273));
#1362 = CARTESIAN_POINT('',(4.313631139641E+03,-23.7416739731,
    953.56817031213));
#1363 = CARTESIAN_POINT('',(4.313400707327E+03,-23.64815735939,
    954.16272187392));
#1364 = CARTESIAN_POINT('',(4.313133742164E+03,-23.54233448143,
    954.7232403329));
#1365 = CARTESIAN_POINT('',(4.312835801405E+03,-23.42797155211,
    955.24872584776));
#1366 = CARTESIAN_POINT('',(4.312512027448E+03,-23.30853889317,
    955.73876994576));
#1367 = CARTESIAN_POINT('',(4.312009591987E+03,-23.13156485745,
    956.4013289363));
#1368 = CARTESIAN_POINT('',(4.311847363854E+03,-23.07554972454,
    956.60206825741));
#1369 = CARTESIAN_POINT('',(4.311680902849E+03,-23.01930483669,
    956.79575668958));
#1370 = CARTESIAN_POINT('',(4.311510513405E+03,-22.96306525978,
    956.98250418256));
#1371 = CARTESIAN_POINT('',(4.311336462889E+03,-22.90704650743,
    957.16242365914));
#1372 = CARTESIAN_POINT('',(4.311013482785E+03,-22.80586215485,
    957.47762607548));
#1373 = CARTESIAN_POINT('',(4.310865680743E+03,-22.76056083321,
    957.61510777312));
#1374 = CARTESIAN_POINT('',(4.310715703784E+03,-22.71564917966,
    957.74813763222));
#1375 = CARTESIAN_POINT('',(4.310563670035E+03,-22.67122967592,
    957.87677322595));
#1376 = CARTESIAN_POINT('',(4.310409687443E+03,-22.6273986818,
    958.00106817656));
#1377 = CARTESIAN_POINT('',(4.3097274914E+03,-22.43849026229,
    958.5264119019));
#1378 = CARTESIAN_POINT('',(4.309179621846E+03,-22.30037072779,
    958.8830976903));
#1379 = CARTESIAN_POINT('',(4.308614447682E+03,-22.17353042614,
    959.19254457414));
#1380 = CARTESIAN_POINT('',(4.308035184724E+03,-22.06087099802,
    959.4559455935));
#1381 = CARTESIAN_POINT('',(4.307444367913E+03,-21.96467604007,
    959.67414811823));
#1382 = CARTESIAN_POINT('',(4.306379137594E+03,-21.82625047516,
    959.98180742926));
#1383 = CARTESIAN_POINT('',(4.30590867405E+03,-21.77676959446,
    960.08913784534));
#1384 = CARTESIAN_POINT('',(4.305434201242E+03,-21.73908144655,
    960.16957616193));
#1385 = CARTESIAN_POINT('',(4.304957067502E+03,-21.71375877347,
    960.22318650948));
#1386 = CARTESIAN_POINT('',(4.30447857064E+03,-21.70109444244,960.25));
#1387 = CARTESIAN_POINT('',(4.303512195599E+03,-21.70109444244,960.25));
#1388 = CARTESIAN_POINT('',(4.303024472207E+03,-21.71425217155,
    960.22214180799));
#1389 = CARTESIAN_POINT('',(4.302538192354E+03,-21.7405609137,
    960.16644402419));
#1390 = CARTESIAN_POINT('',(4.30205472788E+03,-21.77970468585,
    960.08287252714));
#1391 = CARTESIAN_POINT('',(4.301575506287E+03,-21.83106600382,
    959.97135690739));
#1392 = CARTESIAN_POINT('',(4.300504935968E+03,-21.97277100979,
    959.65580436568));
#1393 = CARTESIAN_POINT('',(4.299917302302E+03,-22.06975313079,
    959.4352987531));
#1394 = CARTESIAN_POINT('',(4.299341281434E+03,-22.18294157824,
    959.16992656594));
#1395 = CARTESIAN_POINT('',(4.298779383453E+03,-22.31005921509,
    958.85883000708));
#1396 = CARTESIAN_POINT('',(4.298234801202E+03,-22.44822025055,
    958.50080803551));
#1397 = CARTESIAN_POINT('',(4.297370724785E+03,-22.68870914529,
    957.8295375083));
#1398 = CARTESIAN_POINT('',(4.297038749696E+03,-22.78680102495,
    957.54399684377));
#1399 = CARTESIAN_POINT('',(4.296716768093E+03,-22.88713713648,
    957.23724898853));
#1400 = CARTESIAN_POINT('',(4.296406031665E+03,-22.9886318195,
    956.90864510968));
#1401 = CARTESIAN_POINT('',(4.296108129183E+03,-23.09001840671,
    956.5575208299));
#1402 = CARTESIAN_POINT('',(4.295626904941E+03,-23.25966118074,
    955.92128951588));
#1403 = CARTESIAN_POINT('',(4.295435969827E+03,-23.32874933277,
    955.6479141922));
#1404 = CARTESIAN_POINT('',(4.295253005734E+03,-23.39654026033,
    955.36300279205));
#1405 = CARTESIAN_POINT('',(4.29507885499E+03,-23.46244650659,
    955.06646767788));
#1406 = CARTESIAN_POINT('',(4.294914443938E+03,-23.5258334797,
    954.75826604789));
#1407 = CARTESIAN_POINT('',(4.2944578853E+03,-23.70467851201,
    953.80786894611));
#1408 = CARTESIAN_POINT('',(4.294193751766E+03,-23.81209700908,
    953.12574067545));
#1409 = CARTESIAN_POINT('',(4.293982649553E+03,-23.90071157161,
    952.40061493283));
#1410 = CARTESIAN_POINT('',(4.2938346926E+03,-23.96383194119,
    951.64305823209));
#1411 = CARTESIAN_POINT('',(4.293756326558E+03,-23.99729809588,
    950.86491436756));
#1412 = CARTESIAN_POINT('',(4.293746421888E+03,-24.00152811375,
    949.57231039248));
#1413 = CARTESIAN_POINT('',(4.29377255057E+03,-23.9903699045,
    949.0664647134));
#1414 = CARTESIAN_POINT('',(4.293828583615E+03,-23.96642293357,
    948.56535920495));
#1415 = CARTESIAN_POINT('',(4.293913357254E+03,-23.93039727263,
    948.07331895759));
#1416 = CARTESIAN_POINT('',(4.294024661763E+03,-23.88367357202,
    947.59450697803));
#1417 = CARTESIAN_POINT('',(4.294343715831E+03,-23.75190686807,
    946.49944827579));
#1418 = CARTESIAN_POINT('',(4.294571895533E+03,-23.65909267421,
    945.89842451494));
#1419 = CARTESIAN_POINT('',(4.29483749158E+03,-23.55353182757,
    945.33163312131));
#1420 = CARTESIAN_POINT('',(4.295134813622E+03,-23.43907565548,
    944.80021331025));
#1421 = CARTESIAN_POINT('',(4.295458555573E+03,-23.31929509187,
    944.30468715382));
#1422 = CARTESIAN_POINT('',(4.29608320799E+03,-23.09858699759,
    943.47285822561));
#1423 = CARTESIAN_POINT('',(4.296377369826E+03,-22.99818764796,
    943.12337692218));
#1424 = CARTESIAN_POINT('',(4.296684228918E+03,-22.89760318909,
    942.79603736148));
#1425 = CARTESIAN_POINT('',(4.297002224022E+03,-22.79807427816,
    942.49019329375));
#1426 = CARTESIAN_POINT('',(4.297330121903E+03,-22.70066564817,
    942.20521076541));
#1427 = CARTESIAN_POINT('',(4.298206870257E+03,-22.45504893556,
    941.51627141793));
#1428 = CARTESIAN_POINT('',(4.298770079934E+03,-22.31152781483,
    941.14391027143));
#1429 = CARTESIAN_POINT('',(4.299351896493E+03,-22.17979164447,
    940.8218645151));
#1430 = CARTESIAN_POINT('',(4.299948773323E+03,-22.06304531944,
    940.54879738637));
#1431 = CARTESIAN_POINT('',(4.300557944809E+03,-21.96379525062,
    940.32376429433));
#1432 = CARTESIAN_POINT('',(4.30163875239E+03,-21.82437604467,
    940.01412743126));
#1433 = CARTESIAN_POINT('',(4.302105758501E+03,-21.77562754158,
    939.90842483115));
#1434 = CARTESIAN_POINT('',(4.302576684351E+03,-21.73850585885,
    939.82920527206));
#1435 = CARTESIAN_POINT('',(4.303050211543E+03,-21.7135668036,
    939.77640702439));
#1436 = CARTESIAN_POINT('',(4.303525070492E+03,-21.70109444244,939.75));
#1437 = CARTESIAN_POINT('',(4.304479240002E+03,-21.70109444244,939.75));
#1438 = CARTESIAN_POINT('',(4.304958405698E+03,-21.71379422328,
    939.77688855049));
#1439 = CARTESIAN_POINT('',(4.305436202532E+03,-21.73918774357,
    939.83064887684));
#1440 = CARTESIAN_POINT('',(4.305911327427E+03,-21.77698050351,
    939.9113123003));
#1441 = CARTESIAN_POINT('',(4.306382426421E+03,-21.82659660205,
    940.01894339299));
#1442 = CARTESIAN_POINT('',(4.307454125569E+03,-21.96605058519,
    940.32893110722));
#1443 = CARTESIAN_POINT('',(4.30805058969E+03,-22.06346335131,
    940.54997010159));
#1444 = CARTESIAN_POINT('',(4.308635234886E+03,-22.17763713355,
    940.81710310093));
#1445 = CARTESIAN_POINT('',(4.309205453629E+03,-22.30621457623,
    941.13121224595));
#1446 = CARTESIAN_POINT('',(4.309757923897E+03,-22.44619550732,
    941.49354035026));
#1447 = CARTESIAN_POINT('',(4.310442370519E+03,-22.63669001488,
    942.02526281778));
#1448 = CARTESIAN_POINT('',(4.310594623292E+03,-22.68022812418,
    942.14918683891));
#1449 = CARTESIAN_POINT('',(4.310744947882E+03,-22.72433118759,
    942.27738056437));
#1450 = CARTESIAN_POINT('',(4.310893238318E+03,-22.76890486067,
    942.40989659695));
#1451 = CARTESIAN_POINT('',(4.311039378653E+03,-22.81384883454,
    942.5467912782));
#1452 = CARTESIAN_POINT('',(4.311357735976E+03,-22.91388961977,
    942.8595479785));
#1453 = CARTESIAN_POINT('',(4.311528877192E+03,-22.96910948444,
    943.03749786847));
#1454 = CARTESIAN_POINT('',(4.311696444258E+03,-23.02452785484,
    943.22208551776));
#1455 = CARTESIAN_POINT('',(4.311860179631E+03,-23.07993761491,
    943.4134189691));
#1456 = CARTESIAN_POINT('',(4.312019790579E+03,-23.13511310766,
    943.61160314846));
#1457 = CARTESIAN_POINT('',(4.312373095059E+03,-23.25966118074,
    944.0787104841));
#1458 = CARTESIAN_POINT('',(4.312564030173E+03,-23.32874933277,
    944.3520858078));
#1459 = CARTESIAN_POINT('',(4.312746994266E+03,-23.39654026033,
    944.63699720795));
#1460 = CARTESIAN_POINT('',(4.31292114501E+03,-23.46244650659,
    944.93353232211));
#1461 = CARTESIAN_POINT('',(4.313085556062E+03,-23.5258334797,
    945.2417339521));
#1462 = CARTESIAN_POINT('',(4.313547078976E+03,-23.70662313849,
    946.20246495775));
#1463 = CARTESIAN_POINT('',(4.313815061492E+03,-23.81567985852,
    946.89697879253));
#1464 = CARTESIAN_POINT('',(4.314027959689E+03,-23.90516868379,
    947.63591147015));
#1465 = CARTESIAN_POINT('',(4.314175144956E+03,-23.96803111008,
    948.407959689));
#1466 = CARTESIAN_POINT('',(4.31425E+03,-24.,949.20038337227));
#1467 = CARTESIAN_POINT('',(4.31425E+03,-24.,950.));
#1468 = PCURVE('',#32,#1469);
#1469 = DEFINITIONAL_REPRESENTATION('',(#1470),#1583);
#1470 = B_SPLINE_CURVE_WITH_KNOTS('',6,(#1471,#1472,#1473,#1474,#1475,
    #1476,#1477,#1478,#1479,#1480,#1481,#1482,#1483,#1484,#1485,#1486,
    #1487,#1488,#1489,#1490,#1491,#1492,#1493,#1494,#1495,#1496,#1497,
    #1498,#1499,#1500,#1501,#1502,#1503,#1504,#1505,#1506,#1507,#1508,
    #1509,#1510,#1511,#1512,#1513,#1514,#1515,#1516,#1517,#1518,#1519,
    #1520,#1521,#1522,#1523,#1524,#1525,#1526,#1527,#1528,#1529,#1530,
    #1531,#1532,#1533,#1534,#1535,#1536,#1537,#1538,#1539,#1540,#1541,
    #1542,#1543,#1544,#1545,#1546,#1547,#1548,#1549,#1550,#1551,#1552,
    #1553,#1554,#1555,#1556,#1557,#1558,#1559,#1560,#1561,#1562,#1563,
    #1564,#1565,#1566,#1567,#1568,#1569,#1570,#1571,#1572,#1573,#1574,
    #1575,#1576,#1577,#1578,#1579,#1580,#1581,#1582),.UNSPECIFIED.,.T.,
  .F.,(7,5,5,5,5,5,5,5,5,5,5,5,5,5,5,5,5,5,5,5,5,5,7),(0.,
    3.819737788328E-02,9.025168967951E-02,0.114053876038,0.133566863062,
    0.199476254575,0.250539037233,0.302587048619,0.368230771819,
    0.411022585382,0.440975497995,0.500020007453,0.538029876119,
    0.590170315131,0.632396803057,0.700081995828,0.750554229932,
    0.801484553638,0.867777059341,0.887036895129,0.910397149535,
    0.940229450698,1.),.UNSPECIFIED.);
#1471 = CARTESIAN_POINT('',(4.712388980385,89.25));
#1472 = CARTESIAN_POINT('',(4.691274536527,89.25));
#1473 = CARTESIAN_POINT('',(4.670200865419,89.219936450963));
#1474 = CARTESIAN_POINT('',(4.649329942959,89.160027578125));
#1475 = CARTESIAN_POINT('',(4.628822168791,89.071525524273));
#1476 = CARTESIAN_POINT('',(4.608835966538,88.956703840904));
#1477 = CARTESIAN_POINT('',(4.563207947518,88.631139641478));
#1478 = CARTESIAN_POINT('',(4.538144177967,88.400707327163));
#1479 = CARTESIAN_POINT('',(4.514392083315,88.133742164358));
#1480 = CARTESIAN_POINT('',(4.49199518704,87.835801405373));
#1481 = CARTESIAN_POINT('',(4.47098408528,87.512027448499));
#1482 = CARTESIAN_POINT('',(4.442409614313,87.009591987048));
#1483 = CARTESIAN_POINT('',(4.433726459036,86.84736385404));
#1484 = CARTESIAN_POINT('',(4.425323406266,86.68090284927));
#1485 = CARTESIAN_POINT('',(4.417197633386,86.510513405021));
#1486 = CARTESIAN_POINT('',(4.409346310152,86.336462888987));
#1487 = CARTESIAN_POINT('',(4.395552765689,86.013482785236));
#1488 = CARTESIAN_POINT('',(4.389521564509,85.865680742886));
#1489 = CARTESIAN_POINT('',(4.383671519871,85.715703783884));
#1490 = CARTESIAN_POINT('',(4.378001337715,85.563670035039));
#1491 = CARTESIAN_POINT('',(4.372509905205,85.409687443302));
#1492 = CARTESIAN_POINT('',(4.349248392945,84.727491400218));
#1493 = CARTESIAN_POINT('',(4.333315824137,84.179621845578));
#1494 = CARTESIAN_POINT('',(4.319384066786,83.614447682423));
#1495 = CARTESIAN_POINT('',(4.30744847983,83.035184724079));
#1496 = CARTESIAN_POINT('',(4.297512699371,82.444367912659));
#1497 = CARTESIAN_POINT('',(4.283455778337,81.379137593828));
#1498 = CARTESIAN_POINT('',(4.278531510924,80.908674049984));
#1499 = CARTESIAN_POINT('',(4.274830334702,80.434201241962));
#1500 = CARTESIAN_POINT('',(4.272359874178,79.95706750224));
#1501 = CARTESIAN_POINT('',(4.271124313804,79.478570639895));
#1502 = CARTESIAN_POINT('',(4.271124313804,78.512195598872));
#1503 = CARTESIAN_POINT('',(4.272408012122,78.024472206843));
#1504 = CARTESIAN_POINT('',(4.274974670233,77.538192354481));
#1505 = CARTESIAN_POINT('',(4.278819788315,77.054727880296));
#1506 = CARTESIAN_POINT('',(4.283935200618,76.575506287237));
#1507 = CARTESIAN_POINT('',(4.298348116514,75.5049359677));
#1508 = CARTESIAN_POINT('',(4.308384924879,74.917302302471));
#1509 = CARTESIAN_POINT('',(4.320404662596,74.341281433523));
#1510 = CARTESIAN_POINT('',(4.334404363005,73.779383453244));
#1511 = CARTESIAN_POINT('',(4.350389460518,73.234801201822));
#1512 = CARTESIAN_POINT('',(4.380099839983,72.370724784903));
#1513 = CARTESIAN_POINT('',(4.392678733508,72.038749696005));
#1514 = CARTESIAN_POINT('',(4.406123967548,71.716768093308));
#1515 = CARTESIAN_POINT('',(4.420450648152,71.406031664508));
#1516 = CARTESIAN_POINT('',(4.435675322012,71.108129182948));
#1517 = CARTESIAN_POINT('',(4.463111135859,70.62690494122));
#1518 = CARTESIAN_POINT('',(4.474858899412,70.43596982715));
#1519 = CARTESIAN_POINT('',(4.487059776397,70.253005733649));
#1520 = CARTESIAN_POINT('',(4.499714618395,70.078854990232));
#1521 = CARTESIAN_POINT('',(4.512823278727,69.914443938217));
#1522 = CARTESIAN_POINT('',(4.553118202687,69.457885299535));
#1523 = CARTESIAN_POINT('',(4.581877719212,69.193751765524));
#1524 = CARTESIAN_POINT('',(4.612287187883,68.982649552873));
#1525 = CARTESIAN_POINT('',(4.643923611143,68.834692599653));
#1526 = CARTESIAN_POINT('',(4.676350700451,68.756326557877));
#1527 = CARTESIAN_POINT('',(4.730209487799,68.746421888052));
#1528 = CARTESIAN_POINT('',(4.751284761211,68.772550570192));
#1529 = CARTESIAN_POINT('',(4.772177650667,68.8285836153));
#1530 = CARTESIAN_POINT('',(4.792724900906,68.913357253838));
#1531 = CARTESIAN_POINT('',(4.812765103299,69.024661762629));
#1532 = CARTESIAN_POINT('',(4.85872168051,69.343715831471));
#1533 = CARTESIAN_POINT('',(4.884046989725,69.571895533356));
#1534 = CARTESIAN_POINT('',(4.908053450515,69.837491579769));
#1535 = CARTESIAN_POINT('',(4.930692473736,70.134813621565));
#1536 = CARTESIAN_POINT('',(4.951928809729,70.45855557318));
#1537 = CARTESIAN_POINT('',(4.987787604673,71.083207990427));
#1538 = CARTESIAN_POINT('',(5.002935166885,71.377369825951));
#1539 = CARTESIAN_POINT('',(5.017200381724,71.684228917804));
#1540 = CARTESIAN_POINT('',(5.030599401243,72.00222402163));
#1541 = CARTESIAN_POINT('',(5.043147069818,72.330121903112));
#1542 = CARTESIAN_POINT('',(5.073622611982,73.206870256987));
#1543 = CARTESIAN_POINT('',(5.090244859653,73.770079933611));
#1544 = CARTESIAN_POINT('',(5.104739361961,74.35189649273));
#1545 = CARTESIAN_POINT('',(5.117112106416,74.948773322803));
#1546 = CARTESIAN_POINT('',(5.127359642912,75.557944809042));
#1547 = CARTESIAN_POINT('',(5.141508694581,76.63875238959));
#1548 = CARTESIAN_POINT('',(5.146358599498,77.105758501357));
#1549 = CARTESIAN_POINT('',(5.15000378005,77.57668435097));
#1550 = CARTESIAN_POINT('',(5.15243681587,78.050211543477));
#1551 = CARTESIAN_POINT('',(5.153653646965,78.525070492409));
#1552 = CARTESIAN_POINT('',(5.153653646965,79.47924000173));
#1553 = CARTESIAN_POINT('',(5.152414627963,79.95840569812));
#1554 = CARTESIAN_POINT('',(5.149937255815,80.436202532499));
#1555 = CARTESIAN_POINT('',(5.14622573736,80.91132742667));
#1556 = CARTESIAN_POINT('',(5.141287735408,81.382426420763));
#1557 = CARTESIAN_POINT('',(5.127124758169,82.454125569164));
#1558 = CARTESIAN_POINT('',(5.117060374144,83.050589690321));
#1559 = CARTESIAN_POINT('',(5.104957049093,83.635234885678));
#1560 = CARTESIAN_POINT('',(5.090818222216,84.205453628809));
#1561 = CARTESIAN_POINT('',(5.074638640241,84.757923897277));
#1562 = CARTESIAN_POINT('',(5.051104646658,85.442370518878));
#1563 = CARTESIAN_POINT('',(5.045631843888,85.594623292186));
#1564 = CARTESIAN_POINT('',(5.039983362309,85.744947881961));
#1565 = CARTESIAN_POINT('',(5.034158100152,85.893238318248));
#1566 = CARTESIAN_POINT('',(5.028154783062,86.039378653056));
#1567 = CARTESIAN_POINT('',(5.014472823104,86.357735975525));
#1568 = CARTESIAN_POINT('',(5.006709739543,86.528877191831));
#1569 = CARTESIAN_POINT('',(4.998679981631,86.696444257504));
#1570 = CARTESIAN_POINT('',(4.990380836236,86.860179630605));
#1571 = CARTESIAN_POINT('',(4.981809608871,87.019790579024));
#1572 = CARTESIAN_POINT('',(4.96166682491,87.373095058778));
#1573 = CARTESIAN_POINT('',(4.949919061357,87.56403017285));
#1574 = CARTESIAN_POINT('',(4.937718184372,87.746994266352));
#1575 = CARTESIAN_POINT('',(4.925063342374,87.921145009767));
#1576 = CARTESIAN_POINT('',(4.911954682042,88.085556061782));
#1577 = CARTESIAN_POINT('',(4.87122162136,88.547078976003));
#1578 = CARTESIAN_POINT('',(4.841942309921,88.815061492254));
#1579 = CARTESIAN_POINT('',(4.810959055615,89.027959688598));
#1580 = CARTESIAN_POINT('',(4.77872403804,89.175144956418));
#1581 = CARTESIAN_POINT('',(4.745706339873,89.25));
#1582 = CARTESIAN_POINT('',(4.712388980385,89.25));
#1583 = ( GEOMETRIC_REPRESENTATION_CONTEXT(2) 
PARAMETRIC_REPRESENTATION_CONTEXT() REPRESENTATION_CONTEXT('2D SPACE',''
  ) );
#1584 = PCURVE('',#1585,#1590);
#1585 = CYLINDRICAL_SURFACE('',#1586,10.25);
#1586 = AXIS2_PLACEMENT_3D('',#1587,#1588,#1589);
#1587 = CARTESIAN_POINT('',(4.304E+03,-16.8,950.));
#1588 = DIRECTION('',(0.,-1.,2.22044604925E-16));
#1589 = DIRECTION('',(1.,0.,0.));
#1590 = DEFINITIONAL_REPRESENTATION('',(#1591),#1704);
#1591 = B_SPLINE_CURVE_WITH_KNOTS('',6,(#1592,#1593,#1594,#1595,#1596,
    #1597,#1598,#1599,#1600,#1601,#1602,#1603,#1604,#1605,#1606,#1607,
    #1608,#1609,#1610,#1611,#1612,#1613,#1614,#1615,#1616,#1617,#1618,
    #1619,#1620,#1621,#1622,#1623,#1624,#1625,#1626,#1627,#1628,#1629,
    #1630,#1631,#1632,#1633,#1634,#1635,#1636,#1637,#1638,#1639,#1640,
    #1641,#1642,#1643,#1644,#1645,#1646,#1647,#1648,#1649,#1650,#1651,
    #1652,#1653,#1654,#1655,#1656,#1657,#1658,#1659,#1660,#1661,#1662,
    #1663,#1664,#1665,#1666,#1667,#1668,#1669,#1670,#1671,#1672,#1673,
    #1674,#1675,#1676,#1677,#1678,#1679,#1680,#1681,#1682,#1683,#1684,
    #1685,#1686,#1687,#1688,#1689,#1690,#1691,#1692,#1693,#1694,#1695,
    #1696,#1697,#1698,#1699,#1700,#1701,#1702,#1703),.UNSPECIFIED.,.F.,
  .F.,(7,5,5,5,5,5,5,5,5,5,5,5,5,5,5,5,5,5,5,5,5,5,7),(0.,
    3.819737788328E-02,9.025168967951E-02,0.114053876038,0.133566863062,
    0.199476254575,0.250539037233,0.302587048619,0.368230771819,
    0.411022585382,0.440975497995,0.500020007453,0.538029876119,
    0.590170315131,0.632396803057,0.700081995828,0.750554229932,
    0.801484553638,0.867777059341,0.887036895129,0.910397149535,
    0.940229450698,1.),.UNSPECIFIED.);
#1592 = CARTESIAN_POINT('',(0.,7.2));
#1593 = CARTESIAN_POINT('',(4.943869781417E-02,7.2));
#1594 = CARTESIAN_POINT('',(9.878191348081E-02,7.187160392077));
#1595 = CARTESIAN_POINT('',(0.147828321458,7.161574157892));
#1596 = CARTESIAN_POINT('',(0.19637637868,7.124007707557));
#1597 = CARTESIAN_POINT('',(0.244204810013,7.075880965003));
#1598 = CARTESIAN_POINT('',(0.354890917149,6.941673973102));
#1599 = CARTESIAN_POINT('',(0.41690763921,6.848157359393));
#1600 = CARTESIAN_POINT('',(0.477234597245,6.742334481433));
#1601 = CARTESIAN_POINT('',(0.535958256368,6.627971552115));
#1602 = CARTESIAN_POINT('',(0.593139324121,6.508538893174));
#1603 = CARTESIAN_POINT('',(0.674263244069,6.331564857459));
#1604 = CARTESIAN_POINT('',(0.699431610999,6.275549724548));
#1605 = CARTESIAN_POINT('',(0.724330784365,6.219304836691));
#1606 = CARTESIAN_POINT('',(0.748978019345,6.16306525978));
#1607 = CARTESIAN_POINT('',(0.773390393374,6.107046507434));
#1608 = CARTESIAN_POINT('',(0.817419339634,6.005862154858));
#1609 = CARTESIAN_POINT('',(0.837107186787,5.960560833218));
#1610 = CARTESIAN_POINT('',(0.856657503814,5.915649179669));
#1611 = CARTESIAN_POINT('',(0.876079061004,5.871229675921));
#1612 = CARTESIAN_POINT('',(0.895380242726,5.827398681803));
#1613 = CARTESIAN_POINT('',(0.979383442062,5.638490262296));
#1614 = CARTESIAN_POINT('',(1.042964197548,5.500370727797));
#1615 = CARTESIAN_POINT('',(1.105560514895,5.373530426147));
#1616 = CARTESIAN_POINT('',(1.16739272454,5.260870998028));
#1617 = CARTESIAN_POINT('',(1.228676964308,5.164676040076));
#1618 = CARTESIAN_POINT('',(1.336849601961,5.026250475161));
#1619 = CARTESIAN_POINT('',(1.383851673789,4.976769594466));
#1620 = CARTESIAN_POINT('',(1.430691058306,4.939081446551));
#1621 = CARTESIAN_POINT('',(1.477423882916,4.913758773474));
#1622 = CARTESIAN_POINT('',(1.524106508269,4.901094442447));
#1623 = CARTESIAN_POINT('',(1.618387000076,4.901094442447));
#1624 = CARTESIAN_POINT('',(1.665969775144,4.914252171551));
#1625 = CARTESIAN_POINT('',(1.713605712317,4.940560913707));
#1626 = CARTESIAN_POINT('',(1.761354726962,4.979704685859));
#1627 = CARTESIAN_POINT('',(1.809276492349,5.031066003821));
#1628 = CARTESIAN_POINT('',(1.918164953065,5.172771009792));
#1629 = CARTESIAN_POINT('',(1.979238293713,5.269753130795));
#1630 = CARTESIAN_POINT('',(2.040865453944,5.382941578244));
#1631 = CARTESIAN_POINT('',(2.10326192187,5.510059215092));
#1632 = CARTESIAN_POINT('',(2.166647402638,5.648220250557));
#1633 = CARTESIAN_POINT('',(2.273396773583,5.888709145295));
#1634 = CARTESIAN_POINT('',(2.316063815768,5.986801024952));
#1635 = CARTESIAN_POINT('',(2.359365063394,6.087137136484));
#1636 = CARTESIAN_POINT('',(2.403394133514,6.188631819509));
#1637 = CARTESIAN_POINT('',(2.448247821854,6.290018406711));
#1638 = CARTESIAN_POINT('',(2.526074766091,6.459661180741));
#1639 = CARTESIAN_POINT('',(2.558583312239,6.528749332776));
#1640 = CARTESIAN_POINT('',(2.591579659005,6.596540260334));
#1641 = CARTESIAN_POINT('',(2.625088711254,6.662446506594));
#1642 = CARTESIAN_POINT('',(2.659137634613,6.725833479707));
#1643 = CARTESIAN_POINT('',(2.762003201475,6.904678512017));
#1644 = CARTESIAN_POINT('',(2.833148054419,7.012097009089));
#1645 = CARTESIAN_POINT('',(2.906406094637,7.100711571612));
#1646 = CARTESIAN_POINT('',(2.981235654297,7.163831941196));
#1647 = CARTESIAN_POINT('',(3.057208436831,7.197298095883));
#1648 = CARTESIAN_POINT('',(3.183319843868,7.201528113757));
#1649 = CARTESIAN_POINT('',(3.232649656193,7.190369904509));
#1650 = CARTESIAN_POINT('',(3.281711560408,7.16642293357));
#1651 = CARTESIAN_POINT('',(3.330298581095,7.130397272631));
#1652 = CARTESIAN_POINT('',(3.378184672566,7.083673572023));
#1653 = CARTESIAN_POINT('',(3.489461895941,6.95190686807));
#1654 = CARTESIAN_POINT('',(3.551984726555,6.859092674213));
#1655 = CARTESIAN_POINT('',(3.612801891052,6.753531827578));
#1656 = CARTESIAN_POINT('',(3.671995243342,6.63907565548));
#1657 = CARTESIAN_POINT('',(3.729618983614,6.519295091874));
#1658 = CARTESIAN_POINT('',(3.831107254874,6.298586997599));
#1659 = CARTESIAN_POINT('',(3.875604644759,6.198187647966));
#1660 = CARTESIAN_POINT('',(3.919286797665,6.097603189098));
#1661 = CARTESIAN_POINT('',(3.962248094392,5.998074278162));
#1662 = CARTESIAN_POINT('',(4.004579871409,5.900665648178));
#1663 = CARTESIAN_POINT('',(4.113364738456,5.655048935567));
#1664 = CARTESIAN_POINT('',(4.179014767208,5.511527814834));
#1665 = CARTESIAN_POINT('',(4.243600054625,5.379791644473));
#1666 = CARTESIAN_POINT('',(4.307363275396,5.263045319445));
#1667 = CARTESIAN_POINT('',(4.370542758154,5.163795250623));
#1668 = CARTESIAN_POINT('',(4.480229240711,5.024376044679));
#1669 = CARTESIAN_POINT('',(4.526868964928,4.975627541581));
#1670 = CARTESIAN_POINT('',(4.573349870833,4.938505858858));
#1671 = CARTESIAN_POINT('',(4.619726687293,4.913566803603));
#1672 = CARTESIAN_POINT('',(4.666054394278,4.901094442447));
#1673 = CARTESIAN_POINT('',(4.759144102505,4.901094442447));
#1674 = CARTESIAN_POINT('',(4.805891979993,4.913794223287));
#1675 = CARTESIAN_POINT('',(4.852690266463,4.93918774357));
#1676 = CARTESIAN_POINT('',(4.899595575931,4.976980503517));
#1677 = CARTESIAN_POINT('',(4.946664288628,5.026596602057));
#1678 = CARTESIAN_POINT('',(5.055506290164,5.16605058519));
#1679 = CARTESIAN_POINT('',(5.117398447802,5.26346335131));
#1680 = CARTESIAN_POINT('',(5.179851982824,5.377637133554));
#1681 = CARTESIAN_POINT('',(5.243090360176,5.506214576239));
#1682 = CARTESIAN_POINT('',(5.307341303432,5.646195507325));
#1683 = CARTESIAN_POINT('',(5.391898924577,5.836690014886));
#1684 = CARTESIAN_POINT('',(5.411046333912,5.880228124189));
#1685 = CARTESIAN_POINT('',(5.430313082282,5.924331187593));
#1686 = CARTESIAN_POINT('',(5.449707368622,5.96890486067));
#1687 = CARTESIAN_POINT('',(5.469237760156,6.013848834547));
#1688 = CARTESIAN_POINT('',(5.512777523746,6.113889619778));
#1689 = CARTESIAN_POINT('',(5.536854944424,6.169109484449));
#1690 = CARTESIAN_POINT('',(5.561161661007,6.224527854843));
#1691 = CARTESIAN_POINT('',(5.585714028926,6.279937614918));
#1692 = CARTESIAN_POINT('',(5.610528552475,6.335113107668));
#1693 = CARTESIAN_POINT('',(5.667667419681,6.45966118074));
#1694 = CARTESIAN_POINT('',(5.700175965829,6.528749332776));
#1695 = CARTESIAN_POINT('',(5.733172312595,6.596540260335));
#1696 = CARTESIAN_POINT('',(5.766681364844,6.662446506594));
#1697 = CARTESIAN_POINT('',(5.800730288203,6.725833479706));
#1698 = CARTESIAN_POINT('',(5.904714337937,6.906623138498));
#1699 = CARTESIAN_POINT('',(5.977110982882,7.015679858528));
#1700 = CARTESIAN_POINT('',(6.051687669368,7.105168683791));
#1701 = CARTESIAN_POINT('',(6.127864364545,7.16803111008));
#1702 = CARTESIAN_POINT('',(6.205173928864,7.2));
#1703 = CARTESIAN_POINT('',(6.28318530718,7.2));
#1704 = ( GEOMETRIC_REPRESENTATION_CONTEXT(2) 
PARAMETRIC_REPRESENTATION_CONTEXT() REPRESENTATION_CONTEXT('2D SPACE',''
  ) );
#1705 = FACE_BOUND('',#1706,.T.);
#1706 = EDGE_LOOP('',(#1707));
#1707 = ORIENTED_EDGE('',*,*,#1708,.F.);
#1708 = EDGE_CURVE('',#1709,#1709,#1711,.T.);
#1709 = VERTEX_POINT('',#1710);
#1710 = CARTESIAN_POINT('',(4.304E+03,-15.11047347665,931.35399261741));
#1711 = SURFACE_CURVE('',#1712,(#1764,#1819),.PCURVE_S1.);
#1712 = B_SPLINE_CURVE_WITH_KNOTS('',8,(#1713,#1714,#1715,#1716,#1717,
    #1718,#1719,#1720,#1721,#1722,#1723,#1724,#1725,#1726,#1727,#1728,
    #1729,#1730,#1731,#1732,#1733,#1734,#1735,#1736,#1737,#1738,#1739,
    #1740,#1741,#1742,#1743,#1744,#1745,#1746,#1747,#1748,#1749,#1750,
    #1751,#1752,#1753,#1754,#1755,#1756,#1757,#1758,#1759,#1760,#1761,
    #1762,#1763),.UNSPECIFIED.,.T.,.F.,(9,7,7,7,7,7,7,9),(0.,
    0.15496379204,0.286429381371,0.411477719631,0.569087334894,
    0.707459977423,0.827667752699,1.),.UNSPECIFIED.);
#1713 = CARTESIAN_POINT('',(4.304E+03,-15.11047347665,931.35399261741));
#1714 = CARTESIAN_POINT('',(4.3042605765E+03,-15.11047347665,
    931.35399261741));
#1715 = CARTESIAN_POINT('',(4.304520749545E+03,-15.13472103048,
    931.37364278644));
#1716 = CARTESIAN_POINT('',(4.304778594276E+03,-15.1830838907,
    931.41283433505));
#1717 = CARTESIAN_POINT('',(4.305031981843E+03,-15.2559555379,
    931.47218260236));
#1718 = CARTESIAN_POINT('',(4.305278088508E+03,-15.35403932663,
    931.55283032088));
#1719 = CARTESIAN_POINT('',(4.305513084234E+03,-15.47814382375,
    931.65638583128));
#1720 = CARTESIAN_POINT('',(4.305731688755E+03,-15.62889800487,
    931.78481066312));
#1721 = CARTESIAN_POINT('',(4.306091369808E+03,-15.95679204728,
    932.07178797766));
#1722 = CARTESIAN_POINT('',(4.306245587987E+03,-16.13230921388,
    932.2279340262));
#1723 = CARTESIAN_POINT('',(4.306375318638E+03,-16.32942762865,
    932.40706460538));
#1724 = CARTESIAN_POINT('',(4.306470358433E+03,-16.54238932873,
    932.60581154397));
#1725 = CARTESIAN_POINT('',(4.306523912988E+03,-16.76377417115,
    932.81897850003));
#1726 = CARTESIAN_POINT('',(4.306532708019E+03,-16.98587278886,
    933.03987677334));
#1727 = CARTESIAN_POINT('',(4.306497136423E+03,-17.20147562187,
    933.26093875464));
#1728 = CARTESIAN_POINT('',(4.30634947349E+03,-17.59760096722,
    933.67814057323));
#1729 = CARTESIAN_POINT('',(4.306243455331E+03,-17.77328120688,
    933.86860794936));
#1730 = CARTESIAN_POINT('',(4.306109932155E+03,-17.9305075321,
    934.0436280081));
#1731 = CARTESIAN_POINT('',(4.305954507762E+03,-18.06916177089,
    934.20151155536));
#1732 = CARTESIAN_POINT('',(4.305782103002E+03,-18.18960574042,
    934.34124787418));
#1733 = CARTESIAN_POINT('',(4.305597092809E+03,-18.29246724319,
    934.46238527145));
#1734 = CARTESIAN_POINT('',(4.305403372076E+03,-18.37855512026,
    934.56494964682));
#1735 = CARTESIAN_POINT('',(4.304953581932E+03,-18.53737690501,
    934.75582642348));
#1736 = CARTESIAN_POINT('',(4.304691774896E+03,-18.60172746436,
    934.83459203609));
#1737 = CARTESIAN_POINT('',(4.304423340511E+03,-18.6436199106,
    934.88646846802));
#1738 = CARTESIAN_POINT('',(4.304151388603E+03,-18.66417715156,
    934.91207043842));
#1739 = CARTESIAN_POINT('',(4.303878479508E+03,-18.66392278736,
    934.91172291143));
#1740 = CARTESIAN_POINT('',(4.303607011679E+03,-18.64279082255,
    934.8853965741));
#1741 = CARTESIAN_POINT('',(4.303339590333E+03,-18.60009171362,
    934.83269050196));
#1742 = CARTESIAN_POINT('',(4.302851509094E+03,-18.47674364167,
    934.68274882749));
#1743 = CARTESIAN_POINT('',(4.302627991243E+03,-18.40107539013,
    934.59138482475));
#1744 = CARTESIAN_POINT('',(4.302412294661E+03,-18.3063205735,
    934.47809714744));
#1745 = CARTESIAN_POINT('',(4.302208297003E+03,-18.19126369166,
    934.34241200298));
#1746 = CARTESIAN_POINT('',(4.302020782211E+03,-18.05471256138,
    934.18424954402));
#1747 = CARTESIAN_POINT('',(4.301855569916E+03,-17.89558692513,
    934.00410830036));
#1748 = CARTESIAN_POINT('',(4.301719771558E+03,-17.71320578699,
    933.80332387287));
#1749 = CARTESIAN_POINT('',(4.301537733731E+03,-17.32980451584,
    933.39440517682));
#1750 = CARTESIAN_POINT('',(4.301483376113E+03,-17.13710822551,
    933.19361145263));
#1751 = CARTESIAN_POINT('',(4.301465296126E+03,-16.93472373332,
    932.98833570347));
#1752 = CARTESIAN_POINT('',(4.301485993336E+03,-16.72860158557,
    932.78536666716));
#1753 = CARTESIAN_POINT('',(4.301544569921E+03,-16.52543430124,
    932.59117617642));
#1754 = CARTESIAN_POINT('',(4.301636822533E+03,-16.33206428973,
    932.41121172095));
#1755 = CARTESIAN_POINT('',(4.301755279084E+03,-16.15442658275,
    932.24953072357));
#1756 = CARTESIAN_POINT('',(4.302081143459E+03,-15.77104397766,
    931.90674281948));
#1757 = CARTESIAN_POINT('',(4.302311712461E+03,-15.57843732183,
    931.74039358337));
#1758 = CARTESIAN_POINT('',(4.302567738082E+03,-15.41999052698,
    931.60716366183));
#1759 = CARTESIAN_POINT('',(4.302840540986E+03,-15.29506614814,
    931.50405129138));
#1760 = CARTESIAN_POINT('',(4.303123984993E+03,-15.20250517241,
    931.4285748405));
#1761 = CARTESIAN_POINT('',(4.303413733018E+03,-15.14120233489,
    931.37889467244));
#1762 = CARTESIAN_POINT('',(4.303706659098E+03,-15.11047347665,
    931.35399261741));
#1763 = CARTESIAN_POINT('',(4.304E+03,-15.11047347665,931.35399261741));
#1764 = PCURVE('',#32,#1765);
#1765 = DEFINITIONAL_REPRESENTATION('',(#1766),#1818);
#1766 = B_SPLINE_CURVE_WITH_KNOTS('',8,(#1767,#1768,#1769,#1770,#1771,
    #1772,#1773,#1774,#1775,#1776,#1777,#1778,#1779,#1780,#1781,#1782,
    #1783,#1784,#1785,#1786,#1787,#1788,#1789,#1790,#1791,#1792,#1793,
    #1794,#1795,#1796,#1797,#1798,#1799,#1800,#1801,#1802,#1803,#1804,
    #1805,#1806,#1807,#1808,#1809,#1810,#1811,#1812,#1813,#1814,#1815,
    #1816,#1817),.UNSPECIFIED.,.T.,.F.,(9,7,7,7,7,7,7,9),(0.,
    0.15496379204,0.286429381371,0.411477719631,0.569087334894,
    0.707459977423,0.827667752699,1.),.UNSPECIFIED.);
#1767 = CARTESIAN_POINT('',(5.602143116371,79.));
#1768 = CARTESIAN_POINT('',(5.602143116371,79.260576500231));
#1769 = CARTESIAN_POINT('',(5.600842693787,79.520749545347));
#1770 = CARTESIAN_POINT('',(5.598248982888,79.77859427572));
#1771 = CARTESIAN_POINT('',(5.594333108169,80.031981842546));
#1772 = CARTESIAN_POINT('',(5.589042307138,80.278088507898));
#1773 = CARTESIAN_POINT('',(5.582307966439,80.513084234497));
#1774 = CARTESIAN_POINT('',(5.574057045509,80.73168875454));
#1775 = CARTESIAN_POINT('',(5.555901157933,81.091369808044));
#1776 = CARTESIAN_POINT('',(5.546113107411,81.245587987044));
#1777 = CARTESIAN_POINT('',(5.535016147975,81.375318637811));
#1778 = CARTESIAN_POINT('',(5.522881111516,81.470358432801));
#1779 = CARTESIAN_POINT('',(5.510079025713,81.523912987898));
#1780 = CARTESIAN_POINT('',(5.497029561513,81.532708019427));
#1781 = CARTESIAN_POINT('',(5.484164354176,81.497136423211));
#1782 = CARTESIAN_POINT('',(5.460193428258,81.349473490285));
#1783 = CARTESIAN_POINT('',(5.449398037238,81.243455331251));
#1784 = CARTESIAN_POINT('',(5.439596396618,81.109932154865));
#1785 = CARTESIAN_POINT('',(5.430842105297,80.954507761578));
#1786 = CARTESIAN_POINT('',(5.423155864059,80.782103001929));
#1787 = CARTESIAN_POINT('',(5.416534498406,80.597092808563));
#1788 = CARTESIAN_POINT('',(5.410955168488,80.403372076322));
#1789 = CARTESIAN_POINT('',(5.400608880978,79.953581932384));
#1790 = CARTESIAN_POINT('',(5.396371114129,79.691774896445));
#1791 = CARTESIAN_POINT('',(5.393592820759,79.423340510915));
#1792 = CARTESIAN_POINT('',(5.392224711443,79.151388603341));
#1793 = CARTESIAN_POINT('',(5.392242657263,78.878479507665));
#1794 = CARTESIAN_POINT('',(5.393649272789,78.607011679398));
#1795 = CARTESIAN_POINT('',(5.396475517481,78.339590332678));
#1796 = CARTESIAN_POINT('',(5.404565425953,77.851509094103));
#1797 = CARTESIAN_POINT('',(5.409508318364,77.627991243058));
#1798 = CARTESIAN_POINT('',(5.415661960311,77.41229466081));
#1799 = CARTESIAN_POINT('',(5.423074141615,77.208297003354));
#1800 = CARTESIAN_POINT('',(5.431779706041,77.0207822107));
#1801 = CARTESIAN_POINT('',(5.44179319971,76.855569916153));
#1802 = CARTESIAN_POINT('',(5.453093922,76.719771557857));
#1803 = CARTESIAN_POINT('',(5.476449976217,76.537733731385));
#1804 = CARTESIAN_POINT('',(5.488044956355,76.483376112962));
#1805 = CARTESIAN_POINT('',(5.500054244043,76.465296126489));
#1806 = CARTESIAN_POINT('',(5.512104890942,76.485993335821));
#1807 = CARTESIAN_POINT('',(5.52381294809,76.544569920823));
#1808 = CARTESIAN_POINT('',(5.534818370869,76.636822533389));
#1809 = CARTESIAN_POINT('',(5.544826297713,76.755279083757));
#1810 = CARTESIAN_POINT('',(5.566254706017,77.081143458629));
#1811 = CARTESIAN_POINT('',(5.576857237024,77.311712460801));
#1812 = CARTESIAN_POINT('',(5.585481991271,77.567738081808));
#1813 = CARTESIAN_POINT('',(5.592231024921,77.840540985742));
#1814 = CARTESIAN_POINT('',(5.597207352212,78.123984993234));
#1815 = CARTESIAN_POINT('',(5.600495110194,78.413733017871));
#1816 = CARTESIAN_POINT('',(5.602143116371,78.706659097852));
#1817 = CARTESIAN_POINT('',(5.602143116371,79.));
#1818 = ( GEOMETRIC_REPRESENTATION_CONTEXT(2) 
PARAMETRIC_REPRESENTATION_CONTEXT() REPRESENTATION_CONTEXT('2D SPACE',''
  ) );
#1819 = PCURVE('',#1820,#1825);
#1820 = CYLINDRICAL_SURFACE('',#1821,2.5);
#1821 = AXIS2_PLACEMENT_3D('',#1822,#1823,#1824);
#1822 = CARTESIAN_POINT('',(4.304E+03,-9.899494936612,940.10050506338));
#1823 = DIRECTION('',(0.,-0.707106781187,-0.707106781187));
#1824 = DIRECTION('',(0.,0.707106781187,-0.707106781187));
#1825 = DEFINITIONAL_REPRESENTATION('',(#1826),#1878);
#1826 = B_SPLINE_CURVE_WITH_KNOTS('',8,(#1827,#1828,#1829,#1830,#1831,
    #1832,#1833,#1834,#1835,#1836,#1837,#1838,#1839,#1840,#1841,#1842,
    #1843,#1844,#1845,#1846,#1847,#1848,#1849,#1850,#1851,#1852,#1853,
    #1854,#1855,#1856,#1857,#1858,#1859,#1860,#1861,#1862,#1863,#1864,
    #1865,#1866,#1867,#1868,#1869,#1870,#1871,#1872,#1873,#1874,#1875,
    #1876,#1877),.UNSPECIFIED.,.F.,.F.,(9,7,7,7,7,7,7,9),(0.,
    0.15496379204,0.286429381371,0.411477719631,0.569087334894,
    0.707459977423,0.827667752699,1.),.UNSPECIFIED.);
#1827 = CARTESIAN_POINT('',(0.,9.86943652456));
#1828 = CARTESIAN_POINT('',(0.104230600092,9.86943652456));
#1829 = CARTESIAN_POINT('',(0.208299357589,9.87268736653));
#1830 = CARTESIAN_POINT('',(0.313164437871,9.879172463161));
#1831 = CARTESIAN_POINT('',(0.419671394077,9.888734936786));
#1832 = CARTESIAN_POINT('',(0.528649396465,9.901064100266));
#1833 = CARTESIAN_POINT('',(0.640952061114,9.915594428127));
#1834 = CARTESIAN_POINT('',(0.757532966067,9.931383662424));
#1835 = CARTESIAN_POINT('',(0.983242107416,9.960316158164));
#1836 = CARTESIAN_POINT('',(1.094843984738,9.974013607102));
#1837 = CARTESIAN_POINT('',(1.21161151953,9.986732927622));
#1838 = CARTESIAN_POINT('',(1.331757082096,9.996784281875));
#1839 = CARTESIAN_POINT('',(1.454000432682,10.002595205043));
#1840 = CARTESIAN_POINT('',(1.577234169025,10.003443976708));
#1841 = CARTESIAN_POINT('',(1.700400220282,9.999583775931));
#1842 = CARTESIAN_POINT('',(1.937905548076,9.984680458776));
#1843 = CARTESIAN_POINT('',(2.048760831578,9.974224374302));
#1844 = CARTESIAN_POINT('',(2.155427304563,9.961642304672));
#1845 = CARTESIAN_POINT('',(2.25838185384,9.94804513026));
#1846 = CARTESIAN_POINT('',(2.357982565883,9.934403379253));
#1847 = CARTESIAN_POINT('',(2.454498683071,9.921480370314));
#1848 = CARTESIAN_POINT('',(2.548107577187,9.909829726636));
#1849 = CARTESIAN_POINT('',(2.753419326684,9.88716342449));
#1850 = CARTESIAN_POINT('',(2.864689906941,9.876970442577));
#1851 = CARTESIAN_POINT('',(2.973844500649,9.869910698589));
#1852 = CARTESIAN_POINT('',(3.081782777113,9.866343536199));
#1853 = CARTESIAN_POINT('',(3.189347755642,9.866409412236));
#1854 = CARTESIAN_POINT('',(3.297380617771,9.870082388267));
#1855 = CARTESIAN_POINT('',(3.406771215633,9.877158379812));
#1856 = CARTESIAN_POINT('',(3.616749095687,9.895962896489));
#1857 = CARTESIAN_POINT('',(3.717268640675,9.907061468601));
#1858 = CARTESIAN_POINT('',(3.820594458803,9.920166180065));
#1859 = CARTESIAN_POINT('',(3.927181429474,9.93475256444));
#1860 = CARTESIAN_POINT('',(4.037543717601,9.950034081505));
#1861 = CARTESIAN_POINT('',(4.152277934121,9.964894360013));
#1862 = CARTESIAN_POINT('',(4.272135875052,9.977907450707));
#1863 = CARTESIAN_POINT('',(4.507770587428,9.995950994894));
#1864 = CARTESIAN_POINT('',(4.62033836067,10.001676745284));
#1865 = CARTESIAN_POINT('',(4.734235156519,10.0037211727));
#1866 = CARTESIAN_POINT('',(4.84819940998,10.001491586214));
#1867 = CARTESIAN_POINT('',(4.961044707327,9.995144034594));
#1868 = CARTESIAN_POINT('',(5.071494713374,9.985664875012));
#1869 = CARTESIAN_POINT('',(5.177917161186,9.97438177745));
#1870 = CARTESIAN_POINT('',(5.421178138745,9.945676989093));
#1871 = CARTESIAN_POINT('',(5.556319635999,9.927110189551));
#1872 = CARTESIAN_POINT('',(5.685330609807,9.90927916743));
#1873 = CARTESIAN_POINT('',(5.809578612286,9.893855748388));
#1874 = CARTESIAN_POINT('',(5.930320051019,9.881775165016));
#1875 = CARTESIAN_POINT('',(6.048677987718,9.873556696619));
#1876 = CARTESIAN_POINT('',(6.16584894632,9.86943652456));
#1877 = CARTESIAN_POINT('',(6.28318530718,9.86943652456));
#1878 = ( GEOMETRIC_REPRESENTATION_CONTEXT(2) 
PARAMETRIC_REPRESENTATION_CONTEXT() REPRESENTATION_CONTEXT('2D SPACE',''
  ) );
#1879 = ADVANCED_FACE('',(#1880),#113,.F.);
#1880 = FACE_BOUND('',#1881,.F.);
#1881 = EDGE_LOOP('',(#1882,#1883,#1906,#1967,#2059,#2113,#2114,#2115));
#1882 = ORIENTED_EDGE('',*,*,#199,.F.);
#1883 = ORIENTED_EDGE('',*,*,#1884,.F.);
#1884 = EDGE_CURVE('',#1885,#200,#1887,.T.);
#1885 = VERTEX_POINT('',#1886);
#1886 = CARTESIAN_POINT('',(4.304E+03,-2.5,935.20980054224));
#1887 = SEAM_CURVE('',#1888,(#1892,#1899),.PCURVE_S1.);
#1888 = LINE('',#1889,#1890);
#1889 = CARTESIAN_POINT('',(4.304E+03,-2.5,936.));
#1890 = VECTOR('',#1891,1.);
#1891 = DIRECTION('',(0.,-1.836970198721E-16,-1.));
#1892 = PCURVE('',#113,#1893);
#1893 = DEFINITIONAL_REPRESENTATION('',(#1894),#1898);
#1894 = LINE('',#1895,#1896);
#1895 = CARTESIAN_POINT('',(6.28318530718,-0.));
#1896 = VECTOR('',#1897,1.);
#1897 = DIRECTION('',(0.,1.));
#1898 = ( GEOMETRIC_REPRESENTATION_CONTEXT(2) 
PARAMETRIC_REPRESENTATION_CONTEXT() REPRESENTATION_CONTEXT('2D SPACE',''
  ) );
#1899 = PCURVE('',#113,#1900);
#1900 = DEFINITIONAL_REPRESENTATION('',(#1901),#1905);
#1901 = LINE('',#1902,#1903);
#1902 = CARTESIAN_POINT('',(0.,-0.));
#1903 = VECTOR('',#1904,1.);
#1904 = DIRECTION('',(0.,1.));
#1905 = ( GEOMETRIC_REPRESENTATION_CONTEXT(2) 
PARAMETRIC_REPRESENTATION_CONTEXT() REPRESENTATION_CONTEXT('2D SPACE',''
  ) );
#1906 = ORIENTED_EDGE('',*,*,#1907,.T.);
#1907 = EDGE_CURVE('',#1885,#1908,#1910,.T.);
#1908 = VERTEX_POINT('',#1909);
#1909 = CARTESIAN_POINT('',(4.301499999999E+03,-3.673940397442E-15,935.)
  );
#1910 = SURFACE_CURVE('',#1911,(#1926,#1944),.PCURVE_S1.);
#1911 = B_SPLINE_CURVE_WITH_KNOTS('',7,(#1912,#1913,#1914,#1915,#1916,
    #1917,#1918,#1919,#1920,#1921,#1922,#1923,#1924,#1925),
  .UNSPECIFIED.,.F.,.F.,(8,6,8),(0.,0.53133298628,1.),.UNSPECIFIED.);
#1912 = CARTESIAN_POINT('',(4.304E+03,-2.5,935.20980054225));
#1913 = CARTESIAN_POINT('',(4.303741005091E+03,-2.5,935.20980054225));
#1914 = CARTESIAN_POINT('',(4.303482314707E+03,-2.468697654917,
    935.20450953271));
#1915 = CARTESIAN_POINT('',(4.303226133306E+03,-2.40621904344,
    935.19394844639));
#1916 = CARTESIAN_POINT('',(4.302974898187E+03,-2.311848404378,
    935.17842689059));
#1917 = CARTESIAN_POINT('',(4.302731700127E+03,-2.184249409987,
    935.15856510511));
#1918 = CARTESIAN_POINT('',(4.302500823775E+03,-2.021682687396,
    935.13550878871));
#1919 = CARTESIAN_POINT('',(4.30210146679E+03,-1.646661516138,
    935.08960562999));
#1920 = CARTESIAN_POINT('',(4.301923959349E+03,-1.437770246097,
    935.06649404415));
#1921 = CARTESIAN_POINT('',(4.301766640291E+03,-1.196373140497,
    935.04351205138));
#1922 = CARTESIAN_POINT('',(4.301638673454E+03,-0.925733108269,
    935.02311108343));
#1923 = CARTESIAN_POINT('',(4.301547744449E+03,-0.631228049761,
    935.00795767015));
#1924 = CARTESIAN_POINT('',(4.3015E+03,-0.319860371234,935.));
#1925 = CARTESIAN_POINT('',(4.3015E+03,-2.22044604925E-15,935.));
#1926 = PCURVE('',#113,#1927);
#1927 = DEFINITIONAL_REPRESENTATION('',(#1928),#1943);
#1928 = B_SPLINE_CURVE_WITH_KNOTS('',7,(#1929,#1930,#1931,#1932,#1933,
    #1934,#1935,#1936,#1937,#1938,#1939,#1940,#1941,#1942),
  .UNSPECIFIED.,.F.,.F.,(8,6,8),(0.,0.53133298628,1.),.UNSPECIFIED.);
#1929 = CARTESIAN_POINT('',(0.,0.790199457749));
#1930 = CARTESIAN_POINT('',(0.103597963713,0.790199457749));
#1931 = CARTESIAN_POINT('',(0.207073849786,0.795490467283));
#1932 = CARTESIAN_POINT('',(0.311363688388,0.80605155361));
#1933 = CARTESIAN_POINT('',(0.417284323797,0.821573109409));
#1934 = CARTESIAN_POINT('',(0.525713732086,0.841434894881));
#1935 = CARTESIAN_POINT('',(0.637548397836,0.864491211284));
#1936 = CARTESIAN_POINT('',(0.856683746162,0.91039437001));
#1937 = CARTESIAN_POINT('',(0.965641136265,0.933505955847));
#1938 = CARTESIAN_POINT('',(1.079381152949,0.956487948612));
#1939 = CARTESIAN_POINT('',(1.197081859307,0.976888916566));
#1940 = CARTESIAN_POINT('',(1.318305225033,0.992042329848));
#1941 = CARTESIAN_POINT('',(1.442852178301,1.));
#1942 = CARTESIAN_POINT('',(1.570796326795,1.));
#1943 = ( GEOMETRIC_REPRESENTATION_CONTEXT(2) 
PARAMETRIC_REPRESENTATION_CONTEXT() REPRESENTATION_CONTEXT('2D SPACE',''
  ) );
#1944 = PCURVE('',#1945,#1950);
#1945 = CYLINDRICAL_SURFACE('',#1946,15.);
#1946 = AXIS2_PLACEMENT_3D('',#1947,#1948,#1949);
#1947 = CARTESIAN_POINT('',(4.28499E+03,0.,950.));
#1948 = DIRECTION('',(1.,0.,2.22044604925E-16));
#1949 = DIRECTION('',(2.22044604925E-16,0.,-1.));
#1950 = DEFINITIONAL_REPRESENTATION('',(#1951),#1966);
#1951 = B_SPLINE_CURVE_WITH_KNOTS('',7,(#1952,#1953,#1954,#1955,#1956,
    #1957,#1958,#1959,#1960,#1961,#1962,#1963,#1964,#1965),
  .UNSPECIFIED.,.F.,.F.,(8,6,8),(0.,0.53133298628,1.),.UNSPECIFIED.);
#1952 = CARTESIAN_POINT('',(6.11573722796,19.01));
#1953 = CARTESIAN_POINT('',(6.11573722796,18.751005090719));
#1954 = CARTESIAN_POINT('',(6.117853651039,18.49231470727));
#1955 = CARTESIAN_POINT('',(6.122077985944,18.236133305659));
#1956 = CARTESIAN_POINT('',(6.128453806181,17.984898186685));
#1957 = CARTESIAN_POINT('',(6.137062174517,17.741700126735));
#1958 = CARTESIAN_POINT('',(6.148006419446,17.510823774728));
#1959 = CARTESIAN_POINT('',(6.173194421782,17.111466789506));
#1960 = CARTESIAN_POINT('',(6.18720452558,16.933959349137));
#1961 = CARTESIAN_POINT('',(6.203367350819,16.776640291146));
#1962 = CARTESIAN_POINT('',(6.221453998805,16.648673454388));
#1963 = CARTESIAN_POINT('',(6.241103422118,16.557744449423));
#1964 = CARTESIAN_POINT('',(6.261861282431,16.51));
#1965 = CARTESIAN_POINT('',(6.28318530718,16.51));
#1966 = ( GEOMETRIC_REPRESENTATION_CONTEXT(2) 
PARAMETRIC_REPRESENTATION_CONTEXT() REPRESENTATION_CONTEXT('2D SPACE',''
  ) );
#1967 = ORIENTED_EDGE('',*,*,#1968,.T.);
#1968 = EDGE_CURVE('',#1908,#1969,#1971,.T.);
#1969 = VERTEX_POINT('',#1970);
#1970 = CARTESIAN_POINT('',(4.306500000001E+03,-3.673940397442E-15,935.)
  );
#1971 = SURFACE_CURVE('',#1972,(#1999,#2029),.PCURVE_S1.);
#1972 = B_SPLINE_CURVE_WITH_KNOTS('',7,(#1973,#1974,#1975,#1976,#1977,
    #1978,#1979,#1980,#1981,#1982,#1983,#1984,#1985,#1986,#1987,#1988,
    #1989,#1990,#1991,#1992,#1993,#1994,#1995,#1996,#1997,#1998),
  .UNSPECIFIED.,.F.,.F.,(8,6,6,6,8),(0.,0.234381069751,0.500042423178,
    0.765709488155,1.),.UNSPECIFIED.);
#1973 = CARTESIAN_POINT('',(4.3015E+03,-3.440450493623E-16,935.));
#1974 = CARTESIAN_POINT('',(4.3015E+03,0.319943204808,935.));
#1975 = CARTESIAN_POINT('',(4.301547769187E+03,0.631317093166,
    935.00796179895));
#1976 = CARTESIAN_POINT('',(4.301638705236E+03,0.925779898483,
    935.02311636629));
#1977 = CARTESIAN_POINT('',(4.301766651873E+03,1.196367960584,
    935.04351303459));
#1978 = CARTESIAN_POINT('',(4.30192393752E+03,1.437732259805,
    935.06649041383));
#1979 = CARTESIAN_POINT('',(4.30210142812E+03,1.646625203422,
    935.08960118525));
#1980 = CARTESIAN_POINT('',(4.30250082044E+03,2.021679556147,
    935.13550840544));
#1981 = CARTESIAN_POINT('',(4.30273169646E+03,2.18424770909,
    935.15856479658));
#1982 = CARTESIAN_POINT('',(4.30297489833E+03,2.311849837265,
    935.17842706757));
#1983 = CARTESIAN_POINT('',(4.303226138501E+03,2.406221599193,
    935.19394889445));
#1984 = CARTESIAN_POINT('',(4.303482322279E+03,2.468698951707,
    935.20450974642));
#1985 = CARTESIAN_POINT('',(4.303741010659E+03,2.5,935.20980054225));
#1986 = CARTESIAN_POINT('',(4.304258994909E+03,2.5,935.20980054225));
#1987 = CARTESIAN_POINT('',(4.304517685293E+03,2.468697654916,
    935.20450953271));
#1988 = CARTESIAN_POINT('',(4.304773866694E+03,2.40621904344,
    935.19394844639));
#1989 = CARTESIAN_POINT('',(4.305025101813E+03,2.311848404378,
    935.17842689059));
#1990 = CARTESIAN_POINT('',(4.305268299873E+03,2.184249409987,
    935.15856510511));
#1991 = CARTESIAN_POINT('',(4.305499176225E+03,2.021682687396,
    935.13550878871));
#1992 = CARTESIAN_POINT('',(4.305898498467E+03,1.646694142466,
    935.0896096235));
#1993 = CARTESIAN_POINT('',(4.306076032217E+03,1.437793837024,
    935.06649602612));
#1994 = CARTESIAN_POINT('',(4.306233381326E+03,1.196358298297,
    935.04350926356));
#1995 = CARTESIAN_POINT('',(4.306361357497E+03,0.925674893838,
    935.02310588467));
#1996 = CARTESIAN_POINT('',(4.306452274462E+03,0.631147666754,
    935.00795452961));
#1997 = CARTESIAN_POINT('',(4.3065E+03,0.319797037352,935.));
#1998 = CARTESIAN_POINT('',(4.3065E+03,-1.148106374201E-15,935.));
#1999 = PCURVE('',#113,#2000);
#2000 = DEFINITIONAL_REPRESENTATION('',(#2001),#2028);
#2001 = B_SPLINE_CURVE_WITH_KNOTS('',7,(#2002,#2003,#2004,#2005,#2006,
    #2007,#2008,#2009,#2010,#2011,#2012,#2013,#2014,#2015,#2016,#2017,
    #2018,#2019,#2020,#2021,#2022,#2023,#2024,#2025,#2026,#2027),
  .UNSPECIFIED.,.F.,.F.,(8,6,6,6,8),(0.,0.234381069751,0.500042423178,
    0.765709488155,1.),.UNSPECIFIED.);
#2002 = CARTESIAN_POINT('',(1.570796326795,1.));
#2003 = CARTESIAN_POINT('',(1.698773608718,1.));
#2004 = CARTESIAN_POINT('',(1.823323052002,0.992038201041));
#2005 = CARTESIAN_POINT('',(1.944532136765,0.976883633703));
#2006 = CARTESIAN_POINT('',(2.062212341776,0.956486965404));
#2007 = CARTESIAN_POINT('',(2.175934754588,0.93350958617));
#2008 = CARTESIAN_POINT('',(2.284887688893,0.910398814741));
#2009 = CARTESIAN_POINT('',(2.504042426077,0.864491594554));
#2010 = CARTESIAN_POINT('',(2.615877390235,0.841435203418));
#2011 = CARTESIAN_POINT('',(2.724308626752,0.821572932423));
#2012 = CARTESIAN_POINT('',(2.830231184614,0.806051105543));
#2013 = CARTESIAN_POINT('',(2.934521814806,0.795490253575));
#2014 = CARTESIAN_POINT('',(3.037996917119,0.790199457749));
#2015 = CARTESIAN_POINT('',(3.245190617302,0.790199457749));
#2016 = CARTESIAN_POINT('',(3.348666503376,0.795490467283));
#2017 = CARTESIAN_POINT('',(3.452956341977,0.80605155361));
#2018 = CARTESIAN_POINT('',(3.558876977387,0.821573109409));
#2019 = CARTESIAN_POINT('',(3.667306385676,0.841434894881));
#2020 = CARTESIAN_POINT('',(3.779141051426,0.864491211284));
#2021 = CARTESIAN_POINT('',(3.998257335277,0.910390376498));
#2022 = CARTESIAN_POINT('',(4.107224878849,0.93350397388));
#2023 = CARTESIAN_POINT('',(4.220983153309,0.956490736435));
#2024 = CARTESIAN_POINT('',(4.33869980428,0.976894115322));
#2025 = CARTESIAN_POINT('',(4.459930037872,0.992045470385));
#2026 = CARTESIAN_POINT('',(4.584470165444,1.));
#2027 = CARTESIAN_POINT('',(4.712388980385,1.));
#2028 = ( GEOMETRIC_REPRESENTATION_CONTEXT(2) 
PARAMETRIC_REPRESENTATION_CONTEXT() REPRESENTATION_CONTEXT('2D SPACE',''
  ) );
#2029 = PCURVE('',#1945,#2030);
#2030 = DEFINITIONAL_REPRESENTATION('',(#2031),#2058);
#2031 = B_SPLINE_CURVE_WITH_KNOTS('',7,(#2032,#2033,#2034,#2035,#2036,
    #2037,#2038,#2039,#2040,#2041,#2042,#2043,#2044,#2045,#2046,#2047,
    #2048,#2049,#2050,#2051,#2052,#2053,#2054,#2055,#2056,#2057),
  .UNSPECIFIED.,.F.,.F.,(8,6,6,6,8),(0.,0.234381069751,0.500042423178,
    0.765709488155,1.),.UNSPECIFIED.);
#2032 = CARTESIAN_POINT('',(0.,16.51));
#2033 = CARTESIAN_POINT('',(2.132954698723E-02,16.51));
#2034 = CARTESIAN_POINT('',(4.208782132246E-02,16.557769186692));
#2035 = CARTESIAN_POINT('',(6.173444062632E-02,16.648705235748));
#2036 = CARTESIAN_POINT('',(7.981762146657E-02,16.776651873458));
#2037 = CARTESIAN_POINT('',(9.597823810827E-02,16.933937519735));
#2038 = CARTESIAN_POINT('',(0.109988446483,17.111428120391));
#2039 = CARTESIAN_POINT('',(0.135178677425,17.510820440286));
#2040 = CARTESIAN_POINT('',(0.146123017628,17.741696459753));
#2041 = CARTESIAN_POINT('',(0.154731597013,17.98489832995));
#2042 = CARTESIAN_POINT('',(0.161107494332,18.236138500638));
#2043 = CARTESIAN_POINT('',(0.165331743701,18.492322278584));
#2044 = CARTESIAN_POINT('',(0.16744807922,18.751010658823));
#2045 = CARTESIAN_POINT('',(0.16744807922,19.268994909282));
#2046 = CARTESIAN_POINT('',(0.165331656141,19.527685292731));
#2047 = CARTESIAN_POINT('',(0.161107321236,19.78386669434));
#2048 = CARTESIAN_POINT('',(0.154731500999,20.035101813316));
#2049 = CARTESIAN_POINT('',(0.146123132663,20.278299873265));
#2050 = CARTESIAN_POINT('',(0.135178887733,20.509176225272));
#2051 = CARTESIAN_POINT('',(0.109993076719,20.908498466983));
#2052 = CARTESIAN_POINT('',(9.598235869132E-02,21.086032216682));
#2053 = CARTESIAN_POINT('',(7.981695303728E-02,21.243381326367));
#2054 = CARTESIAN_POINT('',(6.172741688326E-02,21.371357497136));
#2055 = CARTESIAN_POINT('',(4.20765265942E-02,21.462274462347));
#2056 = CARTESIAN_POINT('',(2.131980249014E-02,21.51));
#2057 = CARTESIAN_POINT('',(0.,21.51));
#2058 = ( GEOMETRIC_REPRESENTATION_CONTEXT(2) 
PARAMETRIC_REPRESENTATION_CONTEXT() REPRESENTATION_CONTEXT('2D SPACE',''
  ) );
#2059 = ORIENTED_EDGE('',*,*,#2060,.T.);
#2060 = EDGE_CURVE('',#1969,#1885,#2061,.T.);
#2061 = SURFACE_CURVE('',#2062,(#2077,#2095),.PCURVE_S1.);
#2062 = B_SPLINE_CURVE_WITH_KNOTS('',7,(#2063,#2064,#2065,#2066,#2067,
    #2068,#2069,#2070,#2071,#2072,#2073,#2074,#2075,#2076),
  .UNSPECIFIED.,.F.,.F.,(8,6,8),(0.,0.448735405874,1.),.UNSPECIFIED.);
#2063 = CARTESIAN_POINT('',(4.3065E+03,-3.10862446895E-15,935.));
#2064 = CARTESIAN_POINT('',(4.3065E+03,-0.305771059401,935.));
#2065 = CARTESIAN_POINT('',(4.306456368941E+03,-0.604224458854,
    935.00727205833));
#2066 = CARTESIAN_POINT('',(4.306372863203E+03,-0.887817139507,
    935.02118852876));
#2067 = CARTESIAN_POINT('',(4.30625477643E+03,-1.150089425464,
    935.04009550499));
#2068 = CARTESIAN_POINT('',(4.30610887782E+03,-1.385958556735,
    935.06166771862));
#2069 = CARTESIAN_POINT('',(4.305943362337E+03,-1.592171568906,
    935.08369155212));
#2070 = CARTESIAN_POINT('',(4.305552050705E+03,-1.98348320102,
    935.13013169889));
#2071 = CARTESIAN_POINT('',(4.305314823448E+03,-2.159291483797,
    935.15469242998));
#2072 = CARTESIAN_POINT('',(4.305063596202E+03,-2.2970929735,
    935.17600290121));
#2073 = CARTESIAN_POINT('',(4.30480332622E+03,-2.398892635213,
    935.1927099151));
#2074 = CARTESIAN_POINT('',(4.304537530254E+03,-2.466247976534,
    935.20409549638));
#2075 = CARTESIAN_POINT('',(4.304268939392E+03,-2.5,935.20980054225));
#2076 = CARTESIAN_POINT('',(4.304E+03,-2.5,935.20980054225));
#2077 = PCURVE('',#113,#2078);
#2078 = DEFINITIONAL_REPRESENTATION('',(#2079),#2094);
#2079 = B_SPLINE_CURVE_WITH_KNOTS('',7,(#2080,#2081,#2082,#2083,#2084,
    #2085,#2086,#2087,#2088,#2089,#2090,#2091,#2092,#2093),
  .UNSPECIFIED.,.F.,.F.,(8,6,8),(0.,0.448735405874,1.),.UNSPECIFIED.);
#2080 = CARTESIAN_POINT('',(4.712388980385,1.));
#2081 = CARTESIAN_POINT('',(4.834697404145,1.));
#2082 = CARTESIAN_POINT('',(4.954078635845,0.992727941665));
#2083 = CARTESIAN_POINT('',(5.070504719657,0.978811471234));
#2084 = CARTESIAN_POINT('',(5.183734254903,0.959904495006));
#2085 = CARTESIAN_POINT('',(5.29331459667,0.938332281378));
#2086 = CARTESIAN_POINT('',(5.398455394331,0.916308447873));
#2087 = CARTESIAN_POINT('',(5.619814681231,0.86986830111));
#2088 = CARTESIAN_POINT('',(5.736639044498,0.845307570019));
#2089 = CARTESIAN_POINT('',(5.84963902836,0.823997098786));
#2090 = CARTESIAN_POINT('',(5.959820067335,0.807290084895));
#2091 = CARTESIAN_POINT('',(6.068173593604,0.795904503616));
#2092 = CARTESIAN_POINT('',(6.175609550262,0.790199457749));
#2093 = CARTESIAN_POINT('',(6.28318530718,0.790199457749));
#2094 = ( GEOMETRIC_REPRESENTATION_CONTEXT(2) 
PARAMETRIC_REPRESENTATION_CONTEXT() REPRESENTATION_CONTEXT('2D SPACE',''
  ) );
#2095 = PCURVE('',#1945,#2096);
#2096 = DEFINITIONAL_REPRESENTATION('',(#2097),#2112);
#2097 = B_SPLINE_CURVE_WITH_KNOTS('',7,(#2098,#2099,#2100,#2101,#2102,
    #2103,#2104,#2105,#2106,#2107,#2108,#2109,#2110,#2111),
  .UNSPECIFIED.,.F.,.F.,(8,6,8),(0.,0.448735405874,1.),.UNSPECIFIED.);
#2098 = CARTESIAN_POINT('',(6.28318530718,21.51));
#2099 = CARTESIAN_POINT('',(6.262800569886,21.51));
#2100 = CARTESIAN_POINT('',(6.242903663914,21.466368940657));
#2101 = CARTESIAN_POINT('',(6.22398372,21.382863203124));
#2102 = CARTESIAN_POINT('',(6.206460169273,21.264776429845));
#2103 = CARTESIAN_POINT('',(6.190672919891,21.118877820028));
#2104 = CARTESIAN_POINT('',(6.17684816402,20.953362337027));
#2105 = CARTESIAN_POINT('',(6.150577649863,20.562050704913));
#2106 = CARTESIAN_POINT('',(6.138745806869,20.324823447635));
#2107 = CARTESIAN_POINT('',(6.129450672493,20.073596202027));
#2108 = CARTESIAN_POINT('',(6.122573344107,19.813326219999));
#2109 = CARTESIAN_POINT('',(6.118019278962,19.547530253759));
#2110 = CARTESIAN_POINT('',(6.11573722796,19.278939392293));
#2111 = CARTESIAN_POINT('',(6.11573722796,19.01));
#2112 = ( GEOMETRIC_REPRESENTATION_CONTEXT(2) 
PARAMETRIC_REPRESENTATION_CONTEXT() REPRESENTATION_CONTEXT('2D SPACE',''
  ) );
#2113 = ORIENTED_EDGE('',*,*,#1884,.T.);
#2114 = ORIENTED_EDGE('',*,*,#255,.F.);
#2115 = ORIENTED_EDGE('',*,*,#51,.F.);
#2116 = ADVANCED_FACE('',(#2117,#2120),#186,.F.);
#2117 = FACE_BOUND('',#2118,.F.);
#2118 = EDGE_LOOP('',(#2119));
#2119 = ORIENTED_EDGE('',*,*,#171,.T.);
#2120 = FACE_BOUND('',#2121,.F.);
#2121 = EDGE_LOOP('',(#2122));
#2122 = ORIENTED_EDGE('',*,*,#2123,.F.);
#2123 = EDGE_CURVE('',#2124,#2124,#2126,.T.);
#2124 = VERTEX_POINT('',#2125);
#2125 = CARTESIAN_POINT('',(4.225E+03,-4.305858145802E-15,932.42));
#2126 = SURFACE_CURVE('',#2127,(#2132,#2139),.PCURVE_S1.);
#2127 = CIRCLE('',#2128,17.58);
#2128 = AXIS2_PLACEMENT_3D('',#2129,#2130,#2131);
#2129 = CARTESIAN_POINT('',(4.225E+03,0.,950.));
#2130 = DIRECTION('',(1.,0.,2.22044604925E-16));
#2131 = DIRECTION('',(2.22044604925E-16,0.,-1.));
#2132 = PCURVE('',#186,#2133);
#2133 = DEFINITIONAL_REPRESENTATION('',(#2134),#2138);
#2134 = CIRCLE('',#2135,17.58);
#2135 = AXIS2_PLACEMENT_2D('',#2136,#2137);
#2136 = CARTESIAN_POINT('',(0.,0.));
#2137 = DIRECTION('',(1.,0.));
#2138 = ( GEOMETRIC_REPRESENTATION_CONTEXT(2) 
PARAMETRIC_REPRESENTATION_CONTEXT() REPRESENTATION_CONTEXT('2D SPACE',''
  ) );
#2139 = PCURVE('',#2140,#2145);
#2140 = CYLINDRICAL_SURFACE('',#2141,17.58);
#2141 = AXIS2_PLACEMENT_3D('',#2142,#2143,#2144);
#2142 = CARTESIAN_POINT('',(4.224E+03,0.,950.));
#2143 = DIRECTION('',(1.,0.,2.22044604925E-16));
#2144 = DIRECTION('',(2.22044604925E-16,0.,-1.));
#2145 = DEFINITIONAL_REPRESENTATION('',(#2146),#2150);
#2146 = LINE('',#2147,#2148);
#2147 = CARTESIAN_POINT('',(0.,1.));
#2148 = VECTOR('',#2149,1.);
#2149 = DIRECTION('',(1.,0.));
#2150 = ( GEOMETRIC_REPRESENTATION_CONTEXT(2) 
PARAMETRIC_REPRESENTATION_CONTEXT() REPRESENTATION_CONTEXT('2D SPACE',''
  ) );
#2151 = ADVANCED_FACE('',(#2152,#2245),#327,.T.);
#2152 = FACE_BOUND('',#2153,.T.);
#2153 = EDGE_LOOP('',(#2154,#2155,#2156,#2178,#2204,#2225));
#2154 = ORIENTED_EDGE('',*,*,#310,.T.);
#2155 = ORIENTED_EDGE('',*,*,#424,.T.);
#2156 = ORIENTED_EDGE('',*,*,#2157,.F.);
#2157 = EDGE_CURVE('',#2158,#397,#2160,.T.);
#2158 = VERTEX_POINT('',#2159);
#2159 = CARTESIAN_POINT('',(4.323E+03,2.25,970.));
#2160 = SURFACE_CURVE('',#2161,(#2165,#2171),.PCURVE_S1.);
#2161 = LINE('',#2162,#2163);
#2162 = CARTESIAN_POINT('',(4.323E+03,2.25,960.));
#2163 = VECTOR('',#2164,1.);
#2164 = DIRECTION('',(-2.22044604925E-16,-0.,1.));
#2165 = PCURVE('',#327,#2166);
#2166 = DEFINITIONAL_REPRESENTATION('',(#2167),#2170);
#2167 = B_SPLINE_CURVE_WITH_KNOTS('',1,(#2168,#2169),.UNSPECIFIED.,.F.,
  .F.,(2,2),(10.,14.),.PIECEWISE_BEZIER_KNOTS.);
#2168 = CARTESIAN_POINT('',(-20.,2.25));
#2169 = CARTESIAN_POINT('',(-24.,2.25));
#2170 = ( GEOMETRIC_REPRESENTATION_CONTEXT(2) 
PARAMETRIC_REPRESENTATION_CONTEXT() REPRESENTATION_CONTEXT('2D SPACE',''
  ) );
#2171 = PCURVE('',#412,#2172);
#2172 = DEFINITIONAL_REPRESENTATION('',(#2173),#2177);
#2173 = LINE('',#2174,#2175);
#2174 = CARTESIAN_POINT('',(-10.,22.5));
#2175 = VECTOR('',#2176,1.);
#2176 = DIRECTION('',(1.,-2.22044604925E-16));
#2177 = ( GEOMETRIC_REPRESENTATION_CONTEXT(2) 
PARAMETRIC_REPRESENTATION_CONTEXT() REPRESENTATION_CONTEXT('2D SPACE',''
  ) );
#2178 = ORIENTED_EDGE('',*,*,#2179,.T.);
#2179 = EDGE_CURVE('',#2158,#2180,#2182,.T.);
#2180 = VERTEX_POINT('',#2181);
#2181 = CARTESIAN_POINT('',(4.323E+03,2.449293598295E-15,970.));
#2182 = SURFACE_CURVE('',#2183,(#2187,#2193),.PCURVE_S1.);
#2183 = LINE('',#2184,#2185);
#2184 = CARTESIAN_POINT('',(4.323E+03,-1.125,970.));
#2185 = VECTOR('',#2186,1.);
#2186 = DIRECTION('',(0.,-1.,0.));
#2187 = PCURVE('',#327,#2188);
#2188 = DEFINITIONAL_REPRESENTATION('',(#2189),#2192);
#2189 = B_SPLINE_CURVE_WITH_KNOTS('',1,(#2190,#2191),.UNSPECIFIED.,.F.,
  .F.,(2,2),(-3.375,1.125),.PIECEWISE_BEZIER_KNOTS.);
#2190 = CARTESIAN_POINT('',(-20.,2.25));
#2191 = CARTESIAN_POINT('',(-20.,-2.25));
#2192 = ( GEOMETRIC_REPRESENTATION_CONTEXT(2) 
PARAMETRIC_REPRESENTATION_CONTEXT() REPRESENTATION_CONTEXT('2D SPACE',''
  ) );
#2193 = PCURVE('',#2194,#2199);
#2194 = PLANE('',#2195);
#2195 = AXIS2_PLACEMENT_3D('',#2196,#2197,#2198);
#2196 = CARTESIAN_POINT('',(4.3005E+03,-2.25,970.));
#2197 = DIRECTION('',(0.,0.,1.));
#2198 = DIRECTION('',(1.,0.,-0.));
#2199 = DEFINITIONAL_REPRESENTATION('',(#2200),#2203);
#2200 = B_SPLINE_CURVE_WITH_KNOTS('',1,(#2201,#2202),.UNSPECIFIED.,.F.,
  .F.,(2,2),(-3.375,1.125),.PIECEWISE_BEZIER_KNOTS.);
#2201 = CARTESIAN_POINT('',(22.5,4.5));
#2202 = CARTESIAN_POINT('',(22.5,0.));
#2203 = ( GEOMETRIC_REPRESENTATION_CONTEXT(2) 
PARAMETRIC_REPRESENTATION_CONTEXT() REPRESENTATION_CONTEXT('2D SPACE',''
  ) );
#2204 = ORIENTED_EDGE('',*,*,#2205,.T.);
#2205 = EDGE_CURVE('',#2180,#2206,#2208,.T.);
#2206 = VERTEX_POINT('',#2207);
#2207 = CARTESIAN_POINT('',(4.323E+03,-2.25,970.));
#2208 = SURFACE_CURVE('',#2209,(#2213,#2219),.PCURVE_S1.);
#2209 = LINE('',#2210,#2211);
#2210 = CARTESIAN_POINT('',(4.323E+03,-1.125,970.));
#2211 = VECTOR('',#2212,1.);
#2212 = DIRECTION('',(0.,-1.,0.));
#2213 = PCURVE('',#327,#2214);
#2214 = DEFINITIONAL_REPRESENTATION('',(#2215),#2218);
#2215 = B_SPLINE_CURVE_WITH_KNOTS('',1,(#2216,#2217),.UNSPECIFIED.,.F.,
  .F.,(2,2),(-3.375,1.125),.PIECEWISE_BEZIER_KNOTS.);
#2216 = CARTESIAN_POINT('',(-20.,2.25));
#2217 = CARTESIAN_POINT('',(-20.,-2.25));
#2218 = ( GEOMETRIC_REPRESENTATION_CONTEXT(2) 
PARAMETRIC_REPRESENTATION_CONTEXT() REPRESENTATION_CONTEXT('2D SPACE',''
  ) );
#2219 = PCURVE('',#2194,#2220);
#2220 = DEFINITIONAL_REPRESENTATION('',(#2221),#2224);
#2221 = B_SPLINE_CURVE_WITH_KNOTS('',1,(#2222,#2223),.UNSPECIFIED.,.F.,
  .F.,(2,2),(-3.375,1.125),.PIECEWISE_BEZIER_KNOTS.);
#2222 = CARTESIAN_POINT('',(22.5,4.5));
#2223 = CARTESIAN_POINT('',(22.5,0.));
#2224 = ( GEOMETRIC_REPRESENTATION_CONTEXT(2) 
PARAMETRIC_REPRESENTATION_CONTEXT() REPRESENTATION_CONTEXT('2D SPACE',''
  ) );
#2225 = ORIENTED_EDGE('',*,*,#2226,.T.);
#2226 = EDGE_CURVE('',#2206,#311,#2227,.T.);
#2227 = SURFACE_CURVE('',#2228,(#2232,#2238),.PCURVE_S1.);
#2228 = LINE('',#2229,#2230);
#2229 = CARTESIAN_POINT('',(4.323E+03,-2.25,960.));
#2230 = VECTOR('',#2231,1.);
#2231 = DIRECTION('',(-2.22044604925E-16,-0.,1.));
#2232 = PCURVE('',#327,#2233);
#2233 = DEFINITIONAL_REPRESENTATION('',(#2234),#2237);
#2234 = B_SPLINE_CURVE_WITH_KNOTS('',1,(#2235,#2236),.UNSPECIFIED.,.F.,
  .F.,(2,2),(10.,14.),.PIECEWISE_BEZIER_KNOTS.);
#2235 = CARTESIAN_POINT('',(-20.,-2.25));
#2236 = CARTESIAN_POINT('',(-24.,-2.25));
#2237 = ( GEOMETRIC_REPRESENTATION_CONTEXT(2) 
PARAMETRIC_REPRESENTATION_CONTEXT() REPRESENTATION_CONTEXT('2D SPACE',''
  ) );
#2238 = PCURVE('',#355,#2239);
#2239 = DEFINITIONAL_REPRESENTATION('',(#2240),#2244);
#2240 = LINE('',#2241,#2242);
#2241 = CARTESIAN_POINT('',(-10.,22.5));
#2242 = VECTOR('',#2243,1.);
#2243 = DIRECTION('',(1.,-2.22044604925E-16));
#2244 = ( GEOMETRIC_REPRESENTATION_CONTEXT(2) 
PARAMETRIC_REPRESENTATION_CONTEXT() REPRESENTATION_CONTEXT('2D SPACE',''
  ) );
#2245 = FACE_BOUND('',#2246,.T.);
#2246 = EDGE_LOOP('',(#2247,#2278));
#2247 = ORIENTED_EDGE('',*,*,#2248,.F.);
#2248 = EDGE_CURVE('',#2249,#2251,#2253,.T.);
#2249 = VERTEX_POINT('',#2250);
#2250 = CARTESIAN_POINT('',(4.323E+03,2.449293598295E-15,970.));
#2251 = VERTEX_POINT('',#2252);
#2252 = CARTESIAN_POINT('',(4.323E+03,-4.898587196589E-15,930.));
#2253 = SURFACE_CURVE('',#2254,(#2259,#2266),.PCURVE_S1.);
#2254 = CIRCLE('',#2255,20.);
#2255 = AXIS2_PLACEMENT_3D('',#2256,#2257,#2258);
#2256 = CARTESIAN_POINT('',(4.323E+03,0.,950.));
#2257 = DIRECTION('',(1.,-0.,2.22044604925E-16));
#2258 = DIRECTION('',(2.22044604925E-16,0.,-1.));
#2259 = PCURVE('',#327,#2260);
#2260 = DEFINITIONAL_REPRESENTATION('',(#2261),#2265);
#2261 = CIRCLE('',#2262,20.);
#2262 = AXIS2_PLACEMENT_2D('',#2263,#2264);
#2263 = CARTESIAN_POINT('',(0.,0.));
#2264 = DIRECTION('',(1.,0.));
#2265 = ( GEOMETRIC_REPRESENTATION_CONTEXT(2) 
PARAMETRIC_REPRESENTATION_CONTEXT() REPRESENTATION_CONTEXT('2D SPACE',''
  ) );
#2266 = PCURVE('',#2267,#2272);
#2267 = CYLINDRICAL_SURFACE('',#2268,20.);
#2268 = AXIS2_PLACEMENT_3D('',#2269,#2270,#2271);
#2269 = CARTESIAN_POINT('',(4.323E+03,0.,950.));
#2270 = DIRECTION('',(1.,0.,2.22044604925E-16));
#2271 = DIRECTION('',(2.22044604925E-16,0.,-1.));
#2272 = DEFINITIONAL_REPRESENTATION('',(#2273),#2277);
#2273 = LINE('',#2274,#2275);
#2274 = CARTESIAN_POINT('',(0.,0.));
#2275 = VECTOR('',#2276,1.);
#2276 = DIRECTION('',(1.,0.));
#2277 = ( GEOMETRIC_REPRESENTATION_CONTEXT(2) 
PARAMETRIC_REPRESENTATION_CONTEXT() REPRESENTATION_CONTEXT('2D SPACE',''
  ) );
#2278 = ORIENTED_EDGE('',*,*,#2279,.F.);
#2279 = EDGE_CURVE('',#2251,#2249,#2280,.T.);
#2280 = SURFACE_CURVE('',#2281,(#2286,#2293),.PCURVE_S1.);
#2281 = CIRCLE('',#2282,20.);
#2282 = AXIS2_PLACEMENT_3D('',#2283,#2284,#2285);
#2283 = CARTESIAN_POINT('',(4.323E+03,0.,950.));
#2284 = DIRECTION('',(1.,-0.,2.22044604925E-16));
#2285 = DIRECTION('',(2.22044604925E-16,0.,-1.));
#2286 = PCURVE('',#327,#2287);
#2287 = DEFINITIONAL_REPRESENTATION('',(#2288),#2292);
#2288 = CIRCLE('',#2289,20.);
#2289 = AXIS2_PLACEMENT_2D('',#2290,#2291);
#2290 = CARTESIAN_POINT('',(0.,0.));
#2291 = DIRECTION('',(1.,0.));
#2292 = ( GEOMETRIC_REPRESENTATION_CONTEXT(2) 
PARAMETRIC_REPRESENTATION_CONTEXT() REPRESENTATION_CONTEXT('2D SPACE',''
  ) );
#2293 = PCURVE('',#2267,#2294);
#2294 = DEFINITIONAL_REPRESENTATION('',(#2295),#2299);
#2295 = LINE('',#2296,#2297);
#2296 = CARTESIAN_POINT('',(0.,0.));
#2297 = VECTOR('',#2298,1.);
#2298 = DIRECTION('',(1.,0.));
#2299 = ( GEOMETRIC_REPRESENTATION_CONTEXT(2) 
PARAMETRIC_REPRESENTATION_CONTEXT() REPRESENTATION_CONTEXT('2D SPACE',''
  ) );
#2300 = ADVANCED_FACE('',(#2301),#355,.T.);
#2301 = FACE_BOUND('',#2302,.T.);
#2302 = EDGE_LOOP('',(#2303,#2333,#2354,#2355,#2356));
#2303 = ORIENTED_EDGE('',*,*,#2304,.F.);
#2304 = EDGE_CURVE('',#2305,#2307,#2309,.T.);
#2305 = VERTEX_POINT('',#2306);
#2306 = CARTESIAN_POINT('',(4.3005E+03,-2.25,970.));
#2307 = VERTEX_POINT('',#2308);
#2308 = CARTESIAN_POINT('',(4.305E+03,-2.25,970.));
#2309 = SURFACE_CURVE('',#2310,(#2314,#2321),.PCURVE_S1.);
#2310 = LINE('',#2311,#2312);
#2311 = CARTESIAN_POINT('',(4.3005E+03,-2.25,970.));
#2312 = VECTOR('',#2313,1.);
#2313 = DIRECTION('',(1.,0.,-0.));
#2314 = PCURVE('',#355,#2315);
#2315 = DEFINITIONAL_REPRESENTATION('',(#2316),#2320);
#2316 = LINE('',#2317,#2318);
#2317 = CARTESIAN_POINT('',(0.,0.));
#2318 = VECTOR('',#2319,1.);
#2319 = DIRECTION('',(0.,1.));
#2320 = ( GEOMETRIC_REPRESENTATION_CONTEXT(2) 
PARAMETRIC_REPRESENTATION_CONTEXT() REPRESENTATION_CONTEXT('2D SPACE',''
  ) );
#2321 = PCURVE('',#2322,#2327);
#2322 = PLANE('',#2323);
#2323 = AXIS2_PLACEMENT_3D('',#2324,#2325,#2326);
#2324 = CARTESIAN_POINT('',(4.3005E+03,-2.25,970.));
#2325 = DIRECTION('',(0.,0.,1.));
#2326 = DIRECTION('',(1.,0.,-0.));
#2327 = DEFINITIONAL_REPRESENTATION('',(#2328),#2332);
#2328 = LINE('',#2329,#2330);
#2329 = CARTESIAN_POINT('',(0.,0.));
#2330 = VECTOR('',#2331,1.);
#2331 = DIRECTION('',(1.,0.));
#2332 = ( GEOMETRIC_REPRESENTATION_CONTEXT(2) 
PARAMETRIC_REPRESENTATION_CONTEXT() REPRESENTATION_CONTEXT('2D SPACE',''
  ) );
#2333 = ORIENTED_EDGE('',*,*,#2334,.T.);
#2334 = EDGE_CURVE('',#2305,#340,#2335,.T.);
#2335 = SURFACE_CURVE('',#2336,(#2340,#2347),.PCURVE_S1.);
#2336 = LINE('',#2337,#2338);
#2337 = CARTESIAN_POINT('',(4.3005E+03,-2.25,970.));
#2338 = VECTOR('',#2339,1.);
#2339 = DIRECTION('',(0.,0.,1.));
#2340 = PCURVE('',#355,#2341);
#2341 = DEFINITIONAL_REPRESENTATION('',(#2342),#2346);
#2342 = LINE('',#2343,#2344);
#2343 = CARTESIAN_POINT('',(0.,0.));
#2344 = VECTOR('',#2345,1.);
#2345 = DIRECTION('',(1.,0.));
#2346 = ( GEOMETRIC_REPRESENTATION_CONTEXT(2) 
PARAMETRIC_REPRESENTATION_CONTEXT() REPRESENTATION_CONTEXT('2D SPACE',''
  ) );
#2347 = PCURVE('',#384,#2348);
#2348 = DEFINITIONAL_REPRESENTATION('',(#2349),#2353);
#2349 = LINE('',#2350,#2351);
#2350 = CARTESIAN_POINT('',(0.,0.));
#2351 = VECTOR('',#2352,1.);
#2352 = DIRECTION('',(1.,0.));
#2353 = ( GEOMETRIC_REPRESENTATION_CONTEXT(2) 
PARAMETRIC_REPRESENTATION_CONTEXT() REPRESENTATION_CONTEXT('2D SPACE',''
  ) );
#2354 = ORIENTED_EDGE('',*,*,#339,.F.);
#2355 = ORIENTED_EDGE('',*,*,#2226,.F.);
#2356 = ORIENTED_EDGE('',*,*,#2357,.F.);
#2357 = EDGE_CURVE('',#2307,#2206,#2358,.T.);
#2358 = SURFACE_CURVE('',#2359,(#2363,#2370),.PCURVE_S1.);
#2359 = LINE('',#2360,#2361);
#2360 = CARTESIAN_POINT('',(4.3005E+03,-2.25,970.));
#2361 = VECTOR('',#2362,1.);
#2362 = DIRECTION('',(1.,0.,-0.));
#2363 = PCURVE('',#355,#2364);
#2364 = DEFINITIONAL_REPRESENTATION('',(#2365),#2369);
#2365 = LINE('',#2366,#2367);
#2366 = CARTESIAN_POINT('',(0.,0.));
#2367 = VECTOR('',#2368,1.);
#2368 = DIRECTION('',(0.,1.));
#2369 = ( GEOMETRIC_REPRESENTATION_CONTEXT(2) 
PARAMETRIC_REPRESENTATION_CONTEXT() REPRESENTATION_CONTEXT('2D SPACE',''
  ) );
#2370 = PCURVE('',#2194,#2371);
#2371 = DEFINITIONAL_REPRESENTATION('',(#2372),#2376);
#2372 = LINE('',#2373,#2374);
#2373 = CARTESIAN_POINT('',(0.,0.));
#2374 = VECTOR('',#2375,1.);
#2375 = DIRECTION('',(1.,0.));
#2376 = ( GEOMETRIC_REPRESENTATION_CONTEXT(2) 
PARAMETRIC_REPRESENTATION_CONTEXT() REPRESENTATION_CONTEXT('2D SPACE',''
  ) );
#2377 = ADVANCED_FACE('',(#2378),#384,.T.);
#2378 = FACE_BOUND('',#2379,.T.);
#2379 = EDGE_LOOP('',(#2380,#2381,#2404,#2425));
#2380 = ORIENTED_EDGE('',*,*,#2334,.F.);
#2381 = ORIENTED_EDGE('',*,*,#2382,.T.);
#2382 = EDGE_CURVE('',#2305,#2383,#2385,.T.);
#2383 = VERTEX_POINT('',#2384);
#2384 = CARTESIAN_POINT('',(4.3005E+03,2.25,970.));
#2385 = SURFACE_CURVE('',#2386,(#2390,#2397),.PCURVE_S1.);
#2386 = LINE('',#2387,#2388);
#2387 = CARTESIAN_POINT('',(4.3005E+03,-2.25,970.));
#2388 = VECTOR('',#2389,1.);
#2389 = DIRECTION('',(-0.,1.,0.));
#2390 = PCURVE('',#384,#2391);
#2391 = DEFINITIONAL_REPRESENTATION('',(#2392),#2396);
#2392 = LINE('',#2393,#2394);
#2393 = CARTESIAN_POINT('',(0.,0.));
#2394 = VECTOR('',#2395,1.);
#2395 = DIRECTION('',(0.,-1.));
#2396 = ( GEOMETRIC_REPRESENTATION_CONTEXT(2) 
PARAMETRIC_REPRESENTATION_CONTEXT() REPRESENTATION_CONTEXT('2D SPACE',''
  ) );
#2397 = PCURVE('',#2322,#2398);
#2398 = DEFINITIONAL_REPRESENTATION('',(#2399),#2403);
#2399 = LINE('',#2400,#2401);
#2400 = CARTESIAN_POINT('',(0.,0.));
#2401 = VECTOR('',#2402,1.);
#2402 = DIRECTION('',(0.,1.));
#2403 = ( GEOMETRIC_REPRESENTATION_CONTEXT(2) 
PARAMETRIC_REPRESENTATION_CONTEXT() REPRESENTATION_CONTEXT('2D SPACE',''
  ) );
#2404 = ORIENTED_EDGE('',*,*,#2405,.T.);
#2405 = EDGE_CURVE('',#2383,#368,#2406,.T.);
#2406 = SURFACE_CURVE('',#2407,(#2411,#2418),.PCURVE_S1.);
#2407 = LINE('',#2408,#2409);
#2408 = CARTESIAN_POINT('',(4.3005E+03,2.25,970.));
#2409 = VECTOR('',#2410,1.);
#2410 = DIRECTION('',(0.,0.,1.));
#2411 = PCURVE('',#384,#2412);
#2412 = DEFINITIONAL_REPRESENTATION('',(#2413),#2417);
#2413 = LINE('',#2414,#2415);
#2414 = CARTESIAN_POINT('',(0.,-4.5));
#2415 = VECTOR('',#2416,1.);
#2416 = DIRECTION('',(1.,0.));
#2417 = ( GEOMETRIC_REPRESENTATION_CONTEXT(2) 
PARAMETRIC_REPRESENTATION_CONTEXT() REPRESENTATION_CONTEXT('2D SPACE',''
  ) );
#2418 = PCURVE('',#412,#2419);
#2419 = DEFINITIONAL_REPRESENTATION('',(#2420),#2424);
#2420 = LINE('',#2421,#2422);
#2421 = CARTESIAN_POINT('',(0.,0.));
#2422 = VECTOR('',#2423,1.);
#2423 = DIRECTION('',(1.,0.));
#2424 = ( GEOMETRIC_REPRESENTATION_CONTEXT(2) 
PARAMETRIC_REPRESENTATION_CONTEXT() REPRESENTATION_CONTEXT('2D SPACE',''
  ) );
#2425 = ORIENTED_EDGE('',*,*,#367,.T.);
#2426 = ADVANCED_FACE('',(#2427),#412,.F.);
#2427 = FACE_BOUND('',#2428,.F.);
#2428 = EDGE_LOOP('',(#2429,#2452,#2473,#2474,#2475));
#2429 = ORIENTED_EDGE('',*,*,#2430,.F.);
#2430 = EDGE_CURVE('',#2431,#2158,#2433,.T.);
#2431 = VERTEX_POINT('',#2432);
#2432 = CARTESIAN_POINT('',(4.305E+03,2.25,970.));
#2433 = SURFACE_CURVE('',#2434,(#2438,#2445),.PCURVE_S1.);
#2434 = LINE('',#2435,#2436);
#2435 = CARTESIAN_POINT('',(4.3005E+03,2.25,970.));
#2436 = VECTOR('',#2437,1.);
#2437 = DIRECTION('',(1.,0.,-0.));
#2438 = PCURVE('',#412,#2439);
#2439 = DEFINITIONAL_REPRESENTATION('',(#2440),#2444);
#2440 = LINE('',#2441,#2442);
#2441 = CARTESIAN_POINT('',(0.,0.));
#2442 = VECTOR('',#2443,1.);
#2443 = DIRECTION('',(0.,1.));
#2444 = ( GEOMETRIC_REPRESENTATION_CONTEXT(2) 
PARAMETRIC_REPRESENTATION_CONTEXT() REPRESENTATION_CONTEXT('2D SPACE',''
  ) );
#2445 = PCURVE('',#2194,#2446);
#2446 = DEFINITIONAL_REPRESENTATION('',(#2447),#2451);
#2447 = LINE('',#2448,#2449);
#2448 = CARTESIAN_POINT('',(0.,4.5));
#2449 = VECTOR('',#2450,1.);
#2450 = DIRECTION('',(1.,0.));
#2451 = ( GEOMETRIC_REPRESENTATION_CONTEXT(2) 
PARAMETRIC_REPRESENTATION_CONTEXT() REPRESENTATION_CONTEXT('2D SPACE',''
  ) );
#2452 = ORIENTED_EDGE('',*,*,#2453,.F.);
#2453 = EDGE_CURVE('',#2383,#2431,#2454,.T.);
#2454 = SURFACE_CURVE('',#2455,(#2459,#2466),.PCURVE_S1.);
#2455 = LINE('',#2456,#2457);
#2456 = CARTESIAN_POINT('',(4.3005E+03,2.25,970.));
#2457 = VECTOR('',#2458,1.);
#2458 = DIRECTION('',(1.,0.,-0.));
#2459 = PCURVE('',#412,#2460);
#2460 = DEFINITIONAL_REPRESENTATION('',(#2461),#2465);
#2461 = LINE('',#2462,#2463);
#2462 = CARTESIAN_POINT('',(0.,0.));
#2463 = VECTOR('',#2464,1.);
#2464 = DIRECTION('',(0.,1.));
#2465 = ( GEOMETRIC_REPRESENTATION_CONTEXT(2) 
PARAMETRIC_REPRESENTATION_CONTEXT() REPRESENTATION_CONTEXT('2D SPACE',''
  ) );
#2466 = PCURVE('',#2322,#2467);
#2467 = DEFINITIONAL_REPRESENTATION('',(#2468),#2472);
#2468 = LINE('',#2469,#2470);
#2469 = CARTESIAN_POINT('',(0.,4.5));
#2470 = VECTOR('',#2471,1.);
#2471 = DIRECTION('',(1.,0.));
#2472 = ( GEOMETRIC_REPRESENTATION_CONTEXT(2) 
PARAMETRIC_REPRESENTATION_CONTEXT() REPRESENTATION_CONTEXT('2D SPACE',''
  ) );
#2473 = ORIENTED_EDGE('',*,*,#2405,.T.);
#2474 = ORIENTED_EDGE('',*,*,#396,.T.);
#2475 = ORIENTED_EDGE('',*,*,#2157,.F.);
#2476 = ADVANCED_FACE('',(#2477),#582,.F.);
#2477 = FACE_BOUND('',#2478,.F.);
#2478 = EDGE_LOOP('',(#2479,#2480,#2503,#2530));
#2479 = ORIENTED_EDGE('',*,*,#448,.F.);
#2480 = ORIENTED_EDGE('',*,*,#2481,.F.);
#2481 = EDGE_CURVE('',#2482,#449,#2484,.T.);
#2482 = VERTEX_POINT('',#2483);
#2483 = CARTESIAN_POINT('',(4.255E+03,20.3,957.));
#2484 = SEAM_CURVE('',#2485,(#2489,#2496),.PCURVE_S1.);
#2485 = LINE('',#2486,#2487);
#2486 = CARTESIAN_POINT('',(4.255E+03,20.3,957.));
#2487 = VECTOR('',#2488,1.);
#2488 = DIRECTION('',(0.,1.,0.));
#2489 = PCURVE('',#582,#2490);
#2490 = DEFINITIONAL_REPRESENTATION('',(#2491),#2495);
#2491 = LINE('',#2492,#2493);
#2492 = CARTESIAN_POINT('',(6.28318530718,-0.));
#2493 = VECTOR('',#2494,1.);
#2494 = DIRECTION('',(0.,1.));
#2495 = ( GEOMETRIC_REPRESENTATION_CONTEXT(2) 
PARAMETRIC_REPRESENTATION_CONTEXT() REPRESENTATION_CONTEXT('2D SPACE',''
  ) );
#2496 = PCURVE('',#582,#2497);
#2497 = DEFINITIONAL_REPRESENTATION('',(#2498),#2502);
#2498 = LINE('',#2499,#2500);
#2499 = CARTESIAN_POINT('',(0.,-0.));
#2500 = VECTOR('',#2501,1.);
#2501 = DIRECTION('',(0.,1.));
#2502 = ( GEOMETRIC_REPRESENTATION_CONTEXT(2) 
PARAMETRIC_REPRESENTATION_CONTEXT() REPRESENTATION_CONTEXT('2D SPACE',''
  ) );
#2503 = ORIENTED_EDGE('',*,*,#2504,.T.);
#2504 = EDGE_CURVE('',#2482,#2482,#2505,.T.);
#2505 = SURFACE_CURVE('',#2506,(#2511,#2518),.PCURVE_S1.);
#2506 = CIRCLE('',#2507,7.);
#2507 = AXIS2_PLACEMENT_3D('',#2508,#2509,#2510);
#2508 = CARTESIAN_POINT('',(4.255E+03,20.3,950.));
#2509 = DIRECTION('',(0.,1.,0.));
#2510 = DIRECTION('',(0.,-0.,1.));
#2511 = PCURVE('',#582,#2512);
#2512 = DEFINITIONAL_REPRESENTATION('',(#2513),#2517);
#2513 = LINE('',#2514,#2515);
#2514 = CARTESIAN_POINT('',(0.,0.));
#2515 = VECTOR('',#2516,1.);
#2516 = DIRECTION('',(1.,0.));
#2517 = ( GEOMETRIC_REPRESENTATION_CONTEXT(2) 
PARAMETRIC_REPRESENTATION_CONTEXT() REPRESENTATION_CONTEXT('2D SPACE',''
  ) );
#2518 = PCURVE('',#2519,#2524);
#2519 = PLANE('',#2520);
#2520 = AXIS2_PLACEMENT_3D('',#2521,#2522,#2523);
#2521 = CARTESIAN_POINT('',(4.255E+03,20.3,950.));
#2522 = DIRECTION('',(0.,1.,0.));
#2523 = DIRECTION('',(0.,-0.,1.));
#2524 = DEFINITIONAL_REPRESENTATION('',(#2525),#2529);
#2525 = CIRCLE('',#2526,7.);
#2526 = AXIS2_PLACEMENT_2D('',#2527,#2528);
#2527 = CARTESIAN_POINT('',(0.,0.));
#2528 = DIRECTION('',(1.,0.));
#2529 = ( GEOMETRIC_REPRESENTATION_CONTEXT(2) 
PARAMETRIC_REPRESENTATION_CONTEXT() REPRESENTATION_CONTEXT('2D SPACE',''
  ) );
#2530 = ORIENTED_EDGE('',*,*,#2481,.T.);
#2531 = ADVANCED_FACE('',(#2532),#767,.F.);
#2532 = FACE_BOUND('',#2533,.F.);
#2533 = EDGE_LOOP('',(#2534,#2535,#2558,#2723));
#2534 = ORIENTED_EDGE('',*,*,#655,.F.);
#2535 = ORIENTED_EDGE('',*,*,#2536,.F.);
#2536 = EDGE_CURVE('',#2537,#656,#2539,.T.);
#2537 = VERTEX_POINT('',#2538);
#2538 = CARTESIAN_POINT('',(4.304E+03,8.69048337871,937.77398271535));
#2539 = SEAM_CURVE('',#2540,(#2544,#2551),.PCURVE_S1.);
#2540 = LINE('',#2541,#2542);
#2541 = CARTESIAN_POINT('',(4.304E+03,8.131727983645,938.33273811042));
#2542 = VECTOR('',#2543,1.);
#2543 = DIRECTION('',(0.,0.707106781187,-0.707106781187));
#2544 = PCURVE('',#767,#2545);
#2545 = DEFINITIONAL_REPRESENTATION('',(#2546),#2550);
#2546 = LINE('',#2547,#2548);
#2547 = CARTESIAN_POINT('',(6.28318530718,-0.));
#2548 = VECTOR('',#2549,1.);
#2549 = DIRECTION('',(0.,1.));
#2550 = ( GEOMETRIC_REPRESENTATION_CONTEXT(2) 
PARAMETRIC_REPRESENTATION_CONTEXT() REPRESENTATION_CONTEXT('2D SPACE',''
  ) );
#2551 = PCURVE('',#767,#2552);
#2552 = DEFINITIONAL_REPRESENTATION('',(#2553),#2557);
#2553 = LINE('',#2554,#2555);
#2554 = CARTESIAN_POINT('',(0.,-0.));
#2555 = VECTOR('',#2556,1.);
#2556 = DIRECTION('',(0.,1.));
#2557 = ( GEOMETRIC_REPRESENTATION_CONTEXT(2) 
PARAMETRIC_REPRESENTATION_CONTEXT() REPRESENTATION_CONTEXT('2D SPACE',''
  ) );
#2558 = ORIENTED_EDGE('',*,*,#2559,.T.);
#2559 = EDGE_CURVE('',#2537,#2537,#2560,.T.);
#2560 = SURFACE_CURVE('',#2561,(#2613,#2668),.PCURVE_S1.);
#2561 = B_SPLINE_CURVE_WITH_KNOTS('',8,(#2562,#2563,#2564,#2565,#2566,
    #2567,#2568,#2569,#2570,#2571,#2572,#2573,#2574,#2575,#2576,#2577,
    #2578,#2579,#2580,#2581,#2582,#2583,#2584,#2585,#2586,#2587,#2588,
    #2589,#2590,#2591,#2592,#2593,#2594,#2595,#2596,#2597,#2598,#2599,
    #2600,#2601,#2602,#2603,#2604,#2605,#2606,#2607,#2608,#2609,#2610,
    #2611,#2612),.UNSPECIFIED.,.T.,.F.,(9,7,7,7,7,7,7,9),(0.,
    0.155168594518,0.286778097935,0.422903117429,0.579542012538,
    0.707278654784,0.827872571308,1.),.UNSPECIFIED.);
#2562 = CARTESIAN_POINT('',(4.304E+03,8.69048337871,937.77398271535));
#2563 = CARTESIAN_POINT('',(4.303739019779E+03,8.69048337871,
    937.77398271535));
#2564 = CARTESIAN_POINT('',(4.303478477296E+03,8.716221641189,
    937.79227832937));
#2565 = CARTESIAN_POINT('',(4.303220374258E+03,8.767546419496,
    937.82875952847));
#2566 = CARTESIAN_POINT('',(4.302966898647E+03,8.844732473252,
    937.88408359151));
#2567 = CARTESIAN_POINT('',(4.302720894998E+03,8.948269837061,
    937.95949314075));
#2568 = CARTESIAN_POINT('',(4.302486169897E+03,9.078641417526,
    938.05680149531));
#2569 = CARTESIAN_POINT('',(4.302267938379E+03,9.23601306773,
    938.17833301206));
#2570 = CARTESIAN_POINT('',(4.301908983859E+03,9.575608429763,
    938.45236700409));
#2571 = CARTESIAN_POINT('',(4.301754781366E+03,9.7568088105,
    938.60251160202));
#2572 = CARTESIAN_POINT('',(4.301624956277E+03,9.959290690809,
    938.77616073507));
#2573 = CARTESIAN_POINT('',(4.301529804885E+03,10.176528873746,
    938.97063539452));
#2574 = CARTESIAN_POINT('',(4.301476135762E+03,10.400432272083,
    939.18137343316));
#2575 = CARTESIAN_POINT('',(4.30146724497E+03,10.623004588584,
    939.40199718093));
#2576 = CARTESIAN_POINT('',(4.301502786826E+03,10.837137542912,
    939.62485409278));
#2577 = CARTESIAN_POINT('',(4.301656896528E+03,11.243948979344,
    940.06687860915));
#2578 = CARTESIAN_POINT('',(4.301775436809E+03,11.428159420297,
    940.2775308305));
#2579 = CARTESIAN_POINT('',(4.301925523803E+03,11.589227598548,
    940.47043957289));
#2580 = CARTESIAN_POINT('',(4.302100079979E+03,11.727929333295,
    940.64317977092));
#2581 = CARTESIAN_POINT('',(4.302293107164E+03,11.845487598921,
    940.79428885032));
#2582 = CARTESIAN_POINT('',(4.302499480596E+03,11.943247578025,
    940.92309690045));
#2583 = CARTESIAN_POINT('',(4.302714859164E+03,12.022592858726,
    941.02958770377));
#2584 = CARTESIAN_POINT('',(4.303189502487E+03,12.156432841124,
    941.21161259493));
#2585 = CARTESIAN_POINT('',(4.303454167161E+03,12.206419415725,
    941.28147460909));
#2586 = CARTESIAN_POINT('',(4.303725486339E+03,12.235957957824,
    941.32350295989));
#2587 = CARTESIAN_POINT('',(4.304E+03,12.245729741133,941.33753012923));
#2588 = CARTESIAN_POINT('',(4.304274513661E+03,12.235957957823,
    941.32350295989));
#2589 = CARTESIAN_POINT('',(4.304545832839E+03,12.206419415725,
    941.28147460909));
#2590 = CARTESIAN_POINT('',(4.304810497513E+03,12.156432841124,
    941.21161259493));
#2591 = CARTESIAN_POINT('',(4.305271541184E+03,12.026427690163,
    941.03480314659));
#2592 = CARTESIAN_POINT('',(4.305473492482E+03,11.953092768016,
    940.93631652305));
#2593 = CARTESIAN_POINT('',(4.305667553482E+03,11.863782728173,
    940.81842557457));
#2594 = CARTESIAN_POINT('',(4.305850400808E+03,11.757351761623,
    940.68108569588));
#2595 = CARTESIAN_POINT('',(4.306018065555E+03,11.632606662123,
    940.52465375451));
#2596 = CARTESIAN_POINT('',(4.306165823438E+03,11.488390255227,
    940.35004094275));
#2597 = CARTESIAN_POINT('',(4.30628799954E+03,11.323817444284,
    940.15888849622));
#2598 = CARTESIAN_POINT('',(4.30646227049E+03,10.964118916721,
    939.7600724023));
#2599 = CARTESIAN_POINT('',(4.306516664771E+03,10.77376768401,
    939.55675828901));
#2600 = CARTESIAN_POINT('',(4.306534738806E+03,10.572128162151,
    939.35050007637));
#2601 = CARTESIAN_POINT('',(4.306513982772E+03,10.364939635242,
    939.14836847938));
#2602 = CARTESIAN_POINT('',(4.306455305891E+03,10.158988930152,
    938.95679445719));
#2603 = CARTESIAN_POINT('',(4.306362935858E+03,9.961568785732,
    938.78085751385));
#2604 = CARTESIAN_POINT('',(4.306244444185E+03,9.779241647556,
    938.62409897945));
#2605 = CARTESIAN_POINT('',(4.305920093613E+03,9.385439127485,
    938.29510441527));
#2606 = CARTESIAN_POINT('',(4.305690385379E+03,9.184905436266,
    938.13661199341));
#2607 = CARTESIAN_POINT('',(4.305434257394E+03,9.018142511734,
    938.01052304587));
#2608 = CARTESIAN_POINT('',(4.305160698696E+03,8.885918801265,
    937.91362529887));
#2609 = CARTESIAN_POINT('',(4.30487636789E+03,8.787819140254,
    937.84317182025));
#2610 = CARTESIAN_POINT('',(4.304586047202E+03,8.722936333642,
    937.79705068363));
#2611 = CARTESIAN_POINT('',(4.3042930518E+03,8.69048337871,
    937.77398271535));
#2612 = CARTESIAN_POINT('',(4.304E+03,8.69048337871,937.77398271535));
#2613 = PCURVE('',#767,#2614);
#2614 = DEFINITIONAL_REPRESENTATION('',(#2615),#2667);
#2615 = B_SPLINE_CURVE_WITH_KNOTS('',8,(#2616,#2617,#2618,#2619,#2620,
    #2621,#2622,#2623,#2624,#2625,#2626,#2627,#2628,#2629,#2630,#2631,
    #2632,#2633,#2634,#2635,#2636,#2637,#2638,#2639,#2640,#2641,#2642,
    #2643,#2644,#2645,#2646,#2647,#2648,#2649,#2650,#2651,#2652,#2653,
    #2654,#2655,#2656,#2657,#2658,#2659,#2660,#2661,#2662,#2663,#2664,
    #2665,#2666),.UNSPECIFIED.,.F.,.F.,(9,7,7,7,7,7,7,9),(0.,
    0.155168594518,0.286778097935,0.422903117429,0.579542012538,
    0.707278654784,0.827872571308,1.),.UNSPECIFIED.);
#2616 = CARTESIAN_POINT('',(0.,0.790199457749));
#2617 = CARTESIAN_POINT('',(0.104392088317,0.790199457749));
#2618 = CARTESIAN_POINT('',(0.20860864245,0.795462204949));
#2619 = CARTESIAN_POINT('',(0.313584998912,0.805958200459));
#2620 = CARTESIAN_POINT('',(0.420149399149,0.821416962344));
#2621 = CARTESIAN_POINT('',(0.52911910041,0.841306330767));
#2622 = CARTESIAN_POINT('',(0.641341285428,0.86468556201));
#2623 = CARTESIAN_POINT('',(0.757766949432,0.890028363421));
#2624 = CARTESIAN_POINT('',(0.983020171991,0.936387252728));
#2625 = CARTESIAN_POINT('',(1.094548716045,0.95834700735));
#2626 = CARTESIAN_POINT('',(1.211303610294,0.978734838456));
#2627 = CARTESIAN_POINT('',(1.331462114167,0.99483108028));
#2628 = CARTESIAN_POINT('',(1.453737621042,1.004140395394));
#2629 = CARTESIAN_POINT('',(1.577024598976,1.005518241557));
#2630 = CARTESIAN_POINT('',(1.700276772792,0.999349472034));
#2631 = CARTESIAN_POINT('',(1.948151269244,0.974450064425));
#2632 = CARTESIAN_POINT('',(2.068119430485,0.955752902198));
#2633 = CARTESIAN_POINT('',(2.183069487297,0.933238223377));
#2634 = CARTESIAN_POINT('',(2.293683891244,0.909169395171));
#2635 = CARTESIAN_POINT('',(2.400479930532,0.885445387242));
#2636 = CARTESIAN_POINT('',(2.503875944369,0.863491085674));
#2637 = CARTESIAN_POINT('',(2.604207343972,0.84429630255));
#2638 = CARTESIAN_POINT('',(2.814034546427,0.810224426815));
#2639 = CARTESIAN_POINT('',(2.924257983216,0.796170368724));
#2640 = CARTESIAN_POINT('',(3.03323149753,0.787338740293));
#2641 = CARTESIAN_POINT('',(3.14159265359,0.784329727977));
#2642 = CARTESIAN_POINT('',(3.24995380965,0.787338740294));
#2643 = CARTESIAN_POINT('',(3.358927323963,0.796170368724));
#2644 = CARTESIAN_POINT('',(3.469150760753,0.810224426815));
#2645 = CARTESIAN_POINT('',(3.672965918542,0.843320062881));
#2646 = CARTESIAN_POINT('',(3.766750002228,0.861105001496));
#2647 = CARTESIAN_POINT('',(3.863110852391,0.881314755805));
#2648 = CARTESIAN_POINT('',(3.962390554641,0.903170657173));
#2649 = CARTESIAN_POINT('',(4.064995855721,0.925576637938));
#2650 = CARTESIAN_POINT('',(4.17140281226,0.947070141936));
#2651 = CARTESIAN_POINT('',(4.282194996004,0.965864782501));
#2652 = CARTESIAN_POINT('',(4.507776051721,0.993525078937));
#2653 = CARTESIAN_POINT('',(4.620395547937,1.002691219702));
#2654 = CARTESIAN_POINT('',(4.734355639093,1.00595712727));
#2655 = CARTESIAN_POINT('',(4.84838269421,1.002381337831));
#2656 = CARTESIAN_POINT('',(4.961278379256,0.992215487864));
#2657 = CARTESIAN_POINT('',(5.071749396926,0.977024570701));
#2658 = CARTESIAN_POINT('',(5.178123743542,0.958944837582));
#2659 = CARTESIAN_POINT('',(5.420254652286,0.9131186925));
#2660 = CARTESIAN_POINT('',(5.55522832704,0.883391025847));
#2661 = CARTESIAN_POINT('',(5.684456497872,0.854630180897));
#2662 = CARTESIAN_POINT('',(5.809087617325,0.829650952572));
#2663 = CARTESIAN_POINT('',(5.930185613102,0.810102149531));
#2664 = CARTESIAN_POINT('',(6.048766031585,0.796835645456));
#2665 = CARTESIAN_POINT('',(6.165964587289,0.790199457749));
#2666 = CARTESIAN_POINT('',(6.28318530718,0.790199457749));
#2667 = ( GEOMETRIC_REPRESENTATION_CONTEXT(2) 
PARAMETRIC_REPRESENTATION_CONTEXT() REPRESENTATION_CONTEXT('2D SPACE',''
  ) );
#2668 = PCURVE('',#1945,#2669);
#2669 = DEFINITIONAL_REPRESENTATION('',(#2670),#2722);
#2670 = B_SPLINE_CURVE_WITH_KNOTS('',8,(#2671,#2672,#2673,#2674,#2675,
    #2676,#2677,#2678,#2679,#2680,#2681,#2682,#2683,#2684,#2685,#2686,
    #2687,#2688,#2689,#2690,#2691,#2692,#2693,#2694,#2695,#2696,#2697,
    #2698,#2699,#2700,#2701,#2702,#2703,#2704,#2705,#2706,#2707,#2708,
    #2709,#2710,#2711,#2712,#2713,#2714,#2715,#2716,#2717,#2718,#2719,
    #2720,#2721),.UNSPECIFIED.,.T.,.F.,(9,7,7,7,7,7,7,9),(0.,
    0.155168594518,0.286778097935,0.422903117429,0.579542012538,
    0.707278654784,0.827872571308,1.),.UNSPECIFIED.);
#2671 = CARTESIAN_POINT('',(0.617950084178,19.01));
#2672 = CARTESIAN_POINT('',(0.617950084178,18.749019779207));
#2673 = CARTESIAN_POINT('',(0.620055302778,18.488477295687));
#2674 = CARTESIAN_POINT('',(0.624253246185,18.230374257837));
#2675 = CARTESIAN_POINT('',(0.630584217009,17.976898647243));
#2676 = CARTESIAN_POINT('',(0.639122894326,17.730894997938));
#2677 = CARTESIAN_POINT('',(0.649966623074,17.496169896758));
#2678 = CARTESIAN_POINT('',(0.663219328447,17.277938378935));
#2679 = CARTESIAN_POINT('',(0.692310727611,16.918983859367));
#2680 = CARTESIAN_POINT('',(0.707997607342,16.7647813661));
#2681 = CARTESIAN_POINT('',(0.725776310391,16.634956277387));
#2682 = CARTESIAN_POINT('',(0.745204916206,16.539804885097));
#2683 = CARTESIAN_POINT('',(0.765689998299,16.486135762465));
#2684 = CARTESIAN_POINT('',(0.786572383198,16.477244969856));
#2685 = CARTESIAN_POINT('',(0.807171617112,16.512786826433));
#2686 = CARTESIAN_POINT('',(0.847220543738,16.666896527818));
#2687 = CARTESIAN_POINT('',(0.865870199359,16.785436808591));
#2688 = CARTESIAN_POINT('',(0.882617646196,16.935523803215));
#2689 = CARTESIAN_POINT('',(0.897382399924,17.110079978673));
#2690 = CARTESIAN_POINT('',(0.910144022311,17.303107164082));
#2691 = CARTESIAN_POINT('',(0.920923564868,17.509480595978));
#2692 = CARTESIAN_POINT('',(0.929776770408,17.724859164017));
#2693 = CARTESIAN_POINT('',(0.944839041432,18.199502486827));
#2694 = CARTESIAN_POINT('',(0.950565442374,18.4641671608));
#2695 = CARTESIAN_POINT('',(0.953990132772,18.735486339054));
#2696 = CARTESIAN_POINT('',(0.955129919388,19.010000000001));
#2697 = CARTESIAN_POINT('',(0.953990132772,19.284513660947));
#2698 = CARTESIAN_POINT('',(0.950565442374,19.555832839199));
#2699 = CARTESIAN_POINT('',(0.944839041432,19.820497513173));
#2700 = CARTESIAN_POINT('',(0.930208340029,20.281541184348));
#2701 = CARTESIAN_POINT('',(0.922022412841,20.483492482432));
#2702 = CARTESIAN_POINT('',(0.912162998021,20.677553482044));
#2703 = CARTESIAN_POINT('',(0.900580961448,20.860400808251));
#2704 = CARTESIAN_POINT('',(0.887245315899,21.028065554751));
#2705 = CARTESIAN_POINT('',(0.87215214592,21.175823437628));
#2706 = CARTESIAN_POINT('',(0.855340830057,21.29799954045));
#2707 = CARTESIAN_POINT('',(0.81953659024,21.472270490014));
#2708 = CARTESIAN_POINT('',(0.800972193446,21.526664771206));
#2709 = CARTESIAN_POINT('',(0.781749950567,21.544738805938));
#2710 = CARTESIAN_POINT('',(0.762463890121,21.523982772411));
#2711 = CARTESIAN_POINT('',(0.743721164946,21.465305891085));
#2712 = CARTESIAN_POINT('',(0.726096513594,21.372935857832));
#2713 = CARTESIAN_POINT('',(0.710068098382,21.254444185339));
#2714 = CARTESIAN_POINT('',(0.675858428009,20.930093613345));
#2715 = CARTESIAN_POINT('',(0.658824417626,20.700385378997));
#2716 = CARTESIAN_POINT('',(0.644890735798,20.444257393679));
#2717 = CARTESIAN_POINT('',(0.633963161658,20.170698695735));
#2718 = CARTESIAN_POINT('',(0.625911514148,19.88636788989));
#2719 = CARTESIAN_POINT('',(0.620604488073,19.596047201762));
#2720 = CARTESIAN_POINT('',(0.617950084178,19.303051799726));
#2721 = CARTESIAN_POINT('',(0.617950084178,19.01));
#2722 = ( GEOMETRIC_REPRESENTATION_CONTEXT(2) 
PARAMETRIC_REPRESENTATION_CONTEXT() REPRESENTATION_CONTEXT('2D SPACE',''
  ) );
#2723 = ORIENTED_EDGE('',*,*,#2536,.T.);
#2724 = ADVANCED_FACE('',(#2725),#941,.F.);
#2725 = FACE_BOUND('',#2726,.F.);
#2726 = EDGE_LOOP('',(#2727,#2728,#2751,#2916));
#2727 = ORIENTED_EDGE('',*,*,#829,.F.);
#2728 = ORIENTED_EDGE('',*,*,#2729,.F.);
#2729 = EDGE_CURVE('',#2730,#830,#2732,.T.);
#2730 = VERTEX_POINT('',#2731);
#2731 = CARTESIAN_POINT('',(4.304E+03,14.790199457757,952.5));
#2732 = SEAM_CURVE('',#2733,(#2737,#2744),.PCURVE_S1.);
#2733 = LINE('',#2734,#2735);
#2734 = CARTESIAN_POINT('',(4.304E+03,14.,952.5));
#2735 = VECTOR('',#2736,1.);
#2736 = DIRECTION('',(0.,1.,0.));
#2737 = PCURVE('',#941,#2738);
#2738 = DEFINITIONAL_REPRESENTATION('',(#2739),#2743);
#2739 = LINE('',#2740,#2741);
#2740 = CARTESIAN_POINT('',(6.28318530718,-0.));
#2741 = VECTOR('',#2742,1.);
#2742 = DIRECTION('',(0.,1.));
#2743 = ( GEOMETRIC_REPRESENTATION_CONTEXT(2) 
PARAMETRIC_REPRESENTATION_CONTEXT() REPRESENTATION_CONTEXT('2D SPACE',''
  ) );
#2744 = PCURVE('',#941,#2745);
#2745 = DEFINITIONAL_REPRESENTATION('',(#2746),#2750);
#2746 = LINE('',#2747,#2748);
#2747 = CARTESIAN_POINT('',(0.,-0.));
#2748 = VECTOR('',#2749,1.);
#2749 = DIRECTION('',(0.,1.));
#2750 = ( GEOMETRIC_REPRESENTATION_CONTEXT(2) 
PARAMETRIC_REPRESENTATION_CONTEXT() REPRESENTATION_CONTEXT('2D SPACE',''
  ) );
#2751 = ORIENTED_EDGE('',*,*,#2752,.T.);
#2752 = EDGE_CURVE('',#2730,#2730,#2753,.T.);
#2753 = SURFACE_CURVE('',#2754,(#2806,#2861),.PCURVE_S1.);
#2754 = B_SPLINE_CURVE_WITH_KNOTS('',8,(#2755,#2756,#2757,#2758,#2759,
    #2760,#2761,#2762,#2763,#2764,#2765,#2766,#2767,#2768,#2769,#2770,
    #2771,#2772,#2773,#2774,#2775,#2776,#2777,#2778,#2779,#2780,#2781,
    #2782,#2783,#2784,#2785,#2786,#2787,#2788,#2789,#2790,#2791,#2792,
    #2793,#2794,#2795,#2796,#2797,#2798,#2799,#2800,#2801,#2802,#2803,
    #2804,#2805),.UNSPECIFIED.,.T.,.F.,(9,7,7,7,7,7,7,9),(0.,
    0.155168594518,0.286778097934,0.422903117427,0.579542012539,
    0.707278654783,0.827872571308,1.),.UNSPECIFIED.);
#2755 = CARTESIAN_POINT('',(4.304E+03,14.790199457749,952.5));
#2756 = CARTESIAN_POINT('',(4.304260980221E+03,14.790199457749,952.5));
#2757 = CARTESIAN_POINT('',(4.304521522704E+03,14.795462204949,
    952.46886334733));
#2758 = CARTESIAN_POINT('',(4.304779625742E+03,14.805958200459,
    952.40677514527));
#2759 = CARTESIAN_POINT('',(4.305033101353E+03,14.821416962344,
    952.31307634311));
#2760 = CARTESIAN_POINT('',(4.305279105002E+03,14.841306330767,
    952.18654176742));
#2761 = CARTESIAN_POINT('',(4.305513830103E+03,14.86468556201,
    952.02554774142));
#2762 = CARTESIAN_POINT('',(4.305732061621E+03,14.890028363421,
    951.82833342078));
#2763 = CARTESIAN_POINT('',(4.306091016141E+03,14.936387252728,
    951.39443194338));
#2764 = CARTESIAN_POINT('',(4.306245218634E+03,14.95834700735,
    951.16013566205));
#2765 = CARTESIAN_POINT('',(4.306375043723E+03,14.978734838456,
    950.8941708719));
#2766 = CARTESIAN_POINT('',(4.306470195115E+03,14.99483108028,
    950.60304592914));
#2767 = CARTESIAN_POINT('',(4.306523864238E+03,15.004140395394,
    950.29570802167));
#2768 = CARTESIAN_POINT('',(4.30653275503E+03,15.005518241557,
    949.98232107922));
#2769 = CARTESIAN_POINT('',(4.306497213174E+03,14.999349472034,
    949.67332258154));
#2770 = CARTESIAN_POINT('',(4.306343103472E+03,14.974450064425,
    949.0731049232));
#2771 = CARTESIAN_POINT('',(4.306224563191E+03,14.955752902198,
    948.79389485705));
#2772 = CARTESIAN_POINT('',(4.306074476197E+03,14.933238223377,
    948.54359537608));
#2773 = CARTESIAN_POINT('',(4.305899920021E+03,14.909169395171,
    948.32337267347));
#2774 = CARTESIAN_POINT('',(4.305706892836E+03,14.885445387242,
    948.13339617192));
#2775 = CARTESIAN_POINT('',(4.305500519404E+03,14.863491085674,
    947.97318838205));
#2776 = CARTESIAN_POINT('',(4.305285140836E+03,14.84429630255,
    947.84178242685));
#2777 = CARTESIAN_POINT('',(4.304810497513E+03,14.810224426815,
    947.61843223281));
#2778 = CARTESIAN_POINT('',(4.304545832839E+03,14.796170368724,
    947.53368648299));
#2779 = CARTESIAN_POINT('',(4.304274513661E+03,14.787338740294,
    947.48308104771));
#2780 = CARTESIAN_POINT('',(4.304E+03,14.784329727977,947.46625264691));
#2781 = CARTESIAN_POINT('',(4.303725486339E+03,14.787338740294,
    947.48308104771));
#2782 = CARTESIAN_POINT('',(4.303454167161E+03,14.796170368724,
    947.53368648299));
#2783 = CARTESIAN_POINT('',(4.303189502487E+03,14.810224426815,
    947.61843223281));
#2784 = CARTESIAN_POINT('',(4.302728458816E+03,14.843320062881,
    947.83538291655));
#2785 = CARTESIAN_POINT('',(4.302526507518E+03,14.861105001496,
    947.95687909666));
#2786 = CARTESIAN_POINT('',(4.302332446518E+03,14.881314755805,
    948.10339232057));
#2787 = CARTESIAN_POINT('',(4.302149599192E+03,14.903170657173,
    948.27576433829));
#2788 = CARTESIAN_POINT('',(4.301981934445E+03,14.925576637938,
    948.47458653061));
#2789 = CARTESIAN_POINT('',(4.301834176562E+03,14.947070141936,
    948.70003283315));
#2790 = CARTESIAN_POINT('',(4.30171200046E+03,14.965864782501,
    948.95156857495));
#2791 = CARTESIAN_POINT('',(4.30153772951E+03,14.993525078937,
    949.48791940743));
#2792 = CARTESIAN_POINT('',(4.301483335229E+03,15.002691219701,
    949.76628284311));
#2793 = CARTESIAN_POINT('',(4.301465261194E+03,15.00595712727,
    950.05471009721));
#2794 = CARTESIAN_POINT('',(4.301486017228E+03,15.002381337831,
    950.34414313248));
#2795 = CARTESIAN_POINT('',(4.301544694109E+03,14.992215487864,
    950.62523556284));
#2796 = CARTESIAN_POINT('',(4.301637064142E+03,14.977024570701,
    950.8892388914));
#2797 = CARTESIAN_POINT('',(4.301755555815E+03,14.958944837583,
    951.12900866988));
#2798 = CARTESIAN_POINT('',(4.302079906387E+03,14.9131186925,
    951.64010338958));
#2799 = CARTESIAN_POINT('',(4.302309614621E+03,14.883391025847,
    951.89397318876));
#2800 = CARTESIAN_POINT('',(4.302565742606E+03,14.854630180897,
    952.10105073339));
#2801 = CARTESIAN_POINT('',(4.302839301304E+03,14.829650952572,
    952.26306406967));
#2802 = CARTESIAN_POINT('',(4.30312363211E+03,14.810102149531,
    952.3822491377));
#2803 = CARTESIAN_POINT('',(4.303413952798E+03,14.796835645457,
    952.4607407787));
#2804 = CARTESIAN_POINT('',(4.3037069482E+03,14.790199457749,952.5));
#2805 = CARTESIAN_POINT('',(4.304E+03,14.790199457749,952.5));
#2806 = PCURVE('',#941,#2807);
#2807 = DEFINITIONAL_REPRESENTATION('',(#2808),#2860);
#2808 = B_SPLINE_CURVE_WITH_KNOTS('',8,(#2809,#2810,#2811,#2812,#2813,
    #2814,#2815,#2816,#2817,#2818,#2819,#2820,#2821,#2822,#2823,#2824,
    #2825,#2826,#2827,#2828,#2829,#2830,#2831,#2832,#2833,#2834,#2835,
    #2836,#2837,#2838,#2839,#2840,#2841,#2842,#2843,#2844,#2845,#2846,
    #2847,#2848,#2849,#2850,#2851,#2852,#2853,#2854,#2855,#2856,#2857,
    #2858,#2859),.UNSPECIFIED.,.F.,.F.,(9,7,7,7,7,7,7,9),(0.,
    0.155168594518,0.286778097934,0.422903117427,0.579542012539,
    0.707278654783,0.827872571308,1.),.UNSPECIFIED.);
#2809 = CARTESIAN_POINT('',(0.,0.790199457749));
#2810 = CARTESIAN_POINT('',(0.104392088317,0.790199457749));
#2811 = CARTESIAN_POINT('',(0.20860864245,0.795462204949));
#2812 = CARTESIAN_POINT('',(0.313584998911,0.805958200459));
#2813 = CARTESIAN_POINT('',(0.420149399149,0.821416962344));
#2814 = CARTESIAN_POINT('',(0.529119100411,0.841306330767));
#2815 = CARTESIAN_POINT('',(0.641341285428,0.86468556201));
#2816 = CARTESIAN_POINT('',(0.757766949433,0.890028363421));
#2817 = CARTESIAN_POINT('',(0.98302017199,0.936387252728));
#2818 = CARTESIAN_POINT('',(1.094548716047,0.95834700735));
#2819 = CARTESIAN_POINT('',(1.211303610291,0.978734838456));
#2820 = CARTESIAN_POINT('',(1.33146211417,0.99483108028));
#2821 = CARTESIAN_POINT('',(1.45373762104,1.004140395394));
#2822 = CARTESIAN_POINT('',(1.577024598977,1.005518241557));
#2823 = CARTESIAN_POINT('',(1.700276772792,0.999349472034));
#2824 = CARTESIAN_POINT('',(1.948151269244,0.974450064425));
#2825 = CARTESIAN_POINT('',(2.068119430484,0.955752902198));
#2826 = CARTESIAN_POINT('',(2.183069487297,0.933238223377));
#2827 = CARTESIAN_POINT('',(2.293683891244,0.909169395171));
#2828 = CARTESIAN_POINT('',(2.400479930532,0.885445387242));
#2829 = CARTESIAN_POINT('',(2.503875944369,0.863491085674));
#2830 = CARTESIAN_POINT('',(2.604207343972,0.84429630255));
#2831 = CARTESIAN_POINT('',(2.814034546429,0.810224426815));
#2832 = CARTESIAN_POINT('',(2.924257983219,0.796170368724));
#2833 = CARTESIAN_POINT('',(3.033231497532,0.787338740294));
#2834 = CARTESIAN_POINT('',(3.14159265359,0.784329727977));
#2835 = CARTESIAN_POINT('',(3.249953809648,0.787338740294));
#2836 = CARTESIAN_POINT('',(3.358927323961,0.796170368724));
#2837 = CARTESIAN_POINT('',(3.46915076075,0.810224426815));
#2838 = CARTESIAN_POINT('',(3.672965918542,0.843320062881));
#2839 = CARTESIAN_POINT('',(3.766750002228,0.861105001496));
#2840 = CARTESIAN_POINT('',(3.863110852391,0.881314755805));
#2841 = CARTESIAN_POINT('',(3.962390554641,0.903170657173));
#2842 = CARTESIAN_POINT('',(4.064995855721,0.925576637938));
#2843 = CARTESIAN_POINT('',(4.171402812259,0.947070141936));
#2844 = CARTESIAN_POINT('',(4.282194996004,0.965864782501));
#2845 = CARTESIAN_POINT('',(4.507776051721,0.993525078937));
#2846 = CARTESIAN_POINT('',(4.620395547935,1.002691219701));
#2847 = CARTESIAN_POINT('',(4.734355639098,1.00595712727));
#2848 = CARTESIAN_POINT('',(4.848382694204,1.002381337831));
#2849 = CARTESIAN_POINT('',(4.96127837926,0.992215487864));
#2850 = CARTESIAN_POINT('',(5.071749396924,0.977024570701));
#2851 = CARTESIAN_POINT('',(5.178123743542,0.958944837583));
#2852 = CARTESIAN_POINT('',(5.420254652287,0.9131186925));
#2853 = CARTESIAN_POINT('',(5.55522832704,0.883391025847));
#2854 = CARTESIAN_POINT('',(5.684456497876,0.854630180897));
#2855 = CARTESIAN_POINT('',(5.809087617321,0.829650952572));
#2856 = CARTESIAN_POINT('',(5.930185613105,0.810102149531));
#2857 = CARTESIAN_POINT('',(6.048766031583,0.796835645457));
#2858 = CARTESIAN_POINT('',(6.165964587289,0.790199457749));
#2859 = CARTESIAN_POINT('',(6.28318530718,0.790199457749));
#2860 = ( GEOMETRIC_REPRESENTATION_CONTEXT(2) 
PARAMETRIC_REPRESENTATION_CONTEXT() REPRESENTATION_CONTEXT('2D SPACE',''
  ) );
#2861 = PCURVE('',#1945,#2862);
#2862 = DEFINITIONAL_REPRESENTATION('',(#2863),#2915);
#2863 = B_SPLINE_CURVE_WITH_KNOTS('',8,(#2864,#2865,#2866,#2867,#2868,
    #2869,#2870,#2871,#2872,#2873,#2874,#2875,#2876,#2877,#2878,#2879,
    #2880,#2881,#2882,#2883,#2884,#2885,#2886,#2887,#2888,#2889,#2890,
    #2891,#2892,#2893,#2894,#2895,#2896,#2897,#2898,#2899,#2900,#2901,
    #2902,#2903,#2904,#2905,#2906,#2907,#2908,#2909,#2910,#2911,#2912,
    #2913,#2914),.UNSPECIFIED.,.T.,.F.,(9,7,7,7,7,7,7,9),(0.,
    0.155168594518,0.286778097934,0.422903117427,0.579542012539,
    0.707278654783,0.827872571308,1.),.UNSPECIFIED.);
#2864 = CARTESIAN_POINT('',(1.738244406015,19.01));
#2865 = CARTESIAN_POINT('',(1.738244406015,19.270980220794));
#2866 = CARTESIAN_POINT('',(1.736139187414,19.531522704314));
#2867 = CARTESIAN_POINT('',(1.731941244008,19.789625742163));
#2868 = CARTESIAN_POINT('',(1.725610273184,20.043101352757));
#2869 = CARTESIAN_POINT('',(1.717071595866,20.289105002063));
#2870 = CARTESIAN_POINT('',(1.706227867119,20.523830103242));
#2871 = CARTESIAN_POINT('',(1.692975161746,20.742061621066));
#2872 = CARTESIAN_POINT('',(1.663883762581,21.101016140632));
#2873 = CARTESIAN_POINT('',(1.64819688285,21.255218633903));
#2874 = CARTESIAN_POINT('',(1.630418179801,21.385043722608));
#2875 = CARTESIAN_POINT('',(1.610989573986,21.480195114908));
#2876 = CARTESIAN_POINT('',(1.590504491893,21.533864237533));
#2877 = CARTESIAN_POINT('',(1.569622106994,21.542755030145));
#2878 = CARTESIAN_POINT('',(1.549022873081,21.507213173567));
#2879 = CARTESIAN_POINT('',(1.508973946454,21.353103472183));
#2880 = CARTESIAN_POINT('',(1.490324290833,21.234563191409));
#2881 = CARTESIAN_POINT('',(1.473576843997,21.084476196786));
#2882 = CARTESIAN_POINT('',(1.458812090268,20.909920021327));
#2883 = CARTESIAN_POINT('',(1.446050467882,20.716892835919));
#2884 = CARTESIAN_POINT('',(1.435270925325,20.510519404023));
#2885 = CARTESIAN_POINT('',(1.426417719784,20.295140835983));
#2886 = CARTESIAN_POINT('',(1.41135544876,19.820497513168));
#2887 = CARTESIAN_POINT('',(1.405629047818,19.555832839193));
#2888 = CARTESIAN_POINT('',(1.40220435742,19.284513660942));
#2889 = CARTESIAN_POINT('',(1.401064570804,19.009999999999));
#2890 = CARTESIAN_POINT('',(1.40220435742,18.735486339057));
#2891 = CARTESIAN_POINT('',(1.405629047818,18.464167160808));
#2892 = CARTESIAN_POINT('',(1.41135544876,18.199502486834));
#2893 = CARTESIAN_POINT('',(1.425986150164,17.738458815652));
#2894 = CARTESIAN_POINT('',(1.434172077351,17.536507517569));
#2895 = CARTESIAN_POINT('',(1.444031492171,17.342446517957));
#2896 = CARTESIAN_POINT('',(1.455613528744,17.159599191749));
#2897 = CARTESIAN_POINT('',(1.468949174293,16.99193444525));
#2898 = CARTESIAN_POINT('',(1.484042344273,16.844176562372));
#2899 = CARTESIAN_POINT('',(1.500853660135,16.72200045955));
#2900 = CARTESIAN_POINT('',(1.536657899952,16.547729509986));
#2901 = CARTESIAN_POINT('',(1.555222296747,16.493335228795));
#2902 = CARTESIAN_POINT('',(1.574444539626,16.475261194062));
#2903 = CARTESIAN_POINT('',(1.59373060007,16.49601722759));
#2904 = CARTESIAN_POINT('',(1.612473325246,16.554694108916));
#2905 = CARTESIAN_POINT('',(1.630097976598,16.647064142168));
#2906 = CARTESIAN_POINT('',(1.64612639181,16.765555814661));
#2907 = CARTESIAN_POINT('',(1.680336062183,17.089906386656));
#2908 = CARTESIAN_POINT('',(1.697370072567,17.319614621004));
#2909 = CARTESIAN_POINT('',(1.711303754394,17.575742606326));
#2910 = CARTESIAN_POINT('',(1.722231328534,17.849301304262));
#2911 = CARTESIAN_POINT('',(1.730282976044,18.133632110113));
#2912 = CARTESIAN_POINT('',(1.73559000212,18.423952798234));
#2913 = CARTESIAN_POINT('',(1.738244406015,18.716948200273));
#2914 = CARTESIAN_POINT('',(1.738244406015,19.01));
#2915 = ( GEOMETRIC_REPRESENTATION_CONTEXT(2) 
PARAMETRIC_REPRESENTATION_CONTEXT() REPRESENTATION_CONTEXT('2D SPACE',''
  ) );
#2916 = ORIENTED_EDGE('',*,*,#2729,.T.);
#2917 = ADVANCED_FACE('',(#2918),#1115,.F.);
#2918 = FACE_BOUND('',#2919,.F.);
#2919 = EDGE_LOOP('',(#2920,#2921,#2944,#3109));
#2920 = ORIENTED_EDGE('',*,*,#1003,.F.);
#2921 = ORIENTED_EDGE('',*,*,#2922,.F.);
#2922 = EDGE_CURVE('',#2923,#1004,#2925,.T.);
#2923 = VERTEX_POINT('',#2924);
#2924 = CARTESIAN_POINT('',(4.304E+03,8.69048337871,962.22601728464));
#2925 = SEAM_CURVE('',#2926,(#2930,#2937),.PCURVE_S1.);
#2926 = LINE('',#2927,#2928);
#2927 = CARTESIAN_POINT('',(4.304E+03,8.131727983645,961.66726188957));
#2928 = VECTOR('',#2929,1.);
#2929 = DIRECTION('',(0.,0.707106781187,0.707106781187));
#2930 = PCURVE('',#1115,#2931);
#2931 = DEFINITIONAL_REPRESENTATION('',(#2932),#2936);
#2932 = LINE('',#2933,#2934);
#2933 = CARTESIAN_POINT('',(6.28318530718,-0.));
#2934 = VECTOR('',#2935,1.);
#2935 = DIRECTION('',(0.,1.));
#2936 = ( GEOMETRIC_REPRESENTATION_CONTEXT(2) 
PARAMETRIC_REPRESENTATION_CONTEXT() REPRESENTATION_CONTEXT('2D SPACE',''
  ) );
#2937 = PCURVE('',#1115,#2938);
#2938 = DEFINITIONAL_REPRESENTATION('',(#2939),#2943);
#2939 = LINE('',#2940,#2941);
#2940 = CARTESIAN_POINT('',(0.,-0.));
#2941 = VECTOR('',#2942,1.);
#2942 = DIRECTION('',(0.,1.));
#2943 = ( GEOMETRIC_REPRESENTATION_CONTEXT(2) 
PARAMETRIC_REPRESENTATION_CONTEXT() REPRESENTATION_CONTEXT('2D SPACE',''
  ) );
#2944 = ORIENTED_EDGE('',*,*,#2945,.T.);
#2945 = EDGE_CURVE('',#2923,#2923,#2946,.T.);
#2946 = SURFACE_CURVE('',#2947,(#2999,#3054),.PCURVE_S1.);
#2947 = B_SPLINE_CURVE_WITH_KNOTS('',8,(#2948,#2949,#2950,#2951,#2952,
    #2953,#2954,#2955,#2956,#2957,#2958,#2959,#2960,#2961,#2962,#2963,
    #2964,#2965,#2966,#2967,#2968,#2969,#2970,#2971,#2972,#2973,#2974,
    #2975,#2976,#2977,#2978,#2979,#2980,#2981,#2982,#2983,#2984,#2985,
    #2986,#2987,#2988,#2989,#2990,#2991,#2992,#2993,#2994,#2995,#2996,
    #2997,#2998),.UNSPECIFIED.,.T.,.F.,(9,7,7,7,7,7,7,9),(0.,
    0.155168594518,0.286778097935,0.422903117429,0.579542012536,
    0.707278654782,0.827872571308,1.),.UNSPECIFIED.);
#2948 = CARTESIAN_POINT('',(4.304E+03,8.69048337871,962.22601728464));
#2949 = CARTESIAN_POINT('',(4.304260980221E+03,8.69048337871,
    962.22601728464));
#2950 = CARTESIAN_POINT('',(4.304521522704E+03,8.716221641189,
    962.20772167062));
#2951 = CARTESIAN_POINT('',(4.304779625742E+03,8.767546419495,
    962.17124047152));
#2952 = CARTESIAN_POINT('',(4.305033101353E+03,8.844732473252,
    962.11591640848));
#2953 = CARTESIAN_POINT('',(4.305279105002E+03,8.948269837061,
    962.04050685924));
#2954 = CARTESIAN_POINT('',(4.305513830103E+03,9.078641417525,
    961.94319850468));
#2955 = CARTESIAN_POINT('',(4.305732061621E+03,9.236013067731,
    961.82166698794));
#2956 = CARTESIAN_POINT('',(4.306091016141E+03,9.575608429763,
    961.5476329959));
#2957 = CARTESIAN_POINT('',(4.306245218634E+03,9.756808810501,
    961.39748839797));
#2958 = CARTESIAN_POINT('',(4.306375043723E+03,9.959290690809,
    961.22383926492));
#2959 = CARTESIAN_POINT('',(4.306470195115E+03,10.176528873746,
    961.02936460547));
#2960 = CARTESIAN_POINT('',(4.306523864238E+03,10.400432272082,
    960.81862656683));
#2961 = CARTESIAN_POINT('',(4.30653275503E+03,10.623004588585,
    960.59800281906));
#2962 = CARTESIAN_POINT('',(4.306497213174E+03,10.837137542912,
    960.37514590721));
#2963 = CARTESIAN_POINT('',(4.306343103472E+03,11.243948979345,
    959.93312139084));
#2964 = CARTESIAN_POINT('',(4.306224563191E+03,11.428159420297,
    959.72246916949));
#2965 = CARTESIAN_POINT('',(4.306074476197E+03,11.589227598548,
    959.5295604271));
#2966 = CARTESIAN_POINT('',(4.305899920021E+03,11.727929333295,
    959.35682022907));
#2967 = CARTESIAN_POINT('',(4.305706892836E+03,11.845487598921,
    959.20571114968));
#2968 = CARTESIAN_POINT('',(4.305500519404E+03,11.943247578025,
    959.07690309954));
#2969 = CARTESIAN_POINT('',(4.305285140836E+03,12.022592858726,
    958.97041229622));
#2970 = CARTESIAN_POINT('',(4.304810497513E+03,12.156432841123,
    958.78838740506));
#2971 = CARTESIAN_POINT('',(4.304545832839E+03,12.206419415724,
    958.7185253909));
#2972 = CARTESIAN_POINT('',(4.304274513661E+03,12.235957957824,
    958.6764970401));
#2973 = CARTESIAN_POINT('',(4.304E+03,12.245729741134,958.66246987076));
#2974 = CARTESIAN_POINT('',(4.303725486339E+03,12.235957957824,
    958.6764970401));
#2975 = CARTESIAN_POINT('',(4.303454167161E+03,12.206419415724,
    958.7185253909));
#2976 = CARTESIAN_POINT('',(4.303189502487E+03,12.156432841123,
    958.78838740506));
#2977 = CARTESIAN_POINT('',(4.302728458816E+03,12.026427690162,
    958.9651968534));
#2978 = CARTESIAN_POINT('',(4.302526507518E+03,11.953092768016,
    959.06368347695));
#2979 = CARTESIAN_POINT('',(4.302332446518E+03,11.863782728173,
    959.18157442542));
#2980 = CARTESIAN_POINT('',(4.302149599192E+03,11.757351761623,
    959.31891430411));
#2981 = CARTESIAN_POINT('',(4.301981934445E+03,11.632606662123,
    959.47534624548));
#2982 = CARTESIAN_POINT('',(4.301834176562E+03,11.488390255227,
    959.64995905724));
#2983 = CARTESIAN_POINT('',(4.30171200046E+03,11.323817444284,
    959.84111150377));
#2984 = CARTESIAN_POINT('',(4.30153772951E+03,10.964118916721,
    960.23992759769));
#2985 = CARTESIAN_POINT('',(4.301483335229E+03,10.773767684012,
    960.44324171098));
#2986 = CARTESIAN_POINT('',(4.301465261194E+03,10.572128162148,
    960.64949992362));
#2987 = CARTESIAN_POINT('',(4.301486017228E+03,10.364939635245,
    960.8516315206));
#2988 = CARTESIAN_POINT('',(4.301544694109E+03,10.15898893015,
    961.0432055428));
#2989 = CARTESIAN_POINT('',(4.301637064142E+03,9.961568785733,
    961.21914248614));
#2990 = CARTESIAN_POINT('',(4.301755555815E+03,9.779241647556,
    961.37590102054));
#2991 = CARTESIAN_POINT('',(4.302079906387E+03,9.385439127487,
    961.70489558472));
#2992 = CARTESIAN_POINT('',(4.302309614621E+03,9.184905436267,
    961.86338800658));
#2993 = CARTESIAN_POINT('',(4.302565742606E+03,9.018142511735,
    961.98947695412));
#2994 = CARTESIAN_POINT('',(4.302839301304E+03,8.885918801265,
    962.08637470112));
#2995 = CARTESIAN_POINT('',(4.30312363211E+03,8.787819140254,
    962.15682817974));
#2996 = CARTESIAN_POINT('',(4.303413952798E+03,8.722936333642,
    962.20294931636));
#2997 = CARTESIAN_POINT('',(4.3037069482E+03,8.69048337871,
    962.22601728464));
#2998 = CARTESIAN_POINT('',(4.304E+03,8.69048337871,962.22601728464));
#2999 = PCURVE('',#1115,#3000);
#3000 = DEFINITIONAL_REPRESENTATION('',(#3001),#3053);
#3001 = B_SPLINE_CURVE_WITH_KNOTS('',8,(#3002,#3003,#3004,#3005,#3006,
    #3007,#3008,#3009,#3010,#3011,#3012,#3013,#3014,#3015,#3016,#3017,
    #3018,#3019,#3020,#3021,#3022,#3023,#3024,#3025,#3026,#3027,#3028,
    #3029,#3030,#3031,#3032,#3033,#3034,#3035,#3036,#3037,#3038,#3039,
    #3040,#3041,#3042,#3043,#3044,#3045,#3046,#3047,#3048,#3049,#3050,
    #3051,#3052),.UNSPECIFIED.,.F.,.F.,(9,7,7,7,7,7,7,9),(0.,
    0.155168594518,0.286778097935,0.422903117429,0.579542012536,
    0.707278654782,0.827872571308,1.),.UNSPECIFIED.);
#3002 = CARTESIAN_POINT('',(0.,0.790199457749));
#3003 = CARTESIAN_POINT('',(0.104392088317,0.790199457749));
#3004 = CARTESIAN_POINT('',(0.20860864245,0.795462204949));
#3005 = CARTESIAN_POINT('',(0.313584998912,0.805958200459));
#3006 = CARTESIAN_POINT('',(0.420149399149,0.821416962344));
#3007 = CARTESIAN_POINT('',(0.529119100411,0.841306330767));
#3008 = CARTESIAN_POINT('',(0.641341285428,0.86468556201));
#3009 = CARTESIAN_POINT('',(0.757766949433,0.890028363421));
#3010 = CARTESIAN_POINT('',(0.983020171991,0.936387252728));
#3011 = CARTESIAN_POINT('',(1.094548716045,0.95834700735));
#3012 = CARTESIAN_POINT('',(1.211303610294,0.978734838456));
#3013 = CARTESIAN_POINT('',(1.331462114167,0.99483108028));
#3014 = CARTESIAN_POINT('',(1.453737621042,1.004140395394));
#3015 = CARTESIAN_POINT('',(1.577024598976,1.005518241557));
#3016 = CARTESIAN_POINT('',(1.700276772792,0.999349472034));
#3017 = CARTESIAN_POINT('',(1.948151269244,0.974450064425));
#3018 = CARTESIAN_POINT('',(2.068119430485,0.955752902198));
#3019 = CARTESIAN_POINT('',(2.183069487297,0.933238223377));
#3020 = CARTESIAN_POINT('',(2.293683891244,0.909169395171));
#3021 = CARTESIAN_POINT('',(2.400479930532,0.885445387242));
#3022 = CARTESIAN_POINT('',(2.50387594437,0.863491085674));
#3023 = CARTESIAN_POINT('',(2.604207343972,0.84429630255));
#3024 = CARTESIAN_POINT('',(2.814034546425,0.810224426816));
#3025 = CARTESIAN_POINT('',(2.924257983214,0.796170368724));
#3026 = CARTESIAN_POINT('',(3.033231497529,0.787338740293));
#3027 = CARTESIAN_POINT('',(3.14159265359,0.784329727976));
#3028 = CARTESIAN_POINT('',(3.249953809651,0.787338740293));
#3029 = CARTESIAN_POINT('',(3.358927323966,0.796170368724));
#3030 = CARTESIAN_POINT('',(3.469150760755,0.810224426816));
#3031 = CARTESIAN_POINT('',(3.672965918542,0.843320062881));
#3032 = CARTESIAN_POINT('',(3.766750002228,0.861105001496));
#3033 = CARTESIAN_POINT('',(3.863110852391,0.881314755805));
#3034 = CARTESIAN_POINT('',(3.962390554641,0.903170657173));
#3035 = CARTESIAN_POINT('',(4.064995855721,0.925576637938));
#3036 = CARTESIAN_POINT('',(4.17140281226,0.947070141936));
#3037 = CARTESIAN_POINT('',(4.282194996004,0.965864782501));
#3038 = CARTESIAN_POINT('',(4.507776051721,0.993525078937));
#3039 = CARTESIAN_POINT('',(4.620395547935,1.002691219701));
#3040 = CARTESIAN_POINT('',(4.734355639096,1.00595712727));
#3041 = CARTESIAN_POINT('',(4.848382694207,1.002381337831));
#3042 = CARTESIAN_POINT('',(4.961278379258,0.992215487864));
#3043 = CARTESIAN_POINT('',(5.071749396925,0.977024570701));
#3044 = CARTESIAN_POINT('',(5.178123743542,0.958944837582));
#3045 = CARTESIAN_POINT('',(5.420254652285,0.9131186925));
#3046 = CARTESIAN_POINT('',(5.555228327038,0.883391025848));
#3047 = CARTESIAN_POINT('',(5.684456497874,0.854630180897));
#3048 = CARTESIAN_POINT('',(5.809087617321,0.829650952572));
#3049 = CARTESIAN_POINT('',(5.930185613106,0.81010214953));
#3050 = CARTESIAN_POINT('',(6.048766031584,0.796835645456));
#3051 = CARTESIAN_POINT('',(6.16596458729,0.790199457749));
#3052 = CARTESIAN_POINT('',(6.28318530718,0.790199457749));
#3053 = ( GEOMETRIC_REPRESENTATION_CONTEXT(2) 
PARAMETRIC_REPRESENTATION_CONTEXT() REPRESENTATION_CONTEXT('2D SPACE',''
  ) );
#3054 = PCURVE('',#1945,#3055);
#3055 = DEFINITIONAL_REPRESENTATION('',(#3056),#3108);
#3056 = B_SPLINE_CURVE_WITH_KNOTS('',8,(#3057,#3058,#3059,#3060,#3061,
    #3062,#3063,#3064,#3065,#3066,#3067,#3068,#3069,#3070,#3071,#3072,
    #3073,#3074,#3075,#3076,#3077,#3078,#3079,#3080,#3081,#3082,#3083,
    #3084,#3085,#3086,#3087,#3088,#3089,#3090,#3091,#3092,#3093,#3094,
    #3095,#3096,#3097,#3098,#3099,#3100,#3101,#3102,#3103,#3104,#3105,
    #3106,#3107),.UNSPECIFIED.,.T.,.F.,(9,7,7,7,7,7,7,9),(0.,
    0.155168594518,0.286778097935,0.422903117429,0.579542012536,
    0.707278654782,0.827872571308,1.),.UNSPECIFIED.);
#3057 = CARTESIAN_POINT('',(2.523642569412,19.01));
#3058 = CARTESIAN_POINT('',(2.523642569412,19.270980220794));
#3059 = CARTESIAN_POINT('',(2.521537350812,19.531522704314));
#3060 = CARTESIAN_POINT('',(2.517339407405,19.789625742163));
#3061 = CARTESIAN_POINT('',(2.511008436581,20.043101352757));
#3062 = CARTESIAN_POINT('',(2.502469759264,20.289105002062));
#3063 = CARTESIAN_POINT('',(2.491626030516,20.523830103242));
#3064 = CARTESIAN_POINT('',(2.478373325143,20.742061621066));
#3065 = CARTESIAN_POINT('',(2.449281925978,21.101016140633));
#3066 = CARTESIAN_POINT('',(2.433595046248,21.255218633901));
#3067 = CARTESIAN_POINT('',(2.415816343198,21.385043722613));
#3068 = CARTESIAN_POINT('',(2.396387737384,21.480195114904));
#3069 = CARTESIAN_POINT('',(2.375902655291,21.533864237535));
#3070 = CARTESIAN_POINT('',(2.355020270392,21.542755030145));
#3071 = CARTESIAN_POINT('',(2.334421036478,21.507213173567));
#3072 = CARTESIAN_POINT('',(2.294372109852,21.353103472183));
#3073 = CARTESIAN_POINT('',(2.275722454231,21.234563191409));
#3074 = CARTESIAN_POINT('',(2.258975007394,21.084476196785));
#3075 = CARTESIAN_POINT('',(2.244210253666,20.909920021328));
#3076 = CARTESIAN_POINT('',(2.231448631279,20.716892835919));
#3077 = CARTESIAN_POINT('',(2.220669088722,20.510519404023));
#3078 = CARTESIAN_POINT('',(2.211815883182,20.295140835983));
#3079 = CARTESIAN_POINT('',(2.196753612158,19.820497513178));
#3080 = CARTESIAN_POINT('',(2.191027211216,19.555832839205));
#3081 = CARTESIAN_POINT('',(2.187602520818,19.284513660951));
#3082 = CARTESIAN_POINT('',(2.186462734202,19.01));
#3083 = CARTESIAN_POINT('',(2.187602520818,18.735486339049));
#3084 = CARTESIAN_POINT('',(2.191027211216,18.464167160795));
#3085 = CARTESIAN_POINT('',(2.196753612158,18.199502486822));
#3086 = CARTESIAN_POINT('',(2.211384313561,17.738458815652));
#3087 = CARTESIAN_POINT('',(2.219570240748,17.536507517569));
#3088 = CARTESIAN_POINT('',(2.229429655568,17.342446517956));
#3089 = CARTESIAN_POINT('',(2.241011692141,17.159599191749));
#3090 = CARTESIAN_POINT('',(2.254347337691,16.99193444525));
#3091 = CARTESIAN_POINT('',(2.26944050767,16.844176562372));
#3092 = CARTESIAN_POINT('',(2.286251823533,16.722000459551));
#3093 = CARTESIAN_POINT('',(2.32205606335,16.547729509986));
#3094 = CARTESIAN_POINT('',(2.340620460144,16.493335228795));
#3095 = CARTESIAN_POINT('',(2.359842703023,16.475261194062));
#3096 = CARTESIAN_POINT('',(2.379128763468,16.49601722759));
#3097 = CARTESIAN_POINT('',(2.397871488644,16.554694108915));
#3098 = CARTESIAN_POINT('',(2.415496139996,16.647064142168));
#3099 = CARTESIAN_POINT('',(2.431524555208,16.765555814661));
#3100 = CARTESIAN_POINT('',(2.465734225581,17.089906386654));
#3101 = CARTESIAN_POINT('',(2.482768235964,17.319614621001));
#3102 = CARTESIAN_POINT('',(2.496701917792,17.575742606321));
#3103 = CARTESIAN_POINT('',(2.507629491931,17.849301304263));
#3104 = CARTESIAN_POINT('',(2.515681139442,18.133632110114));
#3105 = CARTESIAN_POINT('',(2.520988165517,18.423952798239));
#3106 = CARTESIAN_POINT('',(2.523642569412,18.716948200276));
#3107 = CARTESIAN_POINT('',(2.523642569412,19.01));
#3108 = ( GEOMETRIC_REPRESENTATION_CONTEXT(2) 
PARAMETRIC_REPRESENTATION_CONTEXT() REPRESENTATION_CONTEXT('2D SPACE',''
  ) );
#3109 = ORIENTED_EDGE('',*,*,#2922,.T.);
#3110 = ADVANCED_FACE('',(#3111),#1289,.F.);
#3111 = FACE_BOUND('',#3112,.F.);
#3112 = EDGE_LOOP('',(#3113,#3114,#3137,#3302));
#3113 = ORIENTED_EDGE('',*,*,#1177,.F.);
#3114 = ORIENTED_EDGE('',*,*,#3115,.F.);
#3115 = EDGE_CURVE('',#3116,#1178,#3118,.T.);
#3116 = VERTEX_POINT('',#3117);
#3117 = CARTESIAN_POINT('',(4.304E+03,-8.69048337871,962.22601728464));
#3118 = SEAM_CURVE('',#3119,(#3123,#3130),.PCURVE_S1.);
#3119 = LINE('',#3120,#3121);
#3120 = CARTESIAN_POINT('',(4.304E+03,-8.131727983645,961.66726188957));
#3121 = VECTOR('',#3122,1.);
#3122 = DIRECTION('',(0.,-0.707106781187,0.707106781187));
#3123 = PCURVE('',#1289,#3124);
#3124 = DEFINITIONAL_REPRESENTATION('',(#3125),#3129);
#3125 = LINE('',#3126,#3127);
#3126 = CARTESIAN_POINT('',(6.28318530718,-0.));
#3127 = VECTOR('',#3128,1.);
#3128 = DIRECTION('',(0.,1.));
#3129 = ( GEOMETRIC_REPRESENTATION_CONTEXT(2) 
PARAMETRIC_REPRESENTATION_CONTEXT() REPRESENTATION_CONTEXT('2D SPACE',''
  ) );
#3130 = PCURVE('',#1289,#3131);
#3131 = DEFINITIONAL_REPRESENTATION('',(#3132),#3136);
#3132 = LINE('',#3133,#3134);
#3133 = CARTESIAN_POINT('',(0.,-0.));
#3134 = VECTOR('',#3135,1.);
#3135 = DIRECTION('',(0.,1.));
#3136 = ( GEOMETRIC_REPRESENTATION_CONTEXT(2) 
PARAMETRIC_REPRESENTATION_CONTEXT() REPRESENTATION_CONTEXT('2D SPACE',''
  ) );
#3137 = ORIENTED_EDGE('',*,*,#3138,.T.);
#3138 = EDGE_CURVE('',#3116,#3116,#3139,.T.);
#3139 = SURFACE_CURVE('',#3140,(#3192,#3247),.PCURVE_S1.);
#3140 = B_SPLINE_CURVE_WITH_KNOTS('',8,(#3141,#3142,#3143,#3144,#3145,
    #3146,#3147,#3148,#3149,#3150,#3151,#3152,#3153,#3154,#3155,#3156,
    #3157,#3158,#3159,#3160,#3161,#3162,#3163,#3164,#3165,#3166,#3167,
    #3168,#3169,#3170,#3171,#3172,#3173,#3174,#3175,#3176,#3177,#3178,
    #3179,#3180,#3181,#3182,#3183,#3184,#3185,#3186,#3187,#3188,#3189,
    #3190,#3191),.UNSPECIFIED.,.T.,.F.,(9,7,7,7,7,7,7,9),(0.,
    0.155168598182,0.286778101031,0.422903119936,0.579542014361,
    0.707278656052,0.827872572054,1.),.UNSPECIFIED.);
#3141 = CARTESIAN_POINT('',(4.304E+03,-8.69048337871,962.22601728464));
#3142 = CARTESIAN_POINT('',(4.303739019772E+03,-8.69048337871,
    962.22601728464));
#3143 = CARTESIAN_POINT('',(4.303478477317E+03,-8.716221637198,
    962.20772167376));
#3144 = CARTESIAN_POINT('',(4.303220374236E+03,-8.767546428313,
    962.17124046455));
#3145 = CARTESIAN_POINT('',(4.302966898646E+03,-8.844732469659,
    962.11591641137));
#3146 = CARTESIAN_POINT('',(4.30272089502E+03,-8.948269828426,
    962.04050686605));
#3147 = CARTESIAN_POINT('',(4.302486169879E+03,-9.0786414294,
    961.94319849519));
#3148 = CARTESIAN_POINT('',(4.302267938384E+03,-9.236013062598,
    961.82166699208));
#3149 = CARTESIAN_POINT('',(4.301908983859E+03,-9.575608429763,
    961.5476329959));
#3150 = CARTESIAN_POINT('',(4.301754781366E+03,-9.7568088105,
    961.39748839797));
#3151 = CARTESIAN_POINT('',(4.301624956277E+03,-9.95929069081,
    961.22383926492));
#3152 = CARTESIAN_POINT('',(4.301529804885E+03,-10.17652887374,
    961.02936460547));
#3153 = CARTESIAN_POINT('',(4.301476135762E+03,-10.40043227208,
    960.81862656683));
#3154 = CARTESIAN_POINT('',(4.30146724497E+03,-10.62300458858,
    960.59800281906));
#3155 = CARTESIAN_POINT('',(4.301502786826E+03,-10.83713754291,
    960.37514590721));
#3156 = CARTESIAN_POINT('',(4.301656896528E+03,-11.24394897934,
    959.93312139084));
#3157 = CARTESIAN_POINT('',(4.301775436809E+03,-11.42815942029,
    959.72246916949));
#3158 = CARTESIAN_POINT('',(4.301925523803E+03,-11.58922759854,
    959.5295604271));
#3159 = CARTESIAN_POINT('',(4.302100079979E+03,-11.72792933329,
    959.35682022907));
#3160 = CARTESIAN_POINT('',(4.302293107164E+03,-11.84548759892,
    959.20571114968));
#3161 = CARTESIAN_POINT('',(4.302499480596E+03,-11.94324757802,
    959.07690309954));
#3162 = CARTESIAN_POINT('',(4.302714859164E+03,-12.02259285872,
    958.97041229622));
#3163 = CARTESIAN_POINT('',(4.303189502487E+03,-12.15643284112,
    958.78838740507));
#3164 = CARTESIAN_POINT('',(4.303454167161E+03,-12.20641941572,
    958.71852539091));
#3165 = CARTESIAN_POINT('',(4.303725486339E+03,-12.23595795782,
    958.6764970401));
#3166 = CARTESIAN_POINT('',(4.304E+03,-12.24572974113,958.66246987076));
#3167 = CARTESIAN_POINT('',(4.304274513661E+03,-12.23595795782,
    958.6764970401));
#3168 = CARTESIAN_POINT('',(4.304545832839E+03,-12.20641941572,
    958.71852539091));
#3169 = CARTESIAN_POINT('',(4.304810497513E+03,-12.15643284112,
    958.78838740507));
#3170 = CARTESIAN_POINT('',(4.305271541184E+03,-12.02642769016,
    958.9651968534));
#3171 = CARTESIAN_POINT('',(4.305473492482E+03,-11.95309276801,
    959.06368347695));
#3172 = CARTESIAN_POINT('',(4.305667553482E+03,-11.86378272817,
    959.18157442542));
#3173 = CARTESIAN_POINT('',(4.305850400808E+03,-11.75735176162,
    959.31891430411));
#3174 = CARTESIAN_POINT('',(4.306018065555E+03,-11.63260666212,
    959.47534624548));
#3175 = CARTESIAN_POINT('',(4.306165823438E+03,-11.48839025522,
    959.64995905724));
#3176 = CARTESIAN_POINT('',(4.30628799954E+03,-11.32381744428,
    959.84111150377));
#3177 = CARTESIAN_POINT('',(4.30646227049E+03,-10.96411891672,
    960.23992759769));
#3178 = CARTESIAN_POINT('',(4.306516664771E+03,-10.77376768401,
    960.44324171098));
#3179 = CARTESIAN_POINT('',(4.306534738806E+03,-10.57212816215,
    960.64949992362));
#3180 = CARTESIAN_POINT('',(4.306513982772E+03,-10.36493963524,
    960.85163152061));
#3181 = CARTESIAN_POINT('',(4.306455305891E+03,-10.15898893015,
    961.0432055428));
#3182 = CARTESIAN_POINT('',(4.306362935858E+03,-9.961568785731,
    961.21914248614));
#3183 = CARTESIAN_POINT('',(4.306244444185E+03,-9.779241647557,
    961.37590102054));
#3184 = CARTESIAN_POINT('',(4.305920093613E+03,-9.385439127485,
    961.70489558472));
#3185 = CARTESIAN_POINT('',(4.305690385379E+03,-9.184905436267,
    961.86338800658));
#3186 = CARTESIAN_POINT('',(4.305434257394E+03,-9.018142511731,
    961.98947695412));
#3187 = CARTESIAN_POINT('',(4.305160698696E+03,-8.885918801269,
    962.08637470111));
#3188 = CARTESIAN_POINT('',(4.30487636789E+03,-8.787819140252,
    962.15682817974));
#3189 = CARTESIAN_POINT('',(4.304586047202E+03,-8.722936333643,
    962.20294931636));
#3190 = CARTESIAN_POINT('',(4.3042930518E+03,-8.69048337871,
    962.22601728464));
#3191 = CARTESIAN_POINT('',(4.304E+03,-8.69048337871,962.22601728464));
#3192 = PCURVE('',#1289,#3193);
#3193 = DEFINITIONAL_REPRESENTATION('',(#3194),#3246);
#3194 = B_SPLINE_CURVE_WITH_KNOTS('',8,(#3195,#3196,#3197,#3198,#3199,
    #3200,#3201,#3202,#3203,#3204,#3205,#3206,#3207,#3208,#3209,#3210,
    #3211,#3212,#3213,#3214,#3215,#3216,#3217,#3218,#3219,#3220,#3221,
    #3222,#3223,#3224,#3225,#3226,#3227,#3228,#3229,#3230,#3231,#3232,
    #3233,#3234,#3235,#3236,#3237,#3238,#3239,#3240,#3241,#3242,#3243,
    #3244,#3245),.UNSPECIFIED.,.F.,.F.,(9,7,7,7,7,7,7,9),(0.,
    0.155168598182,0.286778101031,0.422903119936,0.579542014361,
    0.707278656052,0.827872572054,1.),.UNSPECIFIED.);
#3195 = CARTESIAN_POINT('',(0.,0.790199457749));
#3196 = CARTESIAN_POINT('',(0.104392091204,0.790199457749));
#3197 = CARTESIAN_POINT('',(0.208608633293,0.795462204345));
#3198 = CARTESIAN_POINT('',(0.313585009365,0.805958201769));
#3199 = CARTESIAN_POINT('',(0.420149398773,0.821416961848));
#3200 = CARTESIAN_POINT('',(0.52911908997,0.84130632948));
#3201 = CARTESIAN_POINT('',(0.641341295405,0.8646855637));
#3202 = CARTESIAN_POINT('',(0.757766946028,0.89002836272));
#3203 = CARTESIAN_POINT('',(0.983020171991,0.936387252728));
#3204 = CARTESIAN_POINT('',(1.094548716044,0.95834700735));
#3205 = CARTESIAN_POINT('',(1.211303610294,0.978734838457));
#3206 = CARTESIAN_POINT('',(1.331462114167,0.99483108028));
#3207 = CARTESIAN_POINT('',(1.453737621042,1.004140395394));
#3208 = CARTESIAN_POINT('',(1.577024598976,1.005518241557));
#3209 = CARTESIAN_POINT('',(1.700276772792,0.999349472034));
#3210 = CARTESIAN_POINT('',(1.948151269244,0.974450064425));
#3211 = CARTESIAN_POINT('',(2.068119430485,0.955752902198));
#3212 = CARTESIAN_POINT('',(2.183069487297,0.933238223377));
#3213 = CARTESIAN_POINT('',(2.293683891244,0.909169395171));
#3214 = CARTESIAN_POINT('',(2.400479930532,0.885445387242));
#3215 = CARTESIAN_POINT('',(2.50387594437,0.863491085674));
#3216 = CARTESIAN_POINT('',(2.604207343972,0.84429630255));
#3217 = CARTESIAN_POINT('',(2.814034546421,0.810224426816));
#3218 = CARTESIAN_POINT('',(2.92425798321,0.796170368725));
#3219 = CARTESIAN_POINT('',(3.033231497527,0.787338740293));
#3220 = CARTESIAN_POINT('',(3.141592653591,0.784329727976));
#3221 = CARTESIAN_POINT('',(3.249953809654,0.787338740294));
#3222 = CARTESIAN_POINT('',(3.358927323969,0.796170368725));
#3223 = CARTESIAN_POINT('',(3.469150760757,0.810224426816));
#3224 = CARTESIAN_POINT('',(3.672965918542,0.843320062881));
#3225 = CARTESIAN_POINT('',(3.766750002228,0.861105001496));
#3226 = CARTESIAN_POINT('',(3.863110852391,0.881314755805));
#3227 = CARTESIAN_POINT('',(3.962390554641,0.903170657173));
#3228 = CARTESIAN_POINT('',(4.064995855721,0.925576637938));
#3229 = CARTESIAN_POINT('',(4.171402812259,0.947070141936));
#3230 = CARTESIAN_POINT('',(4.282194996004,0.965864782501));
#3231 = CARTESIAN_POINT('',(4.507776051721,0.993525078937));
#3232 = CARTESIAN_POINT('',(4.620395547937,1.002691219702));
#3233 = CARTESIAN_POINT('',(4.734355639093,1.00595712727));
#3234 = CARTESIAN_POINT('',(4.84838269421,1.002381337831));
#3235 = CARTESIAN_POINT('',(4.961278379255,0.992215487865));
#3236 = CARTESIAN_POINT('',(5.071749396927,0.977024570701));
#3237 = CARTESIAN_POINT('',(5.178123743542,0.958944837583));
#3238 = CARTESIAN_POINT('',(5.420254652286,0.9131186925));
#3239 = CARTESIAN_POINT('',(5.555228327039,0.883391025847));
#3240 = CARTESIAN_POINT('',(5.684456497876,0.854630180897));
#3241 = CARTESIAN_POINT('',(5.80908761732,0.829650952572));
#3242 = CARTESIAN_POINT('',(5.930185613106,0.810102149531));
#3243 = CARTESIAN_POINT('',(6.048766031583,0.796835645456));
#3244 = CARTESIAN_POINT('',(6.165964587289,0.790199457749));
#3245 = CARTESIAN_POINT('',(6.28318530718,0.790199457749));
#3246 = ( GEOMETRIC_REPRESENTATION_CONTEXT(2) 
PARAMETRIC_REPRESENTATION_CONTEXT() REPRESENTATION_CONTEXT('2D SPACE',''
  ) );
#3247 = PCURVE('',#1945,#3248);
#3248 = DEFINITIONAL_REPRESENTATION('',(#3249),#3301);
#3249 = B_SPLINE_CURVE_WITH_KNOTS('',8,(#3250,#3251,#3252,#3253,#3254,
    #3255,#3256,#3257,#3258,#3259,#3260,#3261,#3262,#3263,#3264,#3265,
    #3266,#3267,#3268,#3269,#3270,#3271,#3272,#3273,#3274,#3275,#3276,
    #3277,#3278,#3279,#3280,#3281,#3282,#3283,#3284,#3285,#3286,#3287,
    #3288,#3289,#3290,#3291,#3292,#3293,#3294,#3295,#3296,#3297,#3298,
    #3299,#3300),.UNSPECIFIED.,.T.,.F.,(9,7,7,7,7,7,7,9),(0.,
    0.155168598182,0.286778101031,0.422903119936,0.579542014361,
    0.707278656052,0.827872572054,1.),.UNSPECIFIED.);
#3250 = CARTESIAN_POINT('',(3.759542737768,19.01));
#3251 = CARTESIAN_POINT('',(3.759542737768,18.74901977199));
#3252 = CARTESIAN_POINT('',(3.761647956029,18.488477316581));
#3253 = CARTESIAN_POINT('',(3.765845900524,18.230374236308));
#3254 = CARTESIAN_POINT('',(3.772176870291,17.976898646042));
#3255 = CARTESIAN_POINT('',(3.780715547183,17.730895019551));
#3256 = CARTESIAN_POINT('',(3.791559277677,17.496169878522));
#3257 = CARTESIAN_POINT('',(3.804811981597,17.27793838436));
#3258 = CARTESIAN_POINT('',(3.833903381201,16.918983859367));
#3259 = CARTESIAN_POINT('',(3.849590260932,16.764781366101));
#3260 = CARTESIAN_POINT('',(3.867368963981,16.634956277386));
#3261 = CARTESIAN_POINT('',(3.886797569796,16.539804885098));
#3262 = CARTESIAN_POINT('',(3.907282651889,16.486135762465));
#3263 = CARTESIAN_POINT('',(3.928165036788,16.477244969856));
#3264 = CARTESIAN_POINT('',(3.948764270701,16.512786826434));
#3265 = CARTESIAN_POINT('',(3.988813197328,16.666896527818));
#3266 = CARTESIAN_POINT('',(4.007462852949,16.785436808591));
#3267 = CARTESIAN_POINT('',(4.024210299786,16.935523803215));
#3268 = CARTESIAN_POINT('',(4.038975053514,17.110079978673));
#3269 = CARTESIAN_POINT('',(4.0517366759,17.303107164081));
#3270 = CARTESIAN_POINT('',(4.062516218457,17.509480595978));
#3271 = CARTESIAN_POINT('',(4.071369423998,17.724859164017));
#3272 = CARTESIAN_POINT('',(4.086431695021,18.199502486813));
#3273 = CARTESIAN_POINT('',(4.092158095964,18.464167160786));
#3274 = CARTESIAN_POINT('',(4.095582786362,18.735486339044));
#3275 = CARTESIAN_POINT('',(4.096722572978,19.010000000003));
#3276 = CARTESIAN_POINT('',(4.095582786362,19.284513660958));
#3277 = CARTESIAN_POINT('',(4.092158095964,19.555832839212));
#3278 = CARTESIAN_POINT('',(4.086431695022,19.820497513182));
#3279 = CARTESIAN_POINT('',(4.071800993619,20.281541184348));
#3280 = CARTESIAN_POINT('',(4.063615066431,20.483492482432));
#3281 = CARTESIAN_POINT('',(4.053755651611,20.677553482044));
#3282 = CARTESIAN_POINT('',(4.042173615038,20.860400808251));
#3283 = CARTESIAN_POINT('',(4.028837969489,21.028065554751));
#3284 = CARTESIAN_POINT('',(4.01374479951,21.175823437628));
#3285 = CARTESIAN_POINT('',(3.996933483647,21.29799954045));
#3286 = CARTESIAN_POINT('',(3.96112924383,21.472270490014));
#3287 = CARTESIAN_POINT('',(3.942564847035,21.526664771206));
#3288 = CARTESIAN_POINT('',(3.923342604157,21.544738805939));
#3289 = CARTESIAN_POINT('',(3.904056543711,21.523982772409));
#3290 = CARTESIAN_POINT('',(3.885313818536,21.465305891087));
#3291 = CARTESIAN_POINT('',(3.867689167184,21.372935857831));
#3292 = CARTESIAN_POINT('',(3.851660751972,21.25444418534));
#3293 = CARTESIAN_POINT('',(3.817451081599,20.930093613345));
#3294 = CARTESIAN_POINT('',(3.800417071215,20.700385378998));
#3295 = CARTESIAN_POINT('',(3.786483389388,20.444257393675));
#3296 = CARTESIAN_POINT('',(3.775555815248,20.17069869574));
#3297 = CARTESIAN_POINT('',(3.767504167738,19.886367889885));
#3298 = CARTESIAN_POINT('',(3.762197141662,19.596047201765));
#3299 = CARTESIAN_POINT('',(3.759542737768,19.303051799726));
#3300 = CARTESIAN_POINT('',(3.759542737768,19.01));
#3301 = ( GEOMETRIC_REPRESENTATION_CONTEXT(2) 
PARAMETRIC_REPRESENTATION_CONTEXT() REPRESENTATION_CONTEXT('2D SPACE',''
  ) );
#3302 = ORIENTED_EDGE('',*,*,#3115,.T.);
#3303 = ADVANCED_FACE('',(#3304),#1585,.F.);
#3304 = FACE_BOUND('',#3305,.F.);
#3305 = EDGE_LOOP('',(#3306,#3307,#3330,#3357));
#3306 = ORIENTED_EDGE('',*,*,#1351,.F.);
#3307 = ORIENTED_EDGE('',*,*,#3308,.F.);
#3308 = EDGE_CURVE('',#3309,#1352,#3311,.T.);
#3309 = VERTEX_POINT('',#3310);
#3310 = CARTESIAN_POINT('',(4.31425E+03,-16.8,950.));
#3311 = SEAM_CURVE('',#3312,(#3316,#3323),.PCURVE_S1.);
#3312 = LINE('',#3313,#3314);
#3313 = CARTESIAN_POINT('',(4.31425E+03,-16.8,950.));
#3314 = VECTOR('',#3315,1.);
#3315 = DIRECTION('',(0.,-1.,2.22044604925E-16));
#3316 = PCURVE('',#1585,#3317);
#3317 = DEFINITIONAL_REPRESENTATION('',(#3318),#3322);
#3318 = LINE('',#3319,#3320);
#3319 = CARTESIAN_POINT('',(6.28318530718,-0.));
#3320 = VECTOR('',#3321,1.);
#3321 = DIRECTION('',(0.,1.));
#3322 = ( GEOMETRIC_REPRESENTATION_CONTEXT(2) 
PARAMETRIC_REPRESENTATION_CONTEXT() REPRESENTATION_CONTEXT('2D SPACE',''
  ) );
#3323 = PCURVE('',#1585,#3324);
#3324 = DEFINITIONAL_REPRESENTATION('',(#3325),#3329);
#3325 = LINE('',#3326,#3327);
#3326 = CARTESIAN_POINT('',(0.,-0.));
#3327 = VECTOR('',#3328,1.);
#3328 = DIRECTION('',(0.,1.));
#3329 = ( GEOMETRIC_REPRESENTATION_CONTEXT(2) 
PARAMETRIC_REPRESENTATION_CONTEXT() REPRESENTATION_CONTEXT('2D SPACE',''
  ) );
#3330 = ORIENTED_EDGE('',*,*,#3331,.T.);
#3331 = EDGE_CURVE('',#3309,#3309,#3332,.T.);
#3332 = SURFACE_CURVE('',#3333,(#3338,#3345),.PCURVE_S1.);
#3333 = CIRCLE('',#3334,10.25);
#3334 = AXIS2_PLACEMENT_3D('',#3335,#3336,#3337);
#3335 = CARTESIAN_POINT('',(4.304E+03,-16.8,950.));
#3336 = DIRECTION('',(0.,-1.,2.22044604925E-16));
#3337 = DIRECTION('',(1.,0.,0.));
#3338 = PCURVE('',#1585,#3339);
#3339 = DEFINITIONAL_REPRESENTATION('',(#3340),#3344);
#3340 = LINE('',#3341,#3342);
#3341 = CARTESIAN_POINT('',(0.,0.));
#3342 = VECTOR('',#3343,1.);
#3343 = DIRECTION('',(1.,0.));
#3344 = ( GEOMETRIC_REPRESENTATION_CONTEXT(2) 
PARAMETRIC_REPRESENTATION_CONTEXT() REPRESENTATION_CONTEXT('2D SPACE',''
  ) );
#3345 = PCURVE('',#3346,#3351);
#3346 = PLANE('',#3347);
#3347 = AXIS2_PLACEMENT_3D('',#3348,#3349,#3350);
#3348 = CARTESIAN_POINT('',(4.304E+03,-16.8,950.));
#3349 = DIRECTION('',(0.,-1.,2.22044604925E-16));
#3350 = DIRECTION('',(1.,0.,0.));
#3351 = DEFINITIONAL_REPRESENTATION('',(#3352),#3356);
#3352 = CIRCLE('',#3353,10.25);
#3353 = AXIS2_PLACEMENT_2D('',#3354,#3355);
#3354 = CARTESIAN_POINT('',(0.,0.));
#3355 = DIRECTION('',(1.,0.));
#3356 = ( GEOMETRIC_REPRESENTATION_CONTEXT(2) 
PARAMETRIC_REPRESENTATION_CONTEXT() REPRESENTATION_CONTEXT('2D SPACE',''
  ) );
#3357 = ORIENTED_EDGE('',*,*,#3308,.T.);
#3358 = ADVANCED_FACE('',(#3359),#1820,.F.);
#3359 = FACE_BOUND('',#3360,.F.);
#3360 = EDGE_LOOP('',(#3361,#3362,#3385,#3550));
#3361 = ORIENTED_EDGE('',*,*,#1708,.F.);
#3362 = ORIENTED_EDGE('',*,*,#3363,.F.);
#3363 = EDGE_CURVE('',#3364,#1709,#3366,.T.);
#3364 = VERTEX_POINT('',#3365);
#3365 = CARTESIAN_POINT('',(4.304E+03,-8.69048337871,937.77398271535));
#3366 = SEAM_CURVE('',#3367,(#3371,#3378),.PCURVE_S1.);
#3367 = LINE('',#3368,#3369);
#3368 = CARTESIAN_POINT('',(4.304E+03,-8.131727983645,938.33273811042));
#3369 = VECTOR('',#3370,1.);
#3370 = DIRECTION('',(-2.465190328816E-32,-0.707106781187,
    -0.707106781187));
#3371 = PCURVE('',#1820,#3372);
#3372 = DEFINITIONAL_REPRESENTATION('',(#3373),#3377);
#3373 = LINE('',#3374,#3375);
#3374 = CARTESIAN_POINT('',(6.28318530718,-0.));
#3375 = VECTOR('',#3376,1.);
#3376 = DIRECTION('',(0.,1.));
#3377 = ( GEOMETRIC_REPRESENTATION_CONTEXT(2) 
PARAMETRIC_REPRESENTATION_CONTEXT() REPRESENTATION_CONTEXT('2D SPACE',''
  ) );
#3378 = PCURVE('',#1820,#3379);
#3379 = DEFINITIONAL_REPRESENTATION('',(#3380),#3384);
#3380 = LINE('',#3381,#3382);
#3381 = CARTESIAN_POINT('',(0.,-0.));
#3382 = VECTOR('',#3383,1.);
#3383 = DIRECTION('',(0.,1.));
#3384 = ( GEOMETRIC_REPRESENTATION_CONTEXT(2) 
PARAMETRIC_REPRESENTATION_CONTEXT() REPRESENTATION_CONTEXT('2D SPACE',''
  ) );
#3385 = ORIENTED_EDGE('',*,*,#3386,.T.);
#3386 = EDGE_CURVE('',#3364,#3364,#3387,.T.);
#3387 = SURFACE_CURVE('',#3388,(#3440,#3495),.PCURVE_S1.);
#3388 = B_SPLINE_CURVE_WITH_KNOTS('',8,(#3389,#3390,#3391,#3392,#3393,
    #3394,#3395,#3396,#3397,#3398,#3399,#3400,#3401,#3402,#3403,#3404,
    #3405,#3406,#3407,#3408,#3409,#3410,#3411,#3412,#3413,#3414,#3415,
    #3416,#3417,#3418,#3419,#3420,#3421,#3422,#3423,#3424,#3425,#3426,
    #3427,#3428,#3429,#3430,#3431,#3432,#3433,#3434,#3435,#3436,#3437,
    #3438,#3439),.UNSPECIFIED.,.T.,.F.,(9,7,7,7,7,7,7,9),(0.,
    0.155168598449,0.286778101524,0.422903120664,0.579542015371,
    0.707278657285,0.827872571475,1.),.UNSPECIFIED.);
#3389 = CARTESIAN_POINT('',(4.304E+03,-8.69048337871,937.77398271535));
#3390 = CARTESIAN_POINT('',(4.304260980228E+03,-8.69048337871,
    937.77398271535));
#3391 = CARTESIAN_POINT('',(4.304521522683E+03,-8.716221637198,
    937.79227832623));
#3392 = CARTESIAN_POINT('',(4.304779625764E+03,-8.767546428313,
    937.82875953544));
#3393 = CARTESIAN_POINT('',(4.305033101354E+03,-8.844732469659,
    937.88408358862));
#3394 = CARTESIAN_POINT('',(4.30527910498E+03,-8.948269828427,
    937.95949313394));
#3395 = CARTESIAN_POINT('',(4.305513830121E+03,-9.078641429399,
    938.0568015048));
#3396 = CARTESIAN_POINT('',(4.305732061616E+03,-9.236013062598,
    938.17833300791));
#3397 = CARTESIAN_POINT('',(4.306091016141E+03,-9.575608429763,
    938.45236700409));
#3398 = CARTESIAN_POINT('',(4.306245218634E+03,-9.7568088105,
    938.60251160202));
#3399 = CARTESIAN_POINT('',(4.306375043723E+03,-9.959290690809,
    938.77616073507));
#3400 = CARTESIAN_POINT('',(4.306470195115E+03,-10.17652887374,
    938.97063539452));
#3401 = CARTESIAN_POINT('',(4.306523864238E+03,-10.40043227208,
    939.18137343316));
#3402 = CARTESIAN_POINT('',(4.30653275503E+03,-10.62300458858,
    939.40199718093));
#3403 = CARTESIAN_POINT('',(4.306497213174E+03,-10.83713754291,
    939.62485409278));
#3404 = CARTESIAN_POINT('',(4.306343103472E+03,-11.24394897934,
    940.06687860915));
#3405 = CARTESIAN_POINT('',(4.306224563191E+03,-11.42815942029,
    940.2775308305));
#3406 = CARTESIAN_POINT('',(4.306074476197E+03,-11.58922759854,
    940.47043957289));
#3407 = CARTESIAN_POINT('',(4.305899920021E+03,-11.72792933329,
    940.64317977092));
#3408 = CARTESIAN_POINT('',(4.305706892836E+03,-11.84548759892,
    940.79428885032));
#3409 = CARTESIAN_POINT('',(4.305500519404E+03,-11.94324757802,
    940.92309690045));
#3410 = CARTESIAN_POINT('',(4.305285140836E+03,-12.02259285872,
    941.02958770377));
#3411 = CARTESIAN_POINT('',(4.304810497513E+03,-12.15643284112,
    941.21161259493));
#3412 = CARTESIAN_POINT('',(4.304545832839E+03,-12.20641941572,
    941.28147460909));
#3413 = CARTESIAN_POINT('',(4.304274513661E+03,-12.23595795782,
    941.32350295989));
#3414 = CARTESIAN_POINT('',(4.304E+03,-12.24572974113,941.33753012923));
#3415 = CARTESIAN_POINT('',(4.303725486339E+03,-12.23595795782,
    941.32350295989));
#3416 = CARTESIAN_POINT('',(4.303454167161E+03,-12.20641941572,
    941.28147460909));
#3417 = CARTESIAN_POINT('',(4.303189502487E+03,-12.15643284112,
    941.21161259493));
#3418 = CARTESIAN_POINT('',(4.302728458816E+03,-12.02642769016,
    941.03480314659));
#3419 = CARTESIAN_POINT('',(4.302526507518E+03,-11.95309276801,
    940.93631652305));
#3420 = CARTESIAN_POINT('',(4.302332446518E+03,-11.86378272817,
    940.81842557457));
#3421 = CARTESIAN_POINT('',(4.302149599192E+03,-11.75735176162,
    940.68108569588));
#3422 = CARTESIAN_POINT('',(4.301981934445E+03,-11.63260666212,
    940.52465375451));
#3423 = CARTESIAN_POINT('',(4.301834176562E+03,-11.48839025522,
    940.35004094275));
#3424 = CARTESIAN_POINT('',(4.30171200046E+03,-11.32381744428,
    940.15888849622));
#3425 = CARTESIAN_POINT('',(4.301537729511E+03,-10.96411891965,
    939.76007240555));
#3426 = CARTESIAN_POINT('',(4.301483335223E+03,-10.77376767508,
    939.55675827891));
#3427 = CARTESIAN_POINT('',(4.301465261205E+03,-10.572128172,
    939.35050008856));
#3428 = CARTESIAN_POINT('',(4.301486017212E+03,-10.36493963504,
    939.14836847602));
#3429 = CARTESIAN_POINT('',(4.301544694123E+03,-10.15898892052,
    938.95679445052));
#3430 = CARTESIAN_POINT('',(4.301637064134E+03,-9.961568794664,
    938.78085752106));
#3431 = CARTESIAN_POINT('',(4.301755555817E+03,-9.779241644574,
    938.62409897696));
#3432 = CARTESIAN_POINT('',(4.302079906387E+03,-9.385439127484,
    938.29510441527));
#3433 = CARTESIAN_POINT('',(4.302309614621E+03,-9.184905436264,
    938.1366119934));
#3434 = CARTESIAN_POINT('',(4.302565742606E+03,-9.018142511734,
    938.01052304587));
#3435 = CARTESIAN_POINT('',(4.302839301304E+03,-8.885918801266,
    937.91362529887));
#3436 = CARTESIAN_POINT('',(4.30312363211E+03,-8.787819140254,
    937.84317182025));
#3437 = CARTESIAN_POINT('',(4.303413952798E+03,-8.722936333642,
    937.79705068363));
#3438 = CARTESIAN_POINT('',(4.3037069482E+03,-8.69048337871,
    937.77398271535));
#3439 = CARTESIAN_POINT('',(4.304E+03,-8.69048337871,937.77398271535));
#3440 = PCURVE('',#1820,#3441);
#3441 = DEFINITIONAL_REPRESENTATION('',(#3442),#3494);
#3442 = B_SPLINE_CURVE_WITH_KNOTS('',8,(#3443,#3444,#3445,#3446,#3447,
    #3448,#3449,#3450,#3451,#3452,#3453,#3454,#3455,#3456,#3457,#3458,
    #3459,#3460,#3461,#3462,#3463,#3464,#3465,#3466,#3467,#3468,#3469,
    #3470,#3471,#3472,#3473,#3474,#3475,#3476,#3477,#3478,#3479,#3480,
    #3481,#3482,#3483,#3484,#3485,#3486,#3487,#3488,#3489,#3490,#3491,
    #3492,#3493),.UNSPECIFIED.,.F.,.F.,(9,7,7,7,7,7,7,9),(0.,
    0.155168598449,0.286778101524,0.422903120664,0.579542015371,
    0.707278657285,0.827872571475,1.),.UNSPECIFIED.);
#3443 = CARTESIAN_POINT('',(0.,0.790199457749));
#3444 = CARTESIAN_POINT('',(0.104392091204,0.790199457749));
#3445 = CARTESIAN_POINT('',(0.208608633293,0.795462204345));
#3446 = CARTESIAN_POINT('',(0.313585009365,0.805958201769));
#3447 = CARTESIAN_POINT('',(0.420149398773,0.821416961848));
#3448 = CARTESIAN_POINT('',(0.529119089971,0.84130632948));
#3449 = CARTESIAN_POINT('',(0.641341295404,0.8646855637));
#3450 = CARTESIAN_POINT('',(0.757766946028,0.89002836272));
#3451 = CARTESIAN_POINT('',(0.983020171991,0.936387252728));
#3452 = CARTESIAN_POINT('',(1.094548716045,0.95834700735));
#3453 = CARTESIAN_POINT('',(1.211303610294,0.978734838457));
#3454 = CARTESIAN_POINT('',(1.331462114166,0.99483108028));
#3455 = CARTESIAN_POINT('',(1.453737621042,1.004140395394));
#3456 = CARTESIAN_POINT('',(1.577024598976,1.005518241557));
#3457 = CARTESIAN_POINT('',(1.700276772792,0.999349472034));
#3458 = CARTESIAN_POINT('',(1.948151269244,0.974450064425));
#3459 = CARTESIAN_POINT('',(2.068119430485,0.955752902198));
#3460 = CARTESIAN_POINT('',(2.183069487297,0.933238223377));
#3461 = CARTESIAN_POINT('',(2.293683891244,0.909169395171));
#3462 = CARTESIAN_POINT('',(2.400479930532,0.885445387242));
#3463 = CARTESIAN_POINT('',(2.50387594437,0.863491085674));
#3464 = CARTESIAN_POINT('',(2.604207343972,0.84429630255));
#3465 = CARTESIAN_POINT('',(2.814034546429,0.810224426815));
#3466 = CARTESIAN_POINT('',(2.924257983219,0.796170368724));
#3467 = CARTESIAN_POINT('',(3.033231497532,0.787338740293));
#3468 = CARTESIAN_POINT('',(3.14159265359,0.784329727977));
#3469 = CARTESIAN_POINT('',(3.249953809648,0.787338740294));
#3470 = CARTESIAN_POINT('',(3.35892732396,0.796170368724));
#3471 = CARTESIAN_POINT('',(3.469150760751,0.810224426815));
#3472 = CARTESIAN_POINT('',(3.672965918542,0.843320062881));
#3473 = CARTESIAN_POINT('',(3.766750002228,0.861105001496));
#3474 = CARTESIAN_POINT('',(3.863110852391,0.881314755805));
#3475 = CARTESIAN_POINT('',(3.962390554641,0.903170657173));
#3476 = CARTESIAN_POINT('',(4.064995855721,0.925576637938));
#3477 = CARTESIAN_POINT('',(4.171402812259,0.947070141936));
#3478 = CARTESIAN_POINT('',(4.282194996004,0.965864782501));
#3479 = CARTESIAN_POINT('',(4.507776049884,0.993525078711));
#3480 = CARTESIAN_POINT('',(4.620395553458,1.002691220529));
#3481 = CARTESIAN_POINT('',(4.734355632999,1.005957125618));
#3482 = CARTESIAN_POINT('',(4.848382694463,1.002381340072));
#3483 = CARTESIAN_POINT('',(4.961278384982,0.992215485772));
#3484 = CARTESIAN_POINT('',(5.071749391526,0.97702457192));
#3485 = CARTESIAN_POINT('',(5.178123745376,0.958944837235));
#3486 = CARTESIAN_POINT('',(5.420254652286,0.9131186925));
#3487 = CARTESIAN_POINT('',(5.555228327041,0.883391025847));
#3488 = CARTESIAN_POINT('',(5.684456497873,0.854630180897));
#3489 = CARTESIAN_POINT('',(5.809087617324,0.829650952572));
#3490 = CARTESIAN_POINT('',(5.930185613103,0.810102149531));
#3491 = CARTESIAN_POINT('',(6.048766031584,0.796835645456));
#3492 = CARTESIAN_POINT('',(6.165964587289,0.790199457749));
#3493 = CARTESIAN_POINT('',(6.28318530718,0.790199457749));
#3494 = ( GEOMETRIC_REPRESENTATION_CONTEXT(2) 
PARAMETRIC_REPRESENTATION_CONTEXT() REPRESENTATION_CONTEXT('2D SPACE',''
  ) );
#3495 = PCURVE('',#1945,#3496);
#3496 = DEFINITIONAL_REPRESENTATION('',(#3497),#3549);
#3497 = B_SPLINE_CURVE_WITH_KNOTS('',8,(#3498,#3499,#3500,#3501,#3502,
    #3503,#3504,#3505,#3506,#3507,#3508,#3509,#3510,#3511,#3512,#3513,
    #3514,#3515,#3516,#3517,#3518,#3519,#3520,#3521,#3522,#3523,#3524,
    #3525,#3526,#3527,#3528,#3529,#3530,#3531,#3532,#3533,#3534,#3535,
    #3536,#3537,#3538,#3539,#3540,#3541,#3542,#3543,#3544,#3545,#3546,
    #3547,#3548),.UNSPECIFIED.,.T.,.F.,(9,7,7,7,7,7,7,9),(0.,
    0.155168598449,0.286778101524,0.422903120664,0.579542015371,
    0.707278657285,0.827872571475,1.),.UNSPECIFIED.);
#3498 = CARTESIAN_POINT('',(5.665235223002,19.01));
#3499 = CARTESIAN_POINT('',(5.665235223002,19.27098022801));
#3500 = CARTESIAN_POINT('',(5.66313000474,19.531522683419));
#3501 = CARTESIAN_POINT('',(5.658932060246,19.789625763692));
#3502 = CARTESIAN_POINT('',(5.652601090478,20.043101353958));
#3503 = CARTESIAN_POINT('',(5.644062413587,20.28910498045));
#3504 = CARTESIAN_POINT('',(5.633218683093,20.523830121477));
#3505 = CARTESIAN_POINT('',(5.619965979173,20.742061615641));
#3506 = CARTESIAN_POINT('',(5.590874579568,21.101016140633));
#3507 = CARTESIAN_POINT('',(5.575187699838,21.255218633901));
#3508 = CARTESIAN_POINT('',(5.557408996788,21.385043722613));
#3509 = CARTESIAN_POINT('',(5.537980390974,21.480195114904));
#3510 = CARTESIAN_POINT('',(5.517495308881,21.533864237535));
#3511 = CARTESIAN_POINT('',(5.496612923982,21.542755030145));
#3512 = CARTESIAN_POINT('',(5.476013690068,21.507213173567));
#3513 = CARTESIAN_POINT('',(5.435964763442,21.353103472183));
#3514 = CARTESIAN_POINT('',(5.417315107821,21.234563191409));
#3515 = CARTESIAN_POINT('',(5.400567660984,21.084476196785));
#3516 = CARTESIAN_POINT('',(5.385802907256,20.909920021328));
#3517 = CARTESIAN_POINT('',(5.373041284869,20.716892835919));
#3518 = CARTESIAN_POINT('',(5.362261742312,20.510519404023));
#3519 = CARTESIAN_POINT('',(5.353408536771,20.295140835983));
#3520 = CARTESIAN_POINT('',(5.338346265747,19.820497513168));
#3521 = CARTESIAN_POINT('',(5.332619864805,19.555832839193));
#3522 = CARTESIAN_POINT('',(5.329195174408,19.284513660943));
#3523 = CARTESIAN_POINT('',(5.328055387791,19.009999999999));
#3524 = CARTESIAN_POINT('',(5.329195174408,18.735486339057));
#3525 = CARTESIAN_POINT('',(5.332619864805,18.464167160809));
#3526 = CARTESIAN_POINT('',(5.338346265747,18.199502486832));
#3527 = CARTESIAN_POINT('',(5.352976967151,17.738458815652));
#3528 = CARTESIAN_POINT('',(5.361162894338,17.536507517569));
#3529 = CARTESIAN_POINT('',(5.371022309158,17.342446517956));
#3530 = CARTESIAN_POINT('',(5.382604345731,17.159599191749));
#3531 = CARTESIAN_POINT('',(5.39593999128,16.99193444525));
#3532 = CARTESIAN_POINT('',(5.41103316126,16.844176562372));
#3533 = CARTESIAN_POINT('',(5.427844477122,16.722000459551));
#3534 = CARTESIAN_POINT('',(5.463648716648,16.547729511405));
#3535 = CARTESIAN_POINT('',(5.482213114631,16.493335223438));
#3536 = CARTESIAN_POINT('',(5.501435355573,16.475261205051));
#3537 = CARTESIAN_POINT('',(5.520721417223,16.496017212361));
#3538 = CARTESIAN_POINT('',(5.539464143005,16.554694123332));
#3539 = CARTESIAN_POINT('',(5.557088792822,16.647064133675));
#3540 = CARTESIAN_POINT('',(5.573117209057,16.765555817117));
#3541 = CARTESIAN_POINT('',(5.60732687917,17.089906386656));
#3542 = CARTESIAN_POINT('',(5.624360889554,17.319614621005));
#3543 = CARTESIAN_POINT('',(5.638294571381,17.575742606324));
#3544 = CARTESIAN_POINT('',(5.649222145521,17.849301304264));
#3545 = CARTESIAN_POINT('',(5.657273793031,18.133632110112));
#3546 = CARTESIAN_POINT('',(5.662580819107,18.423952798236));
#3547 = CARTESIAN_POINT('',(5.665235223002,18.716948200273));
#3548 = CARTESIAN_POINT('',(5.665235223002,19.01));
#3549 = ( GEOMETRIC_REPRESENTATION_CONTEXT(2) 
PARAMETRIC_REPRESENTATION_CONTEXT() REPRESENTATION_CONTEXT('2D SPACE',''
  ) );
#3550 = ORIENTED_EDGE('',*,*,#3363,.T.);
#3551 = ADVANCED_FACE('',(#3552,#3659,#4046,#4049,#4052,#4055,#4058,
    #4211),#1945,.F.);
#3552 = FACE_BOUND('',#3553,.F.);
#3553 = EDGE_LOOP('',(#3554,#3577,#3604,#3605,#3606,#3607,#3630,#3657,
    #3658));
#3554 = ORIENTED_EDGE('',*,*,#3555,.F.);
#3555 = EDGE_CURVE('',#3556,#1908,#3558,.T.);
#3556 = VERTEX_POINT('',#3557);
#3557 = CARTESIAN_POINT('',(4.285E+03,-3.673940397442E-15,935.));
#3558 = SEAM_CURVE('',#3559,(#3563,#3570),.PCURVE_S1.);
#3559 = LINE('',#3560,#3561);
#3560 = CARTESIAN_POINT('',(4.28499E+03,-3.673940397442E-15,935.));
#3561 = VECTOR('',#3562,1.);
#3562 = DIRECTION('',(1.,0.,2.22044604925E-16));
#3563 = PCURVE('',#1945,#3564);
#3564 = DEFINITIONAL_REPRESENTATION('',(#3565),#3569);
#3565 = LINE('',#3566,#3567);
#3566 = CARTESIAN_POINT('',(0.,-0.));
#3567 = VECTOR('',#3568,1.);
#3568 = DIRECTION('',(0.,1.));
#3569 = ( GEOMETRIC_REPRESENTATION_CONTEXT(2) 
PARAMETRIC_REPRESENTATION_CONTEXT() REPRESENTATION_CONTEXT('2D SPACE',''
  ) );
#3570 = PCURVE('',#1945,#3571);
#3571 = DEFINITIONAL_REPRESENTATION('',(#3572),#3576);
#3572 = LINE('',#3573,#3574);
#3573 = CARTESIAN_POINT('',(6.28318530718,-0.));
#3574 = VECTOR('',#3575,1.);
#3575 = DIRECTION('',(0.,1.));
#3576 = ( GEOMETRIC_REPRESENTATION_CONTEXT(2) 
PARAMETRIC_REPRESENTATION_CONTEXT() REPRESENTATION_CONTEXT('2D SPACE',''
  ) );
#3577 = ORIENTED_EDGE('',*,*,#3578,.T.);
#3578 = EDGE_CURVE('',#3556,#3556,#3579,.T.);
#3579 = SURFACE_CURVE('',#3580,(#3585,#3592),.PCURVE_S1.);
#3580 = CIRCLE('',#3581,15.);
#3581 = AXIS2_PLACEMENT_3D('',#3582,#3583,#3584);
#3582 = CARTESIAN_POINT('',(4.285E+03,0.,950.));
#3583 = DIRECTION('',(1.,0.,2.22044604925E-16));
#3584 = DIRECTION('',(2.22044604925E-16,0.,-1.));
#3585 = PCURVE('',#1945,#3586);
#3586 = DEFINITIONAL_REPRESENTATION('',(#3587),#3591);
#3587 = LINE('',#3588,#3589);
#3588 = CARTESIAN_POINT('',(0.,1.000000000022E-02));
#3589 = VECTOR('',#3590,1.);
#3590 = DIRECTION('',(1.,0.));
#3591 = ( GEOMETRIC_REPRESENTATION_CONTEXT(2) 
PARAMETRIC_REPRESENTATION_CONTEXT() REPRESENTATION_CONTEXT('2D SPACE',''
  ) );
#3592 = PCURVE('',#3593,#3598);
#3593 = PLANE('',#3594);
#3594 = AXIS2_PLACEMENT_3D('',#3595,#3596,#3597);
#3595 = CARTESIAN_POINT('',(4.285E+03,0.,950.));
#3596 = DIRECTION('',(1.,0.,2.22044604925E-16));
#3597 = DIRECTION('',(2.22044604925E-16,0.,-1.));
#3598 = DEFINITIONAL_REPRESENTATION('',(#3599),#3603);
#3599 = CIRCLE('',#3600,15.);
#3600 = AXIS2_PLACEMENT_2D('',#3601,#3602);
#3601 = CARTESIAN_POINT('',(0.,0.));
#3602 = DIRECTION('',(1.,0.));
#3603 = ( GEOMETRIC_REPRESENTATION_CONTEXT(2) 
PARAMETRIC_REPRESENTATION_CONTEXT() REPRESENTATION_CONTEXT('2D SPACE',''
  ) );
#3604 = ORIENTED_EDGE('',*,*,#3555,.T.);
#3605 = ORIENTED_EDGE('',*,*,#1907,.F.);
#3606 = ORIENTED_EDGE('',*,*,#2060,.F.);
#3607 = ORIENTED_EDGE('',*,*,#3608,.T.);
#3608 = EDGE_CURVE('',#1969,#3609,#3611,.T.);
#3609 = VERTEX_POINT('',#3610);
#3610 = CARTESIAN_POINT('',(4.319E+03,-3.673940397442E-15,935.));
#3611 = SEAM_CURVE('',#3612,(#3616,#3623),.PCURVE_S1.);
#3612 = LINE('',#3613,#3614);
#3613 = CARTESIAN_POINT('',(4.28499E+03,-3.673940397442E-15,935.));
#3614 = VECTOR('',#3615,1.);
#3615 = DIRECTION('',(1.,0.,2.22044604925E-16));
#3616 = PCURVE('',#1945,#3617);
#3617 = DEFINITIONAL_REPRESENTATION('',(#3618),#3622);
#3618 = LINE('',#3619,#3620);
#3619 = CARTESIAN_POINT('',(0.,-0.));
#3620 = VECTOR('',#3621,1.);
#3621 = DIRECTION('',(0.,1.));
#3622 = ( GEOMETRIC_REPRESENTATION_CONTEXT(2) 
PARAMETRIC_REPRESENTATION_CONTEXT() REPRESENTATION_CONTEXT('2D SPACE',''
  ) );
#3623 = PCURVE('',#1945,#3624);
#3624 = DEFINITIONAL_REPRESENTATION('',(#3625),#3629);
#3625 = LINE('',#3626,#3627);
#3626 = CARTESIAN_POINT('',(6.28318530718,-0.));
#3627 = VECTOR('',#3628,1.);
#3628 = DIRECTION('',(0.,1.));
#3629 = ( GEOMETRIC_REPRESENTATION_CONTEXT(2) 
PARAMETRIC_REPRESENTATION_CONTEXT() REPRESENTATION_CONTEXT('2D SPACE',''
  ) );
#3630 = ORIENTED_EDGE('',*,*,#3631,.F.);
#3631 = EDGE_CURVE('',#3609,#3609,#3632,.T.);
#3632 = SURFACE_CURVE('',#3633,(#3638,#3645),.PCURVE_S1.);
#3633 = CIRCLE('',#3634,15.);
#3634 = AXIS2_PLACEMENT_3D('',#3635,#3636,#3637);
#3635 = CARTESIAN_POINT('',(4.319E+03,0.,950.));
#3636 = DIRECTION('',(1.,-0.,2.22044604925E-16));
#3637 = DIRECTION('',(2.22044604925E-16,0.,-1.));
#3638 = PCURVE('',#1945,#3639);
#3639 = DEFINITIONAL_REPRESENTATION('',(#3640),#3644);
#3640 = LINE('',#3641,#3642);
#3641 = CARTESIAN_POINT('',(0.,34.01));
#3642 = VECTOR('',#3643,1.);
#3643 = DIRECTION('',(1.,0.));
#3644 = ( GEOMETRIC_REPRESENTATION_CONTEXT(2) 
PARAMETRIC_REPRESENTATION_CONTEXT() REPRESENTATION_CONTEXT('2D SPACE',''
  ) );
#3645 = PCURVE('',#3646,#3651);
#3646 = PLANE('',#3647);
#3647 = AXIS2_PLACEMENT_3D('',#3648,#3649,#3650);
#3648 = CARTESIAN_POINT('',(4.319E+03,0.,950.));
#3649 = DIRECTION('',(1.,0.,2.22044604925E-16));
#3650 = DIRECTION('',(2.22044604925E-16,0.,-1.));
#3651 = DEFINITIONAL_REPRESENTATION('',(#3652),#3656);
#3652 = CIRCLE('',#3653,15.);
#3653 = AXIS2_PLACEMENT_2D('',#3654,#3655);
#3654 = CARTESIAN_POINT('',(0.,0.));
#3655 = DIRECTION('',(1.,0.));
#3656 = ( GEOMETRIC_REPRESENTATION_CONTEXT(2) 
PARAMETRIC_REPRESENTATION_CONTEXT() REPRESENTATION_CONTEXT('2D SPACE',''
  ) );
#3657 = ORIENTED_EDGE('',*,*,#3608,.F.);
#3658 = ORIENTED_EDGE('',*,*,#1968,.F.);
#3659 = FACE_BOUND('',#3660,.F.);
#3660 = EDGE_LOOP('',(#3661));
#3661 = ORIENTED_EDGE('',*,*,#3662,.F.);
#3662 = EDGE_CURVE('',#3663,#3663,#3665,.T.);
#3663 = VERTEX_POINT('',#3664);
#3664 = CARTESIAN_POINT('',(4.303181980515E+03,-5.510910596163E-16,965.)
  );
#3665 = SURFACE_CURVE('',#3666,(#3789,#3915),.PCURVE_S1.);
#3666 = B_SPLINE_CURVE_WITH_KNOTS('',7,(#3667,#3668,#3669,#3670,#3671,
    #3672,#3673,#3674,#3675,#3676,#3677,#3678,#3679,#3680,#3681,#3682,
    #3683,#3684,#3685,#3686,#3687,#3688,#3689,#3690,#3691,#3692,#3693,
    #3694,#3695,#3696,#3697,#3698,#3699,#3700,#3701,#3702,#3703,#3704,
    #3705,#3706,#3707,#3708,#3709,#3710,#3711,#3712,#3713,#3714,#3715,
    #3716,#3717,#3718,#3719,#3720,#3721,#3722,#3723,#3724,#3725,#3726,
    #3727,#3728,#3729,#3730,#3731,#3732,#3733,#3734,#3735,#3736,#3737,
    #3738,#3739,#3740,#3741,#3742,#3743,#3744,#3745,#3746,#3747,#3748,
    #3749,#3750,#3751,#3752,#3753,#3754,#3755,#3756,#3757,#3758,#3759,
    #3760,#3761,#3762,#3763,#3764,#3765,#3766,#3767,#3768,#3769,#3770,
    #3771,#3772,#3773,#3774,#3775,#3776,#3777,#3778,#3779,#3780,#3781,
    #3782,#3783,#3784,#3785,#3786,#3787,#3788),.UNSPECIFIED.,.T.,.F.,(8,
    6,6,6,6,6,6,6,6,6,6,6,6,6,6,6,6,6,6,6,8),(0.,2.130704503341E-02,
    3.592848061437E-02,6.121177400765E-02,0.160577296747,0.229052114235,
    0.383392186651,0.418751631644,0.461310599101,0.484290297317,
    0.50016810637,0.519303633349,0.551209246626,0.586242693792,
    0.622331967657,0.771257366749,0.878437687387,0.905014393534,
    0.931519040174,0.971122682459,1.),.UNSPECIFIED.);
#3667 = CARTESIAN_POINT('',(4.303181980515E+03,4.440892098501E-16,965.)
  );
#3668 = CARTESIAN_POINT('',(4.303181980515E+03,6.772698567147E-02,965.)
  );
#3669 = CARTESIAN_POINT('',(4.303178260302E+03,0.135239382377,
    964.9996433089));
#3670 = CARTESIAN_POINT('',(4.303170861829E+03,0.202159424237,
    964.998933722));
#3671 = CARTESIAN_POINT('',(4.303159929813E+03,0.268106101318,
    964.99788750923));
#3672 = CARTESIAN_POINT('',(4.303145712005E+03,0.332696313478,
    964.99653246305));
#3673 = CARTESIAN_POINT('',(4.303128559468E+03,0.395546024223,
    964.99490694638));
#3674 = CARTESIAN_POINT('',(4.303095454439E+03,0.497942720048,
    964.99179079207));
#3675 = CARTESIAN_POINT('',(4.303080782777E+03,0.538710421531,
    964.99041486208));
#3676 = CARTESIAN_POINT('',(4.303065008156E+03,0.578567504361,
    964.98894195091));
#3677 = CARTESIAN_POINT('',(4.303048224103E+03,0.617508806315,
    964.98738249792));
#3678 = CARTESIAN_POINT('',(4.303030521373E+03,0.655531017587,
    964.9857465815));
#3679 = CARTESIAN_POINT('',(4.30301198795E+03,0.692632680789,
    964.98404391908));
#3680 = CARTESIAN_POINT('',(4.302959372085E+03,0.791379028144,
    964.97924039647));
#3681 = CARTESIAN_POINT('',(4.302923774775E+03,0.851251522617,
    964.97602235177));
#3682 = CARTESIAN_POINT('',(4.302886282342E+03,0.908549730554,
    964.97267110852));
#3683 = CARTESIAN_POINT('',(4.302847197702E+03,0.963404395545,
    964.96922086339));
#3684 = CARTESIAN_POINT('',(4.302806761536E+03,1.015957859261,
    964.96569899659));
#3685 = CARTESIAN_POINT('',(4.302765152354E+03,1.066362972121,
    964.96212643426));
#3686 = CARTESIAN_POINT('',(4.302554806336E+03,1.305072973414,
    964.94433659617));
#3687 = CARTESIAN_POINT('',(4.302367870477E+03,1.468017770841,
    964.9293530545));
#3688 = CARTESIAN_POINT('',(4.30217200173E+03,1.606603034544,
    964.91480433453));
#3689 = CARTESIAN_POINT('',(4.301972813711E+03,1.724580069081,
    964.90128965307));
#3690 = CARTESIAN_POINT('',(4.301771992957E+03,1.825693682783,
    964.88893138093));
#3691 = CARTESIAN_POINT('',(4.301568040207E+03,1.9130348457,
    964.87770335525));
#3692 = CARTESIAN_POINT('',(4.30121184738E+03,2.040092827345,
    964.86071183836));
#3693 = CARTESIAN_POINT('',(4.301065197268E+03,2.085476007674,
    964.85442831566));
#3694 = CARTESIAN_POINT('',(4.300917592825E+03,2.124702192926,
    964.84884871902));
#3695 = CARTESIAN_POINT('',(4.30076926294E+03,2.158004484513,
    964.84401374122));
#3696 = CARTESIAN_POINT('',(4.300620327553E+03,2.185542829393,
    964.83995496159));
#3697 = CARTESIAN_POINT('',(4.300470837492E+03,2.207394185963,
    964.83670035893));
#3698 = CARTESIAN_POINT('',(4.299982666825E+03,2.259940907056,
    964.82882401583));
#3699 = CARTESIAN_POINT('',(4.299645430335E+03,2.26697643888,
    964.82766302621));
#3700 = CARTESIAN_POINT('',(4.299307987097E+03,2.245747166005,
    964.83094044617));
#3701 = CARTESIAN_POINT('',(4.298969193363E+03,2.194097382178,
    964.83890151499));
#3702 = CARTESIAN_POINT('',(4.298630633224E+03,2.107392687943,
    964.85191195443));
#3703 = CARTESIAN_POINT('',(4.298297238687E+03,1.978597540885,
    964.87002932599));
#3704 = CARTESIAN_POINT('',(4.297908756744E+03,1.758211078169,
    964.89665754313));
#3705 = CARTESIAN_POINT('',(4.297837100372E+03,1.714393493779,
    964.90181769514));
#3706 = CARTESIAN_POINT('',(4.297766259517E+03,1.667662099988,
    964.90716370664));
#3707 = CARTESIAN_POINT('',(4.297696349838E+03,1.617831793256,
    964.91267949562));
#3708 = CARTESIAN_POINT('',(4.297627543423E+03,1.564709016948,
    964.91834193497));
#3709 = CARTESIAN_POINT('',(4.297560069536E+03,1.508092783344,
    964.92411901985));
#3710 = CARTESIAN_POINT('',(4.297414952653E+03,1.375177469838,
    964.93700796643));
#3711 = CARTESIAN_POINT('',(4.297337969733E+03,1.297156048122,
    964.94415810682));
#3712 = CARTESIAN_POINT('',(4.297263738295E+03,1.213298119256,
    964.9513473457));
#3713 = CARTESIAN_POINT('',(4.297192906105E+03,1.123187674777,
    964.95847929202));
#3714 = CARTESIAN_POINT('',(4.297126318419E+03,1.026437137157,
    964.96542221566));
#3715 = CARTESIAN_POINT('',(4.297065039763E+03,0.922722768473,
    964.97200445095));
#3716 = CARTESIAN_POINT('',(4.296980860419E+03,0.751944806098,
    964.98126079817));
#3717 = CARTESIAN_POINT('',(4.296953250044E+03,0.6899234404,
    964.98434231212));
#3718 = CARTESIAN_POINT('',(4.296927829697E+03,0.625868673739,
    964.98721812858));
#3719 = CARTESIAN_POINT('',(4.296904864862E+03,0.55990319068,
    964.98984691952));
#3720 = CARTESIAN_POINT('',(4.296884601537E+03,0.49216367091,
    964.99218897848));
#3721 = CARTESIAN_POINT('',(4.296867266034E+03,0.42280051103,
    964.99420749434));
#3722 = CARTESIAN_POINT('',(4.296843252415E+03,0.30304246028,
    964.99701841131));
#3723 = CARTESIAN_POINT('',(4.296834943464E+03,0.253445683581,
    964.99799613317));
#3724 = CARTESIAN_POINT('',(4.296828216052E+03,0.203312905178,
    964.99879099417));
#3725 = CARTESIAN_POINT('',(4.296823129331E+03,0.152771847817,
    964.99939370269));
#3726 = CARTESIAN_POINT('',(4.296819723442E+03,0.101951947264,
    964.99979783526));
#3727 = CARTESIAN_POINT('',(4.296818019485E+03,5.098403151488E-02,965.)
  );
#3728 = CARTESIAN_POINT('',(4.296818019485E+03,-6.144464310549E-02,965.)
  );
#3729 = CARTESIAN_POINT('',(4.29682049442E+03,-0.12284991931,
    964.99970637832));
#3730 = CARTESIAN_POINT('',(4.296825438333E+03,-0.183993337445,
    964.9991197196));
#3731 = CARTESIAN_POINT('',(4.296832807218E+03,-0.244655056038,
    964.99824715889));
#3732 = CARTESIAN_POINT('',(4.296842519112E+03,-0.304618674388,
    964.99710190782));
#3733 = CARTESIAN_POINT('',(4.296854454183E+03,-0.363672023632,
    964.99570278064));
#3734 = CARTESIAN_POINT('',(4.296891798798E+03,-0.518207414577,
    964.99135750718));
#3735 = CARTESIAN_POINT('',(4.296920835451E+03,-0.611496688219,
    964.98800764786));
#3736 = CARTESIAN_POINT('',(4.296954959101E+03,-0.701234539514,
    964.98412032469));
#3737 = CARTESIAN_POINT('',(4.296993558209E+03,-0.787226963284,
    964.97979594077));
#3738 = CARTESIAN_POINT('',(4.29703601579E+03,-0.8693261644,
    964.97513489126));
#3739 = CARTESIAN_POINT('',(4.297081709805E+03,-0.947429533784,
    964.97023333462));
#3740 = CARTESIAN_POINT('',(4.297183052734E+03,-1.102787041267,
    964.95962909304));
#3741 = CARTESIAN_POINT('',(4.297239414747E+03,-1.179476886894,
    964.95387659626));
#3742 = CARTESIAN_POINT('',(4.297298525157E+03,-1.25174287086,
    964.94801359961));
#3743 = CARTESIAN_POINT('',(4.297359914344E+03,-1.319806348032,
    964.942113446));
#3744 = CARTESIAN_POINT('',(4.297423209211E+03,-1.383904188033,
    964.93623322272));
#3745 = CARTESIAN_POINT('',(4.297488124887E+03,-1.4442776447,
    964.93041628897));
#3746 = CARTESIAN_POINT('',(4.29762278705E+03,-1.559759145329,
    964.91880088556));
#3747 = CARTESIAN_POINT('',(4.297692631791E+03,-1.614664157582,
    964.91300730484));
#3748 = CARTESIAN_POINT('',(4.2977637173E+03,-1.666086037951,
    964.90735392494));
#3749 = CARTESIAN_POINT('',(4.297835826675E+03,-1.714226529778,
    964.90187022639));
#3750 = CARTESIAN_POINT('',(4.297908798711E+03,-1.759278403211,
    964.89657717207));
#3751 = CARTESIAN_POINT('',(4.297982527153E+03,-1.801424514318,
    964.89148907277));
#3752 = CARTESIAN_POINT('',(4.298364113069E+03,-2.003475213713,
    964.86650405338));
#3753 = CARTESIAN_POINT('',(4.298685565916E+03,-2.1207772801,
    964.84989411047));
#3754 = CARTESIAN_POINT('',(4.299011454413E+03,-2.200032323102,
    964.83798465369));
#3755 = CARTESIAN_POINT('',(4.2993376785E+03,-2.247192637756,
    964.83071676558));
#3756 = CARTESIAN_POINT('',(4.299662871864E+03,-2.266178866153,
    964.82779121439));
#3757 = CARTESIAN_POINT('',(4.299987759051E+03,-2.258831337301,
    964.8289883355));
#3758 = CARTESIAN_POINT('',(4.300547137794E+03,-2.199573875838,
    964.8378739581));
#3759 = CARTESIAN_POINT('',(4.300779105265E+03,-2.160980364862,
    964.84361177988));
#3760 = CARTESIAN_POINT('',(4.301009454899E+03,-2.108778605874,
    964.85124079269));
#3761 = CARTESIAN_POINT('',(4.3012384498E+03,-2.042412026622,
    964.86066804317));
#3762 = CARTESIAN_POINT('',(4.301465692163E+03,-1.960728664372,
    964.8717951992));
#3763 = CARTESIAN_POINT('',(4.301689650244E+03,-1.86215056789,
    964.88443279926));
#3764 = CARTESIAN_POINT('',(4.301961046184E+03,-1.715783097737,
    964.90157527728));
#3765 = CARTESIAN_POINT('',(4.302014638517E+03,-1.685514754222,
    964.90505315047));
#3766 = CARTESIAN_POINT('',(4.302067894209E+03,-1.654002474135,
    964.90859977191));
#3767 = CARTESIAN_POINT('',(4.30212079175E+03,-1.621186025451,
    964.91221103097));
#3768 = CARTESIAN_POINT('',(4.302173292363E+03,-1.587003029499,
    964.91588146326));
#3769 = CARTESIAN_POINT('',(4.30222534001E+03,-1.55138912888,
    964.91960398855));
#3770 = CARTESIAN_POINT('',(4.302328243059E+03,-1.477267803805,
    964.92712509847));
#3771 = CARTESIAN_POINT('',(4.3023790818E+03,-1.438782595233,
    964.93092201855));
#3772 = CARTESIAN_POINT('',(4.302429364431E+03,-1.39871597016,
    964.93475580364));
#3773 = CARTESIAN_POINT('',(4.302479042207E+03,-1.356960796707,
    964.93861917201));
#3774 = CARTESIAN_POINT('',(4.302528030814E+03,-1.313409817096,
    964.94250170144));
#3775 = CARTESIAN_POINT('',(4.302576210362E+03,-1.267956094099,
    964.94638936528));
#3776 = CARTESIAN_POINT('',(4.302693974792E+03,-1.149574070877,
    964.95605370861));
#3777 = CARTESIAN_POINT('',(4.302762287132E+03,-1.074253161129,
    964.96180761379));
#3778 = CARTESIAN_POINT('',(4.302828149137E+03,-0.993896108754,
    964.96748972199));
#3779 = CARTESIAN_POINT('',(4.302890992587E+03,-0.907886213079,
    964.97303413825));
#3780 = CARTESIAN_POINT('',(4.302949879156E+03,-0.815656967377,
    964.97833515105));
#3781 = CARTESIAN_POINT('',(4.303003483587E+03,-0.716727475812,
    964.98324242309));
#3782 = CARTESIAN_POINT('',(4.303084047794E+03,-0.533460121139,
    964.99071054195));
#3783 = CARTESIAN_POINT('',(4.303114648047E+03,-0.451617561664,
    964.99358014913));
#3784 = CARTESIAN_POINT('',(4.303140612417E+03,-0.36595776778,
    964.99604050391));
#3785 = CARTESIAN_POINT('',(4.303160940206E+03,-0.277221880174,
    964.99798212201));
#3786 = CARTESIAN_POINT('',(4.303174890728E+03,-0.186151571823,
    964.99932034896));
#3787 = CARTESIAN_POINT('',(4.303181980515E+03,-9.34928736212E-02,965.)
  );
#3788 = CARTESIAN_POINT('',(4.303181980515E+03,4.440892098501E-16,965.)
  );
#3789 = PCURVE('',#1945,#3790);
#3790 = DEFINITIONAL_REPRESENTATION('',(#3791),#3914);
#3791 = B_SPLINE_CURVE_WITH_KNOTS('',7,(#3792,#3793,#3794,#3795,#3796,
    #3797,#3798,#3799,#3800,#3801,#3802,#3803,#3804,#3805,#3806,#3807,
    #3808,#3809,#3810,#3811,#3812,#3813,#3814,#3815,#3816,#3817,#3818,
    #3819,#3820,#3821,#3822,#3823,#3824,#3825,#3826,#3827,#3828,#3829,
    #3830,#3831,#3832,#3833,#3834,#3835,#3836,#3837,#3838,#3839,#3840,
    #3841,#3842,#3843,#3844,#3845,#3846,#3847,#3848,#3849,#3850,#3851,
    #3852,#3853,#3854,#3855,#3856,#3857,#3858,#3859,#3860,#3861,#3862,
    #3863,#3864,#3865,#3866,#3867,#3868,#3869,#3870,#3871,#3872,#3873,
    #3874,#3875,#3876,#3877,#3878,#3879,#3880,#3881,#3882,#3883,#3884,
    #3885,#3886,#3887,#3888,#3889,#3890,#3891,#3892,#3893,#3894,#3895,
    #3896,#3897,#3898,#3899,#3900,#3901,#3902,#3903,#3904,#3905,#3906,
    #3907,#3908,#3909,#3910,#3911,#3912,#3913),.UNSPECIFIED.,.T.,.F.,(8,
    6,6,6,6,6,6,6,6,6,6,6,6,6,6,6,6,6,6,6,8),(0.,2.130704503341E-02,
    3.592848061437E-02,6.121177400765E-02,0.160577296747,0.229052114235,
    0.383392186651,0.418751631644,0.461310599101,0.484290297317,
    0.50016810637,0.519303633349,0.551209246626,0.586242693792,
    0.622331967657,0.771257366749,0.878437687387,0.905014393534,
    0.931519040174,0.971122682459,1.),.UNSPECIFIED.);
#3792 = CARTESIAN_POINT('',(3.14159265359,18.19198051534));
#3793 = CARTESIAN_POINT('',(3.137077521212,18.19198051534));
#3794 = CARTESIAN_POINT('',(3.132576695226,18.188260302299));
#3795 = CARTESIAN_POINT('',(3.128115207998,18.180861829415));
#3796 = CARTESIAN_POINT('',(3.123718315835,18.169929812925));
#3797 = CARTESIAN_POINT('',(3.11941143873,18.155712005172));
#3798 = CARTESIAN_POINT('',(3.115220100105,18.138559467671));
#3799 = CARTESIAN_POINT('',(3.108390493403,18.105454439187));
#3800 = CARTESIAN_POINT('',(3.105671113742,18.090782777214));
#3801 = CARTESIAN_POINT('',(3.103012182625,18.0750081564));
#3802 = CARTESIAN_POINT('',(3.100414036781,18.058224103379));
#3803 = CARTESIAN_POINT('',(3.097876894611,18.040521373276));
#3804 = CARTESIAN_POINT('',(3.095400856191,18.021987949702));
#3805 = CARTESIAN_POINT('',(3.088809982047,17.969372084978));
#3806 = CARTESIAN_POINT('',(3.084812772589,17.933774775279));
#3807 = CARTESIAN_POINT('',(3.080986429953,17.896282341727));
#3808 = CARTESIAN_POINT('',(3.077322284485,17.857197702339));
#3809 = CARTESIAN_POINT('',(3.073810903959,17.816761536431));
#3810 = CARTESIAN_POINT('',(3.070442155705,17.775152353965));
#3811 = CARTESIAN_POINT('',(3.05448402395,17.564806335567));
#3812 = CARTESIAN_POINT('',(3.043576841753,17.37787047656));
#3813 = CARTESIAN_POINT('',(3.034287926032,17.182001729983));
#3814 = CARTESIAN_POINT('',(3.026371824292,16.982813710997));
#3815 = CARTESIAN_POINT('',(3.019580980393,16.781992956858));
#3816 = CARTESIAN_POINT('',(3.013710395522,16.578040207372));
#3817 = CARTESIAN_POINT('',(3.005164456305,16.221847380467));
#3818 = CARTESIAN_POINT('',(3.002110080179,16.075197268399));
#3819 = CARTESIAN_POINT('',(2.999468705186,15.92759282465));
#3820 = CARTESIAN_POINT('',(2.997225285778,15.779262939834));
#3821 = CARTESIAN_POINT('',(2.995369563427,15.630327552833));
#3822 = CARTESIAN_POINT('',(2.993896739028,15.480837492007));
#3823 = CARTESIAN_POINT('',(2.990354489474,14.992666824595));
#3824 = CARTESIAN_POINT('',(2.989879145986,14.655430335382));
#3825 = CARTESIAN_POINT('',(2.991311247219,14.317987096737));
#3826 = CARTESIAN_POINT('',(2.994795062882,13.979193362592));
#3827 = CARTESIAN_POINT('',(3.000640426737,13.640633223649));
#3828 = CARTESIAN_POINT('',(3.009309673741,13.307238687188));
#3829 = CARTESIAN_POINT('',(3.024108961245,12.918756743954));
#3830 = CARTESIAN_POINT('',(3.027050305762,12.847100371592));
#3831 = CARTESIAN_POINT('',(3.030186024172,12.776259517142));
#3832 = CARTESIAN_POINT('',(3.033528290737,12.706349838041));
#3833 = CARTESIAN_POINT('',(3.037089816095,12.637543422627));
#3834 = CARTESIAN_POINT('',(3.040883783412,12.57006953588));
#3835 = CARTESIAN_POINT('',(3.049786368681,12.424952653027));
#3836 = CARTESIAN_POINT('',(3.055009520193,12.347969732588));
#3837 = CARTESIAN_POINT('',(3.060620395676,12.273738295112));
#3838 = CARTESIAN_POINT('',(3.066646290601,12.202906104606));
#3839 = CARTESIAN_POINT('',(3.073112587376,12.136318418575));
#3840 = CARTESIAN_POINT('',(3.080040493961,12.075039763239));
#3841 = CARTESIAN_POINT('',(3.09144240265,11.990860419245));
#3842 = CARTESIAN_POINT('',(3.09558221909,11.963250044111));
#3843 = CARTESIAN_POINT('',(3.099856757993,11.937829697358));
#3844 = CARTESIAN_POINT('',(3.104257842742,11.914864861707));
#3845 = CARTESIAN_POINT('',(3.108776403875,11.894601537035));
#3846 = CARTESIAN_POINT('',(3.113402498537,11.877266034383));
#3847 = CARTESIAN_POINT('',(3.121388567511,11.853252414589));
#3848 = CARTESIAN_POINT('',(3.124695638415,11.844943463856));
#3849 = CARTESIAN_POINT('',(3.128038203491,11.838216051659));
#3850 = CARTESIAN_POINT('',(3.131407799567,11.83312933072));
#3851 = CARTESIAN_POINT('',(3.134795857153,11.829723442092));
#3852 = CARTESIAN_POINT('',(3.138193718155,11.828019484661));
#3853 = CARTESIAN_POINT('',(3.14568896313,11.828019484661));
#3854 = CARTESIAN_POINT('',(3.149782648046,11.830494419755));
#3855 = CARTESIAN_POINT('',(3.153858988464,11.835438332949));
#3856 = CARTESIAN_POINT('',(3.157903439277,11.84280721815));
#3857 = CARTESIAN_POINT('',(3.161901674353,11.852519111581));
#3858 = CARTESIAN_POINT('',(3.165839630752,11.864454183183));
#3859 = CARTESIAN_POINT('',(3.176146062068,11.901798797603));
#3860 = CARTESIAN_POINT('',(3.182369165434,11.930835451456));
#3861 = CARTESIAN_POINT('',(3.188357048925,11.96495910107));
#3862 = CARTESIAN_POINT('',(3.194096891114,12.003558209409));
#3863 = CARTESIAN_POINT('',(3.199578821661,12.046015789783));
#3864 = CARTESIAN_POINT('',(3.204795879706,12.091709804718));
#3865 = CARTESIAN_POINT('',(3.215177145968,12.193052734256));
#3866 = CARTESIAN_POINT('',(3.220304050908,12.249414746867));
#3867 = CARTESIAN_POINT('',(3.22513747625,12.308525157348));
#3868 = CARTESIAN_POINT('',(3.22969194699,12.369914344191));
#3869 = CARTESIAN_POINT('',(3.233983007811,12.433209210861));
#3870 = CARTESIAN_POINT('',(3.238026506958,12.498124886951));
#3871 = CARTESIAN_POINT('',(3.245764119161,12.632787050304));
#3872 = CARTESIAN_POINT('',(3.249444731656,12.70263179061));
#3873 = CARTESIAN_POINT('',(3.252893462468,12.773717300052));
#3874 = CARTESIAN_POINT('',(3.256123543884,12.84582667535));
#3875 = CARTESIAN_POINT('',(3.259147635691,12.918798711444));
#3876 = CARTESIAN_POINT('',(3.261977765259,12.992527152776));
#3877 = CARTESIAN_POINT('',(3.275550407076,13.374113068959));
#3878 = CARTESIAN_POINT('',(3.283447340055,13.695565915797));
#3879 = CARTESIAN_POINT('',(3.288790562617,14.021454412953));
#3880 = CARTESIAN_POINT('',(3.291971587108,14.347678500473));
#3881 = CARTESIAN_POINT('',(3.293252306517,14.672871863591));
#3882 = CARTESIAN_POINT('',(3.292756039753,14.997759050993));
#3883 = CARTESIAN_POINT('',(3.288761376075,15.557137793943));
#3884 = CARTESIAN_POINT('',(3.286160192069,15.78910526502));
#3885 = CARTESIAN_POINT('',(3.282643141228,16.019454899197));
#3886 = CARTESIAN_POINT('',(3.278174338494,16.248449800314));
#3887 = CARTESIAN_POINT('',(3.272678685894,16.475692162618));
#3888 = CARTESIAN_POINT('',(3.266053416815,16.699650244408));
#3889 = CARTESIAN_POINT('',(3.256228889488,16.971046184228));
#3890 = CARTESIAN_POINT('',(3.254197728115,17.02463851663));
#3891 = CARTESIAN_POINT('',(3.252083655158,17.077894209413));
#3892 = CARTESIAN_POINT('',(3.249882697978,17.130791749986));
#3893 = CARTESIAN_POINT('',(3.247590746139,17.183292363318));
#3894 = CARTESIAN_POINT('',(3.245203562332,17.235340009505));
#3895 = CARTESIAN_POINT('',(3.240236766841,17.33824305924));
#3896 = CARTESIAN_POINT('',(3.23765863994,17.389081800141));
#3897 = CARTESIAN_POINT('',(3.234975350433,17.439364430742));
#3898 = CARTESIAN_POINT('',(3.23217980856,17.489042207201));
#3899 = CARTESIAN_POINT('',(3.229264924385,17.538030813847));
#3900 = CARTESIAN_POINT('',(3.226223635207,17.586210361894));
#3901 = CARTESIAN_POINT('',(3.218305245092,17.703974791642));
#3902 = CARTESIAN_POINT('',(3.213269289223,17.772287131934));
#3903 = CARTESIAN_POINT('',(3.207898918453,17.838149137406));
#3904 = CARTESIAN_POINT('',(3.202153242956,17.900992586675));
#3905 = CARTESIAN_POINT('',(3.19599475823,17.959879156429));
#3906 = CARTESIAN_POINT('',(3.189391607646,18.013483587023));
#3907 = CARTESIAN_POINT('',(3.177163644049,18.094047794046));
#3908 = CARTESIAN_POINT('',(3.17170420589,18.124648046851));
#3909 = CARTESIAN_POINT('',(3.165991391462,18.150612416661));
#3910 = CARTESIAN_POINT('',(3.160074509821,18.170940205587));
#3911 = CARTESIAN_POINT('',(3.154002755545,18.184890728372));
#3912 = CARTESIAN_POINT('',(3.147825511831,18.19198051534));
#3913 = CARTESIAN_POINT('',(3.14159265359,18.19198051534));
#3914 = ( GEOMETRIC_REPRESENTATION_CONTEXT(2) 
PARAMETRIC_REPRESENTATION_CONTEXT() REPRESENTATION_CONTEXT('2D SPACE',''
  ) );
#3915 = PCURVE('',#3916,#3921);
#3916 = CYLINDRICAL_SURFACE('',#3917,2.25);
#3917 = AXIS2_PLACEMENT_3D('',#3918,#3919,#3920);
#3918 = CARTESIAN_POINT('',(4.285E+03,0.,950.));
#3919 = DIRECTION('',(0.707106781187,0.,0.707106781187));
#3920 = DIRECTION('',(0.707106781187,0.,-0.707106781187));
#3921 = DEFINITIONAL_REPRESENTATION('',(#3922),#4045);
#3922 = B_SPLINE_CURVE_WITH_KNOTS('',7,(#3923,#3924,#3925,#3926,#3927,
    #3928,#3929,#3930,#3931,#3932,#3933,#3934,#3935,#3936,#3937,#3938,
    #3939,#3940,#3941,#3942,#3943,#3944,#3945,#3946,#3947,#3948,#3949,
    #3950,#3951,#3952,#3953,#3954,#3955,#3956,#3957,#3958,#3959,#3960,
    #3961,#3962,#3963,#3964,#3965,#3966,#3967,#3968,#3969,#3970,#3971,
    #3972,#3973,#3974,#3975,#3976,#3977,#3978,#3979,#3980,#3981,#3982,
    #3983,#3984,#3985,#3986,#3987,#3988,#3989,#3990,#3991,#3992,#3993,
    #3994,#3995,#3996,#3997,#3998,#3999,#4000,#4001,#4002,#4003,#4004,
    #4005,#4006,#4007,#4008,#4009,#4010,#4011,#4012,#4013,#4014,#4015,
    #4016,#4017,#4018,#4019,#4020,#4021,#4022,#4023,#4024,#4025,#4026,
    #4027,#4028,#4029,#4030,#4031,#4032,#4033,#4034,#4035,#4036,#4037,
    #4038,#4039,#4040,#4041,#4042,#4043,#4044),.UNSPECIFIED.,.F.,.F.,(8,
    6,6,6,6,6,6,6,6,6,6,6,6,6,6,6,6,6,6,6,8),(0.,2.130704503341E-02,
    3.592848061437E-02,6.121177400765E-02,0.160577296747,0.229052114235,
    0.383392186651,0.418751631644,0.461310599101,0.484290297317,
    0.50016810637,0.519303633349,0.551209246626,0.586242693792,
    0.622331967657,0.771257366749,0.878437687387,0.905014393534,
    0.931519040174,0.971122682459,1.),.UNSPECIFIED.);
#3923 = CARTESIAN_POINT('',(0.,23.463203435596));
#3924 = CARTESIAN_POINT('',(3.010088252065E-02,23.463203435596));
#3925 = CARTESIAN_POINT('',(6.010636676087E-02,23.460320629033));
#3926 = CARTESIAN_POINT('',(8.989319226498E-02,23.454587364982));
#3927 = CARTESIAN_POINT('',(0.119335218682,23.446117477846));
#3928 = CARTESIAN_POINT('',(0.148299407719,23.435105807223));
#3929 = CARTESIAN_POINT('',(0.176641805093,23.421827717786));
#3930 = CARTESIAN_POINT('',(0.223117073127,23.39621547381));
#3931 = CARTESIAN_POINT('',(0.241706996418,23.384868112707));
#3932 = CARTESIAN_POINT('',(0.259975668877,23.372672265886));
#3933 = CARTESIAN_POINT('',(0.277924948392,23.359701448396));
#3934 = CARTESIAN_POINT('',(0.295556174215,23.346026960299));
#3935 = CARTESIAN_POINT('',(0.312870166965,23.331717886664));
#3936 = CARTESIAN_POINT('',(0.359258439527,23.291116248511));
#3937 = CARTESIAN_POINT('',(0.387729939154,23.263669648202));
#3938 = CARTESIAN_POINT('',(0.415339689071,23.234788807369));
#3939 = CARTESIAN_POINT('',(0.442145355003,23.204712102088));
#3940 = CARTESIAN_POINT('',(0.468206817277,23.173629079067));
#3941 = CARTESIAN_POINT('',(0.493588681269,23.141680760943));
#3942 = CARTESIAN_POINT('',(0.615727162482,22.980364349782));
#3943 = CARTESIAN_POINT('',(0.70540778748,22.837585772316));
#3944 = CARTESIAN_POINT('',(0.78864933676,22.688798154835));
#3945 = CARTESIAN_POINT('',(0.866562449927,22.538394632974));
#3946 = CARTESIAN_POINT('',(0.940532841259,22.387654297889));
#3947 = CARTESIAN_POINT('',(1.012225625399,22.235498512589));
#3948 = CARTESIAN_POINT('',(1.132859748334,21.971617332459));
#3949 = CARTESIAN_POINT('',(1.18128310188,21.86347692224));
#3950 = CARTESIAN_POINT('',(1.229080315616,21.755159448514));
#3951 = CARTESIAN_POINT('',(1.27641493663,21.646855535514));
#3952 = CARTESIAN_POINT('',(1.323450310046,21.538672322811));
#3953 = CARTESIAN_POINT('',(1.370352154103,21.430665535472));
#3954 = CARTESIAN_POINT('',(1.523090113765,21.07990733055));
#3955 = CARTESIAN_POINT('',(1.627943824112,20.840624178527));
#3956 = CARTESIAN_POINT('',(1.734258261875,20.604333262092));
#3957 = CARTESIAN_POINT('',(1.844080967346,20.370399241004));
#3958 = CARTESIAN_POINT('',(1.959384045927,20.140200840874));
#3959 = CARTESIAN_POINT('',(2.082095735667,19.917266219622));
#3960 = CARTESIAN_POINT('',(2.245230711561,19.661396996105));
#3961 = CARTESIAN_POINT('',(2.276228769682,19.614377067769));
#3962 = CARTESIAN_POINT('',(2.307892293138,19.568065220183));
#3963 = CARTESIAN_POINT('',(2.340291196715,19.522531863816));
#3964 = CARTESIAN_POINT('',(2.373493331046,19.477882330144));
#3965 = CARTESIAN_POINT('',(2.407567801684,19.434256103172));
#3966 = CARTESIAN_POINT('',(2.484739281905,19.340756832772));
#3967 = CARTESIAN_POINT('',(2.528296634371,19.291377600447));
#3968 = CARTESIAN_POINT('',(2.573413320308,19.243971607191));
#3969 = CARTESIAN_POINT('',(2.620239851429,19.198928732569));
#3970 = CARTESIAN_POINT('',(2.668922274596,19.15675351662));
#3971 = CARTESIAN_POINT('',(2.719607436776,19.118077307099));
#3972 = CARTESIAN_POINT('',(2.800990817406,19.065098748013));
#3973 = CARTESIAN_POINT('',(2.830179285853,19.047754223935));
#3974 = CARTESIAN_POINT('',(2.859976866035,19.031812833687));
#3975 = CARTESIAN_POINT('',(2.890343753343,19.017433078564));
#3976 = CARTESIAN_POINT('',(2.921243777355,19.004760830057));
#3977 = CARTESIAN_POINT('',(2.952643784531,18.993930084828));
#3978 = CARTESIAN_POINT('',(3.006533051161,18.978937509876));
#3979 = CARTESIAN_POINT('',(3.028761237313,18.973753548232));
#3980 = CARTESIAN_POINT('',(3.051155400901,18.969558601051));
#3981 = CARTESIAN_POINT('',(3.073675049179,18.966387925458));
#3982 = CARTESIAN_POINT('',(3.096280679558,18.964265363393));
#3983 = CARTESIAN_POINT('',(3.118933084028,18.963203435596));
#3984 = CARTESIAN_POINT('',(3.168901383859,18.963203435596));
#3985 = CARTESIAN_POINT('',(3.196192609102,18.964745857109));
#3986 = CARTESIAN_POINT('',(3.223400741637,18.967826901289));
#3987 = CARTESIAN_POINT('',(3.25046110714,18.972420496393));
#3988 = CARTESIAN_POINT('',(3.277308309128,18.978478027302));
#3989 = CARTESIAN_POINT('',(3.303874593456,18.985928065048));
#3990 = CARTESIAN_POINT('',(3.373795480574,19.009262122816));
#3991 = CARTESIAN_POINT('',(3.416430166493,19.027425429417));
#3992 = CARTESIAN_POINT('',(3.457981959848,19.048805740879));
#3993 = CARTESIAN_POINT('',(3.498430600033,19.07304163094));
#3994 = CARTESIAN_POINT('',(3.537747105336,19.099767814221));
#3995 = CARTESIAN_POINT('',(3.575895001723,19.128612438099));
#3996 = CARTESIAN_POINT('',(3.653389138106,19.192774379669));
#3997 = CARTESIAN_POINT('',(3.69262093659,19.228560711511));
#3998 = CARTESIAN_POINT('',(3.730617197526,19.26621231891));
#3999 = CARTESIAN_POINT('',(3.767465963379,19.30544899059));
#4000 = CARTESIAN_POINT('',(3.80325489483,19.346047274272));
#4001 = CARTESIAN_POINT('',(3.838073096978,19.387836395742));
#4002 = CARTESIAN_POINT('',(3.906975662298,19.474843594096));
#4003 = CARTESIAN_POINT('',(3.941012301355,19.520134603384));
#4004 = CARTESIAN_POINT('',(3.974196133922,19.566402105894));
#4005 = CARTESIAN_POINT('',(4.006595904389,19.613513573721));
#4006 = CARTESIAN_POINT('',(4.038279069763,19.661369840674));
#4007 = CARTESIAN_POINT('',(4.069315039099,19.709905891994));
#4008 = CARTESIAN_POINT('',(4.225488066256,19.962060804286));
#4009 = CARTESIAN_POINT('',(4.342389139619,20.177617288851));
#4010 = CARTESIAN_POINT('',(4.452736471374,20.399633997452));
#4011 = CARTESIAN_POINT('',(4.55824521122,20.625170088961));
#4012 = CARTESIAN_POINT('',(4.660642587321,20.853047844134));
#4013 = CARTESIAN_POINT('',(4.761700773664,21.083624269922));
#4014 = CARTESIAN_POINT('',(4.9366972305,21.485447856305));
#4015 = CARTESIAN_POINT('',(5.00956678016,21.65353088081));
#4016 = CARTESIAN_POINT('',(5.082894518405,21.821807195875));
#4017 = CARTESIAN_POINT('',(5.15745070945,21.99039711605));
#4018 = CARTESIAN_POINT('',(5.233957953584,22.158949818894));
#4019 = CARTESIAN_POINT('',(5.313121827233,22.326248229928));
#4020 = CARTESIAN_POINT('',(5.416158052661,22.530275701818));
#4021 = CARTESIAN_POINT('',(5.436865017421,22.570630431196));
#4022 = CARTESIAN_POINT('',(5.457836262485,22.610795732769));
#4023 = CARTESIAN_POINT('',(5.479099887898,22.650753488183));
#4024 = CARTESIAN_POINT('',(5.500682740048,22.690472415453));
#4025 = CARTESIAN_POINT('',(5.522611043625,22.729907881891));
#4026 = CARTESIAN_POINT('',(5.567150559836,22.807989553985));
#4027 = CARTESIAN_POINT('',(5.589751286073,22.846622800362));
#4028 = CARTESIAN_POINT('',(5.612764452068,22.884888884874));
#4029 = CARTESIAN_POINT('',(5.636237040059,22.922748191454));
#4030 = CARTESIAN_POINT('',(5.660213077252,22.960133730297));
#4031 = CARTESIAN_POINT('',(5.684734938319,22.996950808902));
#4032 = CARTESIAN_POINT('',(5.747363954218,23.087056558464));
#4033 = CARTESIAN_POINT('',(5.78615147281,23.139429302895));
#4034 = CARTESIAN_POINT('',(5.826499885543,23.190018630825));
#4035 = CARTESIAN_POINT('',(5.868667059454,23.23837615429));
#4036 = CARTESIAN_POINT('',(5.912881249626,23.283763629184));
#4037 = CARTESIAN_POINT('',(5.959353315407,23.325137650893));
#4038 = CARTESIAN_POINT('',(6.043982869643,23.387385905492));
#4039 = CARTESIAN_POINT('',(6.081357416485,23.411052670455));
#4040 = CARTESIAN_POINT('',(6.12007797672,23.431151985966));
#4041 = CARTESIAN_POINT('',(6.159858329996,23.446898834686));
#4042 = CARTESIAN_POINT('',(6.200451385641,23.457709613297));
#4043 = CARTESIAN_POINT('',(6.241632918903,23.463203435596));
#4044 = CARTESIAN_POINT('',(6.28318530718,23.463203435596));
#4045 = ( GEOMETRIC_REPRESENTATION_CONTEXT(2) 
PARAMETRIC_REPRESENTATION_CONTEXT() REPRESENTATION_CONTEXT('2D SPACE',''
  ) );
#4046 = FACE_BOUND('',#4047,.F.);
#4047 = EDGE_LOOP('',(#4048));
#4048 = ORIENTED_EDGE('',*,*,#2559,.F.);
#4049 = FACE_BOUND('',#4050,.F.);
#4050 = EDGE_LOOP('',(#4051));
#4051 = ORIENTED_EDGE('',*,*,#2752,.F.);
#4052 = FACE_BOUND('',#4053,.F.);
#4053 = EDGE_LOOP('',(#4054));
#4054 = ORIENTED_EDGE('',*,*,#2945,.F.);
#4055 = FACE_BOUND('',#4056,.F.);
#4056 = EDGE_LOOP('',(#4057));
#4057 = ORIENTED_EDGE('',*,*,#3138,.F.);
#4058 = FACE_BOUND('',#4059,.F.);
#4059 = EDGE_LOOP('',(#4060));
#4060 = ORIENTED_EDGE('',*,*,#4061,.F.);
#4061 = EDGE_CURVE('',#4062,#4062,#4064,.T.);
#4062 = VERTEX_POINT('',#4063);
#4063 = CARTESIAN_POINT('',(4.304E+03,-14.9248115566,948.5));
#4064 = SURFACE_CURVE('',#4065,(#4110,#4158),.PCURVE_S1.);
#4065 = B_SPLINE_CURVE_WITH_KNOTS('',7,(#4066,#4067,#4068,#4069,#4070,
    #4071,#4072,#4073,#4074,#4075,#4076,#4077,#4078,#4079,#4080,#4081,
    #4082,#4083,#4084,#4085,#4086,#4087,#4088,#4089,#4090,#4091,#4092,
    #4093,#4094,#4095,#4096,#4097,#4098,#4099,#4100,#4101,#4102,#4103,
    #4104,#4105,#4106,#4107,#4108,#4109),.UNSPECIFIED.,.T.,.F.,(8,6,6,6,
    6,6,6,8),(0.,0.152022968023,0.285982573058,0.422480313715,
    0.587693181605,0.713901180169,0.838379688849,1.),.UNSPECIFIED.);
#4066 = CARTESIAN_POINT('',(4.304E+03,-14.92481155659,948.5));
#4067 = CARTESIAN_POINT('',(4.304179736365E+03,-14.92481155659,948.5));
#4068 = CARTESIAN_POINT('',(4.304359448087E+03,-14.92733663917,
    948.52512538127));
#4069 = CARTESIAN_POINT('',(4.304536781495E+03,-14.93238698418,
    948.5753698375));
#4070 = CARTESIAN_POINT('',(4.304709104292E+03,-14.93975533256,
    948.65137724571));
#4071 = CARTESIAN_POINT('',(4.304873071586E+03,-14.94901051778,
    948.75414681215));
#4072 = CARTESIAN_POINT('',(4.305024171373E+03,-14.9593352818,
    948.88478876559));
#4073 = CARTESIAN_POINT('',(4.305271731828E+03,-14.97844901269,
    949.18403795033));
#4074 = CARTESIAN_POINT('',(4.305376289801E+03,-14.98756256904,
    949.35080852196));
#4075 = CARTESIAN_POINT('',(4.305457887503E+03,-14.99557994057,
    949.54078864977));
#4076 = CARTESIAN_POINT('',(4.305508608349E+03,-15.00092535826,
    949.74713369696));
#4077 = CARTESIAN_POINT('',(4.305524233135E+03,-15.00247827064,
    949.96084482469));
#4078 = CARTESIAN_POINT('',(4.305504402578E+03,-15.00035322657,
    950.17234716019));
#4079 = CARTESIAN_POINT('',(4.305400370607E+03,-14.99027374767,
    950.57752493506));
#4080 = CARTESIAN_POINT('',(4.305316675368E+03,-14.9823769611,
    950.7640973375));
#4081 = CARTESIAN_POINT('',(4.30520851787E+03,-14.972778301,
    950.92933684528));
#4082 = CARTESIAN_POINT('',(4.305081672184E+03,-14.96273005304,
    951.07155212109));
#4083 = CARTESIAN_POINT('',(4.304941341256E+03,-14.95324930767,
    951.19004877345));
#4084 = CARTESIAN_POINT('',(4.304792251613E+03,-14.94503657054,
    951.28497005715));
#4085 = CARTESIAN_POINT('',(4.304452776964E+03,-14.93052290832,
    951.44471470149));
#4086 = CARTESIAN_POINT('',(4.304257113211E+03,-14.92485132907,
    951.50050756899));
#4087 = CARTESIAN_POINT('',(4.30405608039E+03,-14.92216063136,
    951.52548982498));
#4088 = CARTESIAN_POINT('',(4.303853311957E+03,-14.92277541417,
    951.51968174564));
#4089 = CARTESIAN_POINT('',(4.303652730987E+03,-14.92670995664,
    951.48272059248));
#4090 = CARTESIAN_POINT('',(4.303458922493E+03,-14.93351534188,
    951.41426962876));
#4091 = CARTESIAN_POINT('',(4.303138679073E+03,-14.94900276589,
    951.23821431891));
#4092 = CARTESIAN_POINT('',(4.303004772034E+03,-14.95697696365,
    951.14236638164));
#4093 = CARTESIAN_POINT('',(4.302879362202E+03,-14.96585004683,
    951.02630108809));
#4094 = CARTESIAN_POINT('',(4.302766440615E+03,-14.97500754946,
    950.89010130668));
#4095 = CARTESIAN_POINT('',(4.302670272925E+03,-14.98360914692,
    950.73455721125));
#4096 = CARTESIAN_POINT('',(4.30259545319E+03,-14.99067837282,
    950.56125969738));
#4097 = CARTESIAN_POINT('',(4.302499459588E+03,-14.999979028,
    950.18738930144));
#4098 = CARTESIAN_POINT('',(4.302478740754E+03,-15.00216090582,
    949.99180370125));
#4099 = CARTESIAN_POINT('',(4.302488412512E+03,-15.00122094328,
    949.79336478458));
#4100 = CARTESIAN_POINT('',(4.302528584702E+03,-14.99700155872,
    949.60005020743));
#4101 = CARTESIAN_POINT('',(4.302596218496E+03,-14.99027736721,
    949.41945529368));
#4102 = CARTESIAN_POINT('',(4.302685215847E+03,-14.98227190361,
    949.25769271245));
#4103 = CARTESIAN_POINT('',(4.302917946652E+03,-14.96341097633,
    948.93736624006));
#4104 = CARTESIAN_POINT('',(4.303074131865E+03,-14.95209095163,
    948.78859663773));
#4105 = CARTESIAN_POINT('',(4.303246327444E+03,-14.9417231284,
    948.67172940647));
#4106 = CARTESIAN_POINT('',(4.303428814439E+03,-14.93339819082,
    948.58542540531));
#4107 = CARTESIAN_POINT('',(4.303617318856E+03,-14.92767301342,
    948.52847373463));
#4108 = CARTESIAN_POINT('',(4.303808666371E+03,-14.92481155659,948.5));
#4109 = CARTESIAN_POINT('',(4.304E+03,-14.92481155659,948.5));
#4110 = PCURVE('',#1945,#4111);
#4111 = DEFINITIONAL_REPRESENTATION('',(#4112),#4157);
#4112 = B_SPLINE_CURVE_WITH_KNOTS('',7,(#4113,#4114,#4115,#4116,#4117,
    #4118,#4119,#4120,#4121,#4122,#4123,#4124,#4125,#4126,#4127,#4128,
    #4129,#4130,#4131,#4132,#4133,#4134,#4135,#4136,#4137,#4138,#4139,
    #4140,#4141,#4142,#4143,#4144,#4145,#4146,#4147,#4148,#4149,#4150,
    #4151,#4152,#4153,#4154,#4155,#4156),.UNSPECIFIED.,.T.,.F.,(8,6,6,6,
    6,6,6,8),(0.,0.152022968023,0.285982573058,0.422480313715,
    0.587693181605,0.713901180169,0.838379688849,1.),.UNSPECIFIED.);
#4113 = CARTESIAN_POINT('',(4.812556401546,19.01));
#4114 = CARTESIAN_POINT('',(4.812556401546,19.189736364958));
#4115 = CARTESIAN_POINT('',(4.810872937846,19.369448087427));
#4116 = CARTESIAN_POINT('',(4.80750643116,19.546781494841));
#4117 = CARTESIAN_POINT('',(4.802415543907,19.719104291645));
#4118 = CARTESIAN_POINT('',(4.795536876807,19.883071585551));
#4119 = CARTESIAN_POINT('',(4.786801250809,20.034171372721));
#4120 = CARTESIAN_POINT('',(4.766810651988,20.28173182811));
#4121 = CARTESIAN_POINT('',(4.755676513193,20.386289800687));
#4122 = CARTESIAN_POINT('',(4.743001419263,20.467887502569));
#4123 = CARTESIAN_POINT('',(4.729244329095,20.518608349179));
#4124 = CARTESIAN_POINT('',(4.715000081138,20.534233134747));
#4125 = CARTESIAN_POINT('',(4.700900744759,20.514402577555));
#4126 = CARTESIAN_POINT('',(4.67388053626,20.410370606777));
#4127 = CARTESIAN_POINT('',(4.661433133842,20.326675368267));
#4128 = CARTESIAN_POINT('',(4.650400499878,20.218517869873));
#4129 = CARTESIAN_POINT('',(4.640896632333,20.091672184317));
#4130 = CARTESIAN_POINT('',(4.632971904376,19.951341255589));
#4131 = CARTESIAN_POINT('',(4.626620232198,19.802251613357));
#4132 = CARTESIAN_POINT('',(4.615926724763,19.462776964048));
#4133 = CARTESIAN_POINT('',(4.612188244804,19.267113211072));
#4134 = CARTESIAN_POINT('',(4.610513039706,19.066080389906));
#4135 = CARTESIAN_POINT('',(4.610902427472,18.863311957149));
#4136 = CARTESIAN_POINT('',(4.613380498294,18.662730987333));
#4137 = CARTESIAN_POINT('',(4.617966098049,18.468922493077));
#4138 = CARTESIAN_POINT('',(4.629748445,18.148679073326));
#4139 = CARTESIAN_POINT('',(4.636160313231,18.014772034236));
#4140 = CARTESIAN_POINT('',(4.643920277598,17.889362201903));
#4141 = CARTESIAN_POINT('',(4.653020009083,17.776440615049));
#4142 = CARTESIAN_POINT('',(4.6634039077,17.68027292453));
#4143 = CARTESIAN_POINT('',(4.674965220911,17.605453189997));
#4144 = CARTESIAN_POINT('',(4.699897625096,17.509459587885));
#4145 = CARTESIAN_POINT('',(4.712936259962,17.488740753515));
#4146 = CARTESIAN_POINT('',(4.726162918506,17.498412512367));
#4147 = CARTESIAN_POINT('',(4.739050485186,17.538584702281));
#4148 = CARTESIAN_POINT('',(4.751097052509,17.606218496004));
#4149 = CARTESIAN_POINT('',(4.761893939257,17.695215846998));
#4150 = CARTESIAN_POINT('',(4.783286023306,17.927946652041));
#4151 = CARTESIAN_POINT('',(4.793231205075,18.084131865431));
#4152 = CARTESIAN_POINT('',(4.801052407354,18.256327444465));
#4153 = CARTESIAN_POINT('',(4.806832683442,18.438814439492));
#4154 = CARTESIAN_POINT('',(4.810648589518,18.627318856084));
#4155 = CARTESIAN_POINT('',(4.812556401546,18.818666371358));
#4156 = CARTESIAN_POINT('',(4.812556401546,19.01));
#4157 = ( GEOMETRIC_REPRESENTATION_CONTEXT(2) 
PARAMETRIC_REPRESENTATION_CONTEXT() REPRESENTATION_CONTEXT('2D SPACE',''
  ) );
#4158 = PCURVE('',#4159,#4164);
#4159 = CYLINDRICAL_SURFACE('',#4160,1.5);
#4160 = AXIS2_PLACEMENT_3D('',#4161,#4162,#4163);
#4161 = CARTESIAN_POINT('',(4.304E+03,-14.,950.));
#4162 = DIRECTION('',(0.,-1.,1.224646799147E-16));
#4163 = DIRECTION('',(0.,-1.224646799147E-16,-1.));
#4164 = DEFINITIONAL_REPRESENTATION('',(#4165),#4210);
#4165 = B_SPLINE_CURVE_WITH_KNOTS('',7,(#4166,#4167,#4168,#4169,#4170,
    #4171,#4172,#4173,#4174,#4175,#4176,#4177,#4178,#4179,#4180,#4181,
    #4182,#4183,#4184,#4185,#4186,#4187,#4188,#4189,#4190,#4191,#4192,
    #4193,#4194,#4195,#4196,#4197,#4198,#4199,#4200,#4201,#4202,#4203,
    #4204,#4205,#4206,#4207,#4208,#4209),.UNSPECIFIED.,.F.,.F.,(8,6,6,6,
    6,6,6,8),(0.,0.152022968023,0.285982573058,0.422480313715,
    0.587693181605,0.713901180169,0.838379688849,1.),.UNSPECIFIED.);
#4166 = CARTESIAN_POINT('',(0.,0.924811556599));
#4167 = CARTESIAN_POINT('',(0.119824243305,0.924811556599));
#4168 = CARTESIAN_POINT('',(0.239631422952,0.927336639174));
#4169 = CARTESIAN_POINT('',(0.360666624066,0.932386984185));
#4170 = CARTESIAN_POINT('',(0.483969435492,0.939755332564));
#4171 = CARTESIAN_POINT('',(0.610692308523,0.949010517788));
#4172 = CARTESIAN_POINT('',(0.742010194995,0.959335281807));
#4173 = CARTESIAN_POINT('',(1.000927816934,0.978449012694));
#4174 = CARTESIAN_POINT('',(1.131026834151,0.987562569044));
#4175 = CARTESIAN_POINT('',(1.266196478679,0.995579940574));
#4176 = CARTESIAN_POINT('',(1.404417055972,1.000925358269));
#4177 = CARTESIAN_POINT('',(1.544133652094,1.002478270644));
#4178 = CARTESIAN_POINT('',(1.683992305728,1.000353226574));
#4179 = CARTESIAN_POINT('',(1.962872351782,0.99027374767));
#4180 = CARTESIAN_POINT('',(2.097223082446,0.982376961107));
#4181 = CARTESIAN_POINT('',(2.226403561619,0.972778301004));
#4182 = CARTESIAN_POINT('',(2.351079400832,0.962730053047));
#4183 = CARTESIAN_POINT('',(2.471735069401,0.953249307675));
#4184 = CARTESIAN_POINT('',(2.58861164775,0.945036570549));
#4185 = CARTESIAN_POINT('',(2.838732852963,0.930522908329));
#4186 = CARTESIAN_POINT('',(2.972598182832,0.924851329074));
#4187 = CARTESIAN_POINT('',(3.105149409283,0.922160631367));
#4188 = CARTESIAN_POINT('',(3.237562533543,0.922775414178));
#4189 = CARTESIAN_POINT('',(3.370920145837,0.92670995664));
#4190 = CARTESIAN_POINT('',(3.506127640772,0.933515341886));
#4191 = CARTESIAN_POINT('',(3.749758800992,0.949002765896));
#4192 = CARTESIAN_POINT('',(3.8587709357,0.956976963658));
#4193 = CARTESIAN_POINT('',(3.971232800549,0.965850046835));
#4194 = CARTESIAN_POINT('',(4.087269581052,0.97500754946));
#4195 = CARTESIAN_POINT('',(4.207201154128,0.983609146921));
#4196 = CARTESIAN_POINT('',(4.331508165289,0.990678372825));
#4197 = CARTESIAN_POINT('',(4.588839637312,0.999979028));
#4198 = CARTESIAN_POINT('',(4.718568021623,1.002160905825));
#4199 = CARTESIAN_POINT('',(4.848511365096,1.001220943281));
#4200 = CARTESIAN_POINT('',(4.977363103168,0.997001558726));
#4201 = CARTESIAN_POINT('',(5.103739216795,0.990277367217));
#4202 = CARTESIAN_POINT('',(5.225859828161,0.982271903619));
#4203 = CARTESIAN_POINT('',(5.489823358079,0.963410976338));
#4204 = CARTESIAN_POINT('',(5.631265008049,0.952090951635));
#4205 = CARTESIAN_POINT('',(5.767180403011,0.941723128408));
#4206 = CARTESIAN_POINT('',(5.899002377821,0.933398190825));
#4207 = CARTESIAN_POINT('',(6.028065272377,0.927673013424));
#4208 = CARTESIAN_POINT('',(6.155629554751,0.924811556599));
#4209 = CARTESIAN_POINT('',(6.28318530718,0.924811556599));
#4210 = ( GEOMETRIC_REPRESENTATION_CONTEXT(2) 
PARAMETRIC_REPRESENTATION_CONTEXT() REPRESENTATION_CONTEXT('2D SPACE',''
  ) );
#4211 = FACE_BOUND('',#4212,.F.);
#4212 = EDGE_LOOP('',(#4213));
#4213 = ORIENTED_EDGE('',*,*,#3386,.F.);
#4214 = ADVANCED_FACE('',(#4215,#4264),#2140,.F.);
#4215 = FACE_BOUND('',#4216,.F.);
#4216 = EDGE_LOOP('',(#4217,#4218,#4241,#4263));
#4217 = ORIENTED_EDGE('',*,*,#2123,.T.);
#4218 = ORIENTED_EDGE('',*,*,#4219,.T.);
#4219 = EDGE_CURVE('',#2124,#4220,#4222,.T.);
#4220 = VERTEX_POINT('',#4221);
#4221 = CARTESIAN_POINT('',(4.285E+03,-4.305858145802E-15,932.42));
#4222 = SEAM_CURVE('',#4223,(#4227,#4234),.PCURVE_S1.);
#4223 = LINE('',#4224,#4225);
#4224 = CARTESIAN_POINT('',(4.224E+03,-4.305858145802E-15,932.42));
#4225 = VECTOR('',#4226,1.);
#4226 = DIRECTION('',(1.,0.,2.22044604925E-16));
#4227 = PCURVE('',#2140,#4228);
#4228 = DEFINITIONAL_REPRESENTATION('',(#4229),#4233);
#4229 = LINE('',#4230,#4231);
#4230 = CARTESIAN_POINT('',(0.,-0.));
#4231 = VECTOR('',#4232,1.);
#4232 = DIRECTION('',(0.,1.));
#4233 = ( GEOMETRIC_REPRESENTATION_CONTEXT(2) 
PARAMETRIC_REPRESENTATION_CONTEXT() REPRESENTATION_CONTEXT('2D SPACE',''
  ) );
#4234 = PCURVE('',#2140,#4235);
#4235 = DEFINITIONAL_REPRESENTATION('',(#4236),#4240);
#4236 = LINE('',#4237,#4238);
#4237 = CARTESIAN_POINT('',(6.28318530718,-0.));
#4238 = VECTOR('',#4239,1.);
#4239 = DIRECTION('',(0.,1.));
#4240 = ( GEOMETRIC_REPRESENTATION_CONTEXT(2) 
PARAMETRIC_REPRESENTATION_CONTEXT() REPRESENTATION_CONTEXT('2D SPACE',''
  ) );
#4241 = ORIENTED_EDGE('',*,*,#4242,.F.);
#4242 = EDGE_CURVE('',#4220,#4220,#4243,.T.);
#4243 = SURFACE_CURVE('',#4244,(#4249,#4256),.PCURVE_S1.);
#4244 = CIRCLE('',#4245,17.58);
#4245 = AXIS2_PLACEMENT_3D('',#4246,#4247,#4248);
#4246 = CARTESIAN_POINT('',(4.285E+03,0.,950.));
#4247 = DIRECTION('',(1.,-0.,2.22044604925E-16));
#4248 = DIRECTION('',(2.22044604925E-16,0.,-1.));
#4249 = PCURVE('',#2140,#4250);
#4250 = DEFINITIONAL_REPRESENTATION('',(#4251),#4255);
#4251 = LINE('',#4252,#4253);
#4252 = CARTESIAN_POINT('',(0.,61.));
#4253 = VECTOR('',#4254,1.);
#4254 = DIRECTION('',(1.,0.));
#4255 = ( GEOMETRIC_REPRESENTATION_CONTEXT(2) 
PARAMETRIC_REPRESENTATION_CONTEXT() REPRESENTATION_CONTEXT('2D SPACE',''
  ) );
#4256 = PCURVE('',#3593,#4257);
#4257 = DEFINITIONAL_REPRESENTATION('',(#4258),#4262);
#4258 = CIRCLE('',#4259,17.58);
#4259 = AXIS2_PLACEMENT_2D('',#4260,#4261);
#4260 = CARTESIAN_POINT('',(0.,0.));
#4261 = DIRECTION('',(1.,0.));
#4262 = ( GEOMETRIC_REPRESENTATION_CONTEXT(2) 
PARAMETRIC_REPRESENTATION_CONTEXT() REPRESENTATION_CONTEXT('2D SPACE',''
  ) );
#4263 = ORIENTED_EDGE('',*,*,#4219,.F.);
#4264 = FACE_BOUND('',#4265,.F.);
#4265 = EDGE_LOOP('',(#4266));
#4266 = ORIENTED_EDGE('',*,*,#4267,.F.);
#4267 = EDGE_CURVE('',#4268,#4268,#4270,.T.);
#4268 = VERTEX_POINT('',#4269);
#4269 = CARTESIAN_POINT('',(4.255E+03,17.058543314132,954.25));
#4270 = SURFACE_CURVE('',#4271,(#4330,#4392),.PCURVE_S1.);
#4271 = B_SPLINE_CURVE_WITH_KNOTS('',8,(#4272,#4273,#4274,#4275,#4276,
    #4277,#4278,#4279,#4280,#4281,#4282,#4283,#4284,#4285,#4286,#4287,
    #4288,#4289,#4290,#4291,#4292,#4293,#4294,#4295,#4296,#4297,#4298,
    #4299,#4300,#4301,#4302,#4303,#4304,#4305,#4306,#4307,#4308,#4309,
    #4310,#4311,#4312,#4313,#4314,#4315,#4316,#4317,#4318,#4319,#4320,
    #4321,#4322,#4323,#4324,#4325,#4326,#4327,#4328,#4329),
  .UNSPECIFIED.,.T.,.F.,(9,7,7,7,7,7,7,7,9),(0.,0.176337061346,
    0.247131163106,0.322818299345,0.499505443189,0.676191685552,
    0.747125972797,0.822962983638,1.),.UNSPECIFIED.);
#4272 = CARTESIAN_POINT('',(4.255E+03,17.058543314129,954.25));
#4273 = CARTESIAN_POINT('',(4.255512771652E+03,17.058543314129,954.25));
#4274 = CARTESIAN_POINT('',(4.256023190112E+03,17.076159631376,
    954.17929569943));
#4275 = CARTESIAN_POINT('',(4.256526958856E+03,17.111104149444,
    954.03901519133));
#4276 = CARTESIAN_POINT('',(4.257019040842E+03,17.16218543622,
    953.8270524067));
#4277 = CARTESIAN_POINT('',(4.257492056445E+03,17.227030178931,
    953.53922538862));
#4278 = CARTESIAN_POINT('',(4.257934761925E+03,17.301401133893,
    953.17028427226));
#4279 = CARTESIAN_POINT('',(4.258330772351E+03,17.377800774076,
    952.71468419145));
#4280 = CARTESIAN_POINT('',(4.258783975653E+03,17.472728932988,
    951.95158131481));
#4281 = CARTESIAN_POINT('',(4.258903051828E+03,17.498725822661,
    951.71704051037));
#4282 = CARTESIAN_POINT('',(4.25900823403E+03,17.522557791567,
    951.46800019499));
#4283 = CARTESIAN_POINT('',(4.259096860034E+03,17.543246333358,
    951.20627863895));
#4284 = CARTESIAN_POINT('',(4.259166744291E+03,17.559906157287,
    950.9340078335));
#4285 = CARTESIAN_POINT('',(4.25921617787E+03,17.571826959516,
    950.65356770926));
#4286 = CARTESIAN_POINT('',(4.259243933299E+03,17.578533584751,
    950.36751908487));
#4287 = CARTESIAN_POINT('',(4.259254984481E+03,17.581204800437,
    949.76957808741));
#4288 = CARTESIAN_POINT('',(4.259234983922E+03,17.576372325621,
    949.46220006876));
#4289 = CARTESIAN_POINT('',(4.259189806495E+03,17.565425182139,
    949.15982158447));
#4290 = CARTESIAN_POINT('',(4.259120701666E+03,17.548832110444,
    948.8657696601));
#4291 = CARTESIAN_POINT('',(4.259029611145E+03,17.527412432853,
    948.58316216509));
#4292 = CARTESIAN_POINT('',(4.258919161913E+03,17.50224687072,
    948.3147981918));
#4293 = CARTESIAN_POINT('',(4.258792669994E+03,17.474550053405,
    948.06305820042));
#4294 = CARTESIAN_POINT('',(4.258330781159E+03,17.377802619144,
    947.28533064057));
#4295 = CARTESIAN_POINT('',(4.257934769952E+03,17.301402450209,
    946.82971775037));
#4296 = CARTESIAN_POINT('',(4.257492052817E+03,17.22702891398,
    946.46076858252));
#4297 = CARTESIAN_POINT('',(4.257019030182E+03,17.162183804972,
    946.17294072421));
#4298 = CARTESIAN_POINT('',(4.256526946061E+03,17.1111032902,
    945.96098151911));
#4299 = CARTESIAN_POINT('',(4.256023184244E+03,17.076159822111,
    945.8207050383));
#4300 = CARTESIAN_POINT('',(4.255512774266E+03,17.058543314129,945.75));
#4301 = CARTESIAN_POINT('',(4.254487228351E+03,17.058543314129,945.75));
#4302 = CARTESIAN_POINT('',(4.253976809878E+03,17.076159631772,
    945.8207043031));
#4303 = CARTESIAN_POINT('',(4.253473041166E+03,17.111104147932,
    945.96098479873));
#4304 = CARTESIAN_POINT('',(4.25298095913E+03,17.162185438825,
    946.17294761093));
#4305 = CARTESIAN_POINT('',(4.252507943576E+03,17.227030176451,
    946.46077459385));
#4306 = CARTESIAN_POINT('',(4.252065238067E+03,17.301401135208,
    946.82971573755));
#4307 = CARTESIAN_POINT('',(4.251669227651E+03,17.377800773751,
    947.28531580593));
#4308 = CARTESIAN_POINT('',(4.251216024347E+03,17.472728932988,
    948.04841868518));
#4309 = CARTESIAN_POINT('',(4.251096948172E+03,17.498725822661,
    948.28295948962));
#4310 = CARTESIAN_POINT('',(4.25099176597E+03,17.522557791567,
    948.531999805));
#4311 = CARTESIAN_POINT('',(4.250903139966E+03,17.543246333358,
    948.79372136104));
#4312 = CARTESIAN_POINT('',(4.250833255709E+03,17.559906157287,
    949.06599216649));
#4313 = CARTESIAN_POINT('',(4.25078382213E+03,17.571826959516,
    949.34643229073));
#4314 = CARTESIAN_POINT('',(4.250756066701E+03,17.578533584751,
    949.63248091512));
#4315 = CARTESIAN_POINT('',(4.250745015519E+03,17.581204800437,
    950.23042191259));
#4316 = CARTESIAN_POINT('',(4.250765016078E+03,17.576372325621,
    950.53779993123));
#4317 = CARTESIAN_POINT('',(4.250810193505E+03,17.565425182139,
    950.84017841552));
#4318 = CARTESIAN_POINT('',(4.250879298334E+03,17.548832110444,
    951.13423033989));
#4319 = CARTESIAN_POINT('',(4.250970388855E+03,17.527412432853,
    951.4168378349));
#4320 = CARTESIAN_POINT('',(4.251080838087E+03,17.50224687072,
    951.68520180819));
#4321 = CARTESIAN_POINT('',(4.251207330006E+03,17.474550053405,
    951.93694179957));
#4322 = CARTESIAN_POINT('',(4.251669218839E+03,17.37780261948,
    952.71466935672));
#4323 = CARTESIAN_POINT('',(4.252065230056E+03,17.301402448853,
    953.17028225975));
#4324 = CARTESIAN_POINT('',(4.252507947163E+03,17.227028916534,
    953.53923139944));
#4325 = CARTESIAN_POINT('',(4.252980969845E+03,17.162183802298,
    953.82705929388));
#4326 = CARTESIAN_POINT('',(4.253473053917E+03,17.111103291744,
    954.03901847074));
#4327 = CARTESIAN_POINT('',(4.253976815766E+03,17.076159821709,
    954.17929496429));
#4328 = CARTESIAN_POINT('',(4.254487225732E+03,17.058543314129,954.25));
#4329 = CARTESIAN_POINT('',(4.255E+03,17.058543314129,954.25));
#4330 = PCURVE('',#2140,#4331);
#4331 = DEFINITIONAL_REPRESENTATION('',(#4332),#4391);
#4332 = B_SPLINE_CURVE_WITH_KNOTS('',8,(#4333,#4334,#4335,#4336,#4337,
    #4338,#4339,#4340,#4341,#4342,#4343,#4344,#4345,#4346,#4347,#4348,
    #4349,#4350,#4351,#4352,#4353,#4354,#4355,#4356,#4357,#4358,#4359,
    #4360,#4361,#4362,#4363,#4364,#4365,#4366,#4367,#4368,#4369,#4370,
    #4371,#4372,#4373,#4374,#4375,#4376,#4377,#4378,#4379,#4380,#4381,
    #4382,#4383,#4384,#4385,#4386,#4387,#4388,#4389,#4390),
  .UNSPECIFIED.,.T.,.F.,(9,7,7,7,7,7,7,7,9),(0.,0.176337061346,
    0.247131163106,0.322818299345,0.499505443189,0.676191685552,
    0.747125972797,0.822962983638,1.),.UNSPECIFIED.);
#4333 = CARTESIAN_POINT('',(1.814967319795,31.));
#4334 = CARTESIAN_POINT('',(1.814967319795,31.512771651871));
#4335 = CARTESIAN_POINT('',(1.810822526307,32.023190111521));
#4336 = CARTESIAN_POINT('',(1.802598998285,32.526958856387));
#4337 = CARTESIAN_POINT('',(1.790197503762,33.01904084209));
#4338 = CARTESIAN_POINT('',(1.773418294558,33.492056444518));
#4339 = CARTESIAN_POINT('',(1.752023701137,33.934761924517));
#4340 = CARTESIAN_POINT('',(1.725769652093,34.330772350548));
#4341 = CARTESIAN_POINT('',(1.682027636938,34.78397565334));
#4342 = CARTESIAN_POINT('',(1.668605783213,34.903051827511));
#4343 = CARTESIAN_POINT('',(1.654377687901,35.008234029894));
#4344 = CARTESIAN_POINT('',(1.639448038332,35.0968600344));
#4345 = CARTESIAN_POINT('',(1.6239366745,35.166744291427));
#4346 = CARTESIAN_POINT('',(1.607974829026,35.21617786981));
#4347 = CARTESIAN_POINT('',(1.591702028146,35.243933299427));
#4348 = CARTESIAN_POINT('',(1.557689117789,35.254984481274));
#4349 = CARTESIAN_POINT('',(1.540205988114,35.234983921809));
#4350 = CARTESIAN_POINT('',(1.523000542064,35.18980649484));
#4351 = CARTESIAN_POINT('',(1.506253946137,35.120701665628));
#4352 = CARTESIAN_POINT('',(1.490137714946,35.029611145282));
#4353 = CARTESIAN_POINT('',(1.474808808665,34.919161913013));
#4354 = CARTESIAN_POINT('',(1.460404172049,34.792669994382));
#4355 = CARTESIAN_POINT('',(1.415823851687,34.330781159219));
#4356 = CARTESIAN_POINT('',(1.389569076082,33.93476995232));
#4357 = CARTESIAN_POINT('',(1.368174012477,33.492052816844));
#4358 = CARTESIAN_POINT('',(1.351394746285,33.01903018249));
#4359 = CARTESIAN_POINT('',(1.338993462665,32.526946061099));
#4360 = CARTESIAN_POINT('',(1.330770170489,32.02318424425));
#4361 = CARTESIAN_POINT('',(1.326625333795,31.512774265682));
#4362 = CARTESIAN_POINT('',(1.326625333795,30.487228350558));
#4363 = CARTESIAN_POINT('',(1.330770127429,29.97680987772));
#4364 = CARTESIAN_POINT('',(1.338993654733,29.473041166272));
#4365 = CARTESIAN_POINT('',(1.351395150843,28.980959130295));
#4366 = CARTESIAN_POINT('',(1.368174358025,28.507943575658));
#4367 = CARTESIAN_POINT('',(1.389568953016,28.065238067121));
#4368 = CARTESIAN_POINT('',(1.415823001347,27.669227651007));
#4369 = CARTESIAN_POINT('',(1.459565016652,27.216024346659));
#4370 = CARTESIAN_POINT('',(1.472986870376,27.096948172489));
#4371 = CARTESIAN_POINT('',(1.487214965689,26.991765970106));
#4372 = CARTESIAN_POINT('',(1.502144615258,26.9031399656));
#4373 = CARTESIAN_POINT('',(1.51765597909,26.833255708573));
#4374 = CARTESIAN_POINT('',(1.533617824564,26.783822130189));
#4375 = CARTESIAN_POINT('',(1.549890625444,26.756066700573));
#4376 = CARTESIAN_POINT('',(1.583903535801,26.745015518726));
#4377 = CARTESIAN_POINT('',(1.601386665476,26.76501607819));
#4378 = CARTESIAN_POINT('',(1.618592111526,26.810193505161));
#4379 = CARTESIAN_POINT('',(1.635338707452,26.879298334372));
#4380 = CARTESIAN_POINT('',(1.651454938644,26.970388854717));
#4381 = CARTESIAN_POINT('',(1.666783844925,27.080838086988));
#4382 = CARTESIAN_POINT('',(1.68118848154,27.207330005618));
#4383 = CARTESIAN_POINT('',(1.725768801748,27.669218839177));
#4384 = CARTESIAN_POINT('',(1.752023578089,28.065230056185));
#4385 = CARTESIAN_POINT('',(1.773418640077,28.507947162923));
#4386 = CARTESIAN_POINT('',(1.790197908346,28.980969844728));
#4387 = CARTESIAN_POINT('',(1.802599190341,29.473053917091));
#4388 = CARTESIAN_POINT('',(1.81082248325,29.976815765733));
#4389 = CARTESIAN_POINT('',(1.814967319795,30.487225732208));
#4390 = CARTESIAN_POINT('',(1.814967319795,31.));
#4391 = ( GEOMETRIC_REPRESENTATION_CONTEXT(2) 
PARAMETRIC_REPRESENTATION_CONTEXT() REPRESENTATION_CONTEXT('2D SPACE',''
  ) );
#4392 = PCURVE('',#4393,#4398);
#4393 = CYLINDRICAL_SURFACE('',#4394,4.25);
#4394 = AXIS2_PLACEMENT_3D('',#4395,#4396,#4397);
#4395 = CARTESIAN_POINT('',(4.255E+03,0.,950.));
#4396 = DIRECTION('',(0.,1.,0.));
#4397 = DIRECTION('',(0.,-0.,1.));
#4398 = DEFINITIONAL_REPRESENTATION('',(#4399),#4458);
#4399 = B_SPLINE_CURVE_WITH_KNOTS('',8,(#4400,#4401,#4402,#4403,#4404,
    #4405,#4406,#4407,#4408,#4409,#4410,#4411,#4412,#4413,#4414,#4415,
    #4416,#4417,#4418,#4419,#4420,#4421,#4422,#4423,#4424,#4425,#4426,
    #4427,#4428,#4429,#4430,#4431,#4432,#4433,#4434,#4435,#4436,#4437,
    #4438,#4439,#4440,#4441,#4442,#4443,#4444,#4445,#4446,#4447,#4448,
    #4449,#4450,#4451,#4452,#4453,#4454,#4455,#4456,#4457),
  .UNSPECIFIED.,.F.,.F.,(9,7,7,7,7,7,7,7,9),(0.,0.176337061346,
    0.247131163106,0.322818299345,0.499505443189,0.676191685552,
    0.747125972797,0.822962983638,1.),.UNSPECIFIED.);
#4400 = CARTESIAN_POINT('',(0.,17.058543314129));
#4401 = CARTESIAN_POINT('',(0.120652153381,17.058543314129));
#4402 = CARTESIAN_POINT('',(0.240751226538,17.076159631376));
#4403 = CARTESIAN_POINT('',(0.361957845164,17.111104149444));
#4404 = CARTESIAN_POINT('',(0.485677883457,17.16218543622));
#4405 = CARTESIAN_POINT('',(0.613251364399,17.227030178931));
#4406 = CARTESIAN_POINT('',(0.746116991457,17.301401133893));
#4407 = CARTESIAN_POINT('',(0.885868449426,17.377800774076));
#4408 = CARTESIAN_POINT('',(1.094700327833,17.472728932988));
#4409 = CARTESIAN_POINT('',(1.156456103043,17.498725822661));
#4410 = CARTESIAN_POINT('',(1.219802167539,17.522557791567));
#4411 = CARTESIAN_POINT('',(1.284465610947,17.543246333358));
#4412 = CARTESIAN_POINT('',(1.350224879009,17.559906157287));
#4413 = CARTESIAN_POINT('',(1.416893867816,17.571826959516));
#4414 = CARTESIAN_POINT('',(1.484308583875,17.578533584751));
#4415 = CARTESIAN_POINT('',(1.625024610476,17.581204800437));
#4416 = CARTESIAN_POINT('',(1.697249507865,17.576372325621));
#4417 = CARTESIAN_POINT('',(1.768774638188,17.565425182139));
#4418 = CARTESIAN_POINT('',(1.839375276083,17.548832110444));
#4419 = CARTESIAN_POINT('',(1.908801688732,17.527412432853));
#4420 = CARTESIAN_POINT('',(1.976759736931,17.50224687072));
#4421 = CARTESIAN_POINT('',(2.042886054046,17.474550053405));
#4422 = CARTESIAN_POINT('',(2.25572014521,17.377802619144));
#4423 = CARTESIAN_POINT('',(2.395474279066,17.301402450209));
#4424 = CARTESIAN_POINT('',(2.528342584503,17.22702891398));
#4425 = CARTESIAN_POINT('',(2.655917684958,17.162183804972));
#4426 = CARTESIAN_POINT('',(2.779637742733,17.1111032902));
#4427 = CARTESIAN_POINT('',(2.900842815823,17.076159822111));
#4428 = CARTESIAN_POINT('',(3.020939885194,17.058543314129));
#4429 = CARTESIAN_POINT('',(3.2622448064,17.058543314129));
#4430 = CARTESIAN_POINT('',(3.382343882934,17.076159631772));
#4431 = CARTESIAN_POINT('',(3.503550492321,17.111104147932));
#4432 = CARTESIAN_POINT('',(3.627270545575,17.162185438825));
#4433 = CARTESIAN_POINT('',(3.754844011132,17.227030176451));
#4434 = CARTESIAN_POINT('',(3.887709648257,17.301401135208));
#4435 = CARTESIAN_POINT('',(4.027461102299,17.377800773751));
#4436 = CARTESIAN_POINT('',(4.236292981423,17.472728932988));
#4437 = CARTESIAN_POINT('',(4.298048756633,17.498725822661));
#4438 = CARTESIAN_POINT('',(4.361394821129,17.522557791567));
#4439 = CARTESIAN_POINT('',(4.426058264537,17.543246333358));
#4440 = CARTESIAN_POINT('',(4.491817532599,17.559906157287));
#4441 = CARTESIAN_POINT('',(4.558486521406,17.571826959516));
#4442 = CARTESIAN_POINT('',(4.625901237465,17.578533584751));
#4443 = CARTESIAN_POINT('',(4.766617264066,17.581204800437));
#4444 = CARTESIAN_POINT('',(4.838842161455,17.576372325621));
#4445 = CARTESIAN_POINT('',(4.910367291778,17.565425182139));
#4446 = CARTESIAN_POINT('',(4.980967929673,17.548832110444));
#4447 = CARTESIAN_POINT('',(5.050394342321,17.527412432853));
#4448 = CARTESIAN_POINT('',(5.118352390521,17.50224687072));
#4449 = CARTESIAN_POINT('',(5.184478707636,17.474550053405));
#4450 = CARTESIAN_POINT('',(5.397312798061,17.37780261948));
#4451 = CARTESIAN_POINT('',(5.537066935938,17.301402448853));
#4452 = CARTESIAN_POINT('',(5.669935231162,17.227028916534));
#4453 = CARTESIAN_POINT('',(5.797510347039,17.162183802298));
#4454 = CARTESIAN_POINT('',(5.921230390062,17.111103291744));
#4455 = CARTESIAN_POINT('',(6.042435472043,17.076159821709));
#4456 = CARTESIAN_POINT('',(6.162532538287,17.058543314129));
#4457 = CARTESIAN_POINT('',(6.28318530718,17.058543314129));
#4458 = ( GEOMETRIC_REPRESENTATION_CONTEXT(2) 
PARAMETRIC_REPRESENTATION_CONTEXT() REPRESENTATION_CONTEXT('2D SPACE',''
  ) );
#4459 = ADVANCED_FACE('',(#4460),#2194,.T.);
#4460 = FACE_BOUND('',#4461,.T.);
#4461 = EDGE_LOOP('',(#4462,#4463,#4514,#4563,#4564,#4565));
#4462 = ORIENTED_EDGE('',*,*,#2430,.F.);
#4463 = ORIENTED_EDGE('',*,*,#4464,.F.);
#4464 = EDGE_CURVE('',#4465,#2431,#4467,.T.);
#4465 = VERTEX_POINT('',#4466);
#4466 = CARTESIAN_POINT('',(4.308181980515E+03,-5.510910596163E-16,970.)
  );
#4467 = SURFACE_CURVE('',#4468,(#4473,#4480),.PCURVE_S1.);
#4468 = ELLIPSE('',#4469,3.181980515339,2.25);
#4469 = AXIS2_PLACEMENT_3D('',#4470,#4471,#4472);
#4470 = CARTESIAN_POINT('',(4.305E+03,0.,970.));
#4471 = DIRECTION('',(0.,0.,1.));
#4472 = DIRECTION('',(1.,0.,-0.));
#4473 = PCURVE('',#2194,#4474);
#4474 = DEFINITIONAL_REPRESENTATION('',(#4475),#4479);
#4475 = ELLIPSE('',#4476,3.181980515339,2.25);
#4476 = AXIS2_PLACEMENT_2D('',#4477,#4478);
#4477 = CARTESIAN_POINT('',(4.5,2.25));
#4478 = DIRECTION('',(1.,0.));
#4479 = ( GEOMETRIC_REPRESENTATION_CONTEXT(2) 
PARAMETRIC_REPRESENTATION_CONTEXT() REPRESENTATION_CONTEXT('2D SPACE',''
  ) );
#4480 = PCURVE('',#3916,#4481);
#4481 = DEFINITIONAL_REPRESENTATION('',(#4482),#4513);
#4482 = B_SPLINE_CURVE_WITH_KNOTS('',8,(#4483,#4484,#4485,#4486,#4487,
    #4488,#4489,#4490,#4491,#4492,#4493,#4494,#4495,#4496,#4497,#4498,
    #4499,#4500,#4501,#4502,#4503,#4504,#4505,#4506,#4507,#4508,#4509,
    #4510,#4511,#4512),.UNSPECIFIED.,.F.,.F.,(9,7,7,7,9),(0.,
    1.570796326795,2.748893571891,4.516039439535,6.28318530718),
  .UNSPECIFIED.);
#4483 = CARTESIAN_POINT('',(0.,30.534271247462));
#4484 = CARTESIAN_POINT('',(0.196349540849,30.534271247462));
#4485 = CARTESIAN_POINT('',(0.392699081698,30.435134501513));
#4486 = CARTESIAN_POINT('',(0.589048622551,30.236861851648));
#4487 = CARTESIAN_POINT('',(0.78539816339,29.947603436303));
#4488 = CARTESIAN_POINT('',(0.981747704252,29.583676085094));
#4489 = CARTESIAN_POINT('',(1.178097245094,29.167844286199));
#4490 = CARTESIAN_POINT('',(1.374446785946,28.726057714373));
#4491 = CARTESIAN_POINT('',(1.718058482432,27.952931397279));
#4492 = CARTESIAN_POINT('',(1.865320638068,27.621591668352));
#4493 = CARTESIAN_POINT('',(2.012582793707,27.301200565856));
#4494 = CARTESIAN_POINT('',(2.159844949343,27.00270963951));
#4495 = CARTESIAN_POINT('',(2.307107104979,26.736305118478));
#4496 = CARTESIAN_POINT('',(2.454369260617,26.510658537082));
#4497 = CARTESIAN_POINT('',(2.601631416254,26.332340570459));
#4498 = CARTESIAN_POINT('',(2.969786805347,26.01534489259));
#4499 = CARTESIAN_POINT('',(3.190680038801,25.941066658746));
#4500 = CARTESIAN_POINT('',(3.411573272258,25.996847765025));
#4501 = CARTESIAN_POINT('',(3.632466505696,26.184769430431));
#4502 = CARTESIAN_POINT('',(3.853359739167,26.492617442796));
#4503 = CARTESIAN_POINT('',(4.074252972623,26.894876016137));
#4504 = CARTESIAN_POINT('',(4.29514620608,27.357858151119));
#4505 = CARTESIAN_POINT('',(4.736932672991,28.332777894731));
#4506 = CARTESIAN_POINT('',(4.957825906438,28.844716042946));
#4507 = CARTESIAN_POINT('',(5.178719139927,29.344885606173));
#4508 = CARTESIAN_POINT('',(5.399612373312,29.794507939339));
#4509 = CARTESIAN_POINT('',(5.620505606832,30.157863536166));
#4510 = CARTESIAN_POINT('',(5.841398840261,30.408801124893));
#4511 = CARTESIAN_POINT('',(6.062292073724,30.534271247462));
#4512 = CARTESIAN_POINT('',(6.28318530718,30.534271247462));
#4513 = ( GEOMETRIC_REPRESENTATION_CONTEXT(2) 
PARAMETRIC_REPRESENTATION_CONTEXT() REPRESENTATION_CONTEXT('2D SPACE',''
  ) );
#4514 = ORIENTED_EDGE('',*,*,#4515,.F.);
#4515 = EDGE_CURVE('',#2307,#4465,#4516,.T.);
#4516 = SURFACE_CURVE('',#4517,(#4522,#4529),.PCURVE_S1.);
#4517 = ELLIPSE('',#4518,3.181980515339,2.25);
#4518 = AXIS2_PLACEMENT_3D('',#4519,#4520,#4521);
#4519 = CARTESIAN_POINT('',(4.305E+03,0.,970.));
#4520 = DIRECTION('',(0.,0.,1.));
#4521 = DIRECTION('',(1.,0.,-0.));
#4522 = PCURVE('',#2194,#4523);
#4523 = DEFINITIONAL_REPRESENTATION('',(#4524),#4528);
#4524 = ELLIPSE('',#4525,3.181980515339,2.25);
#4525 = AXIS2_PLACEMENT_2D('',#4526,#4527);
#4526 = CARTESIAN_POINT('',(4.5,2.25));
#4527 = DIRECTION('',(1.,0.));
#4528 = ( GEOMETRIC_REPRESENTATION_CONTEXT(2) 
PARAMETRIC_REPRESENTATION_CONTEXT() REPRESENTATION_CONTEXT('2D SPACE',''
  ) );
#4529 = PCURVE('',#3916,#4530);
#4530 = DEFINITIONAL_REPRESENTATION('',(#4531),#4562);
#4531 = B_SPLINE_CURVE_WITH_KNOTS('',8,(#4532,#4533,#4534,#4535,#4536,
    #4537,#4538,#4539,#4540,#4541,#4542,#4543,#4544,#4545,#4546,#4547,
    #4548,#4549,#4550,#4551,#4552,#4553,#4554,#4555,#4556,#4557,#4558,
    #4559,#4560,#4561),.UNSPECIFIED.,.F.,.F.,(9,7,7,7,9),(0.,
    1.570796326795,2.748893571891,4.516039439535,6.28318530718),
  .UNSPECIFIED.);
#4532 = CARTESIAN_POINT('',(0.,30.534271247462));
#4533 = CARTESIAN_POINT('',(0.196349540849,30.534271247462));
#4534 = CARTESIAN_POINT('',(0.392699081698,30.435134501513));
#4535 = CARTESIAN_POINT('',(0.589048622551,30.236861851648));
#4536 = CARTESIAN_POINT('',(0.78539816339,29.947603436303));
#4537 = CARTESIAN_POINT('',(0.981747704252,29.583676085094));
#4538 = CARTESIAN_POINT('',(1.178097245094,29.167844286199));
#4539 = CARTESIAN_POINT('',(1.374446785946,28.726057714373));
#4540 = CARTESIAN_POINT('',(1.718058482432,27.952931397279));
#4541 = CARTESIAN_POINT('',(1.865320638068,27.621591668352));
#4542 = CARTESIAN_POINT('',(2.012582793707,27.301200565856));
#4543 = CARTESIAN_POINT('',(2.159844949343,27.00270963951));
#4544 = CARTESIAN_POINT('',(2.307107104979,26.736305118478));
#4545 = CARTESIAN_POINT('',(2.454369260617,26.510658537082));
#4546 = CARTESIAN_POINT('',(2.601631416254,26.332340570459));
#4547 = CARTESIAN_POINT('',(2.969786805347,26.01534489259));
#4548 = CARTESIAN_POINT('',(3.190680038801,25.941066658746));
#4549 = CARTESIAN_POINT('',(3.411573272258,25.996847765025));
#4550 = CARTESIAN_POINT('',(3.632466505696,26.184769430431));
#4551 = CARTESIAN_POINT('',(3.853359739167,26.492617442796));
#4552 = CARTESIAN_POINT('',(4.074252972623,26.894876016137));
#4553 = CARTESIAN_POINT('',(4.29514620608,27.357858151119));
#4554 = CARTESIAN_POINT('',(4.736932672991,28.332777894731));
#4555 = CARTESIAN_POINT('',(4.957825906438,28.844716042946));
#4556 = CARTESIAN_POINT('',(5.178719139927,29.344885606173));
#4557 = CARTESIAN_POINT('',(5.399612373312,29.794507939339));
#4558 = CARTESIAN_POINT('',(5.620505606832,30.157863536166));
#4559 = CARTESIAN_POINT('',(5.841398840261,30.408801124893));
#4560 = CARTESIAN_POINT('',(6.062292073724,30.534271247462));
#4561 = CARTESIAN_POINT('',(6.28318530718,30.534271247462));
#4562 = ( GEOMETRIC_REPRESENTATION_CONTEXT(2) 
PARAMETRIC_REPRESENTATION_CONTEXT() REPRESENTATION_CONTEXT('2D SPACE',''
  ) );
#4563 = ORIENTED_EDGE('',*,*,#2357,.T.);
#4564 = ORIENTED_EDGE('',*,*,#2205,.F.);
#4565 = ORIENTED_EDGE('',*,*,#2179,.F.);
#4566 = ADVANCED_FACE('',(#4567,#4853,#5006),#2267,.T.);
#4567 = FACE_BOUND('',#4568,.T.);
#4568 = EDGE_LOOP('',(#4569,#4570,#4593,#4654,#4710,#4733,#4760,#4761,
    #4851,#4852));
#4569 = ORIENTED_EDGE('',*,*,#2248,.T.);
#4570 = ORIENTED_EDGE('',*,*,#4571,.T.);
#4571 = EDGE_CURVE('',#2251,#4572,#4574,.T.);
#4572 = VERTEX_POINT('',#4573);
#4573 = CARTESIAN_POINT('',(4.327350000001E+03,-4.898587196589E-15,930.)
  );
#4574 = SEAM_CURVE('',#4575,(#4579,#4586),.PCURVE_S1.);
#4575 = LINE('',#4576,#4577);
#4576 = CARTESIAN_POINT('',(4.323E+03,-4.898587196589E-15,930.));
#4577 = VECTOR('',#4578,1.);
#4578 = DIRECTION('',(1.,0.,2.22044604925E-16));
#4579 = PCURVE('',#2267,#4580);
#4580 = DEFINITIONAL_REPRESENTATION('',(#4581),#4585);
#4581 = LINE('',#4582,#4583);
#4582 = CARTESIAN_POINT('',(0.,-0.));
#4583 = VECTOR('',#4584,1.);
#4584 = DIRECTION('',(0.,1.));
#4585 = ( GEOMETRIC_REPRESENTATION_CONTEXT(2) 
PARAMETRIC_REPRESENTATION_CONTEXT() REPRESENTATION_CONTEXT('2D SPACE',''
  ) );
#4586 = PCURVE('',#2267,#4587);
#4587 = DEFINITIONAL_REPRESENTATION('',(#4588),#4592);
#4588 = LINE('',#4589,#4590);
#4589 = CARTESIAN_POINT('',(6.28318530718,-0.));
#4590 = VECTOR('',#4591,1.);
#4591 = DIRECTION('',(0.,1.));
#4592 = ( GEOMETRIC_REPRESENTATION_CONTEXT(2) 
PARAMETRIC_REPRESENTATION_CONTEXT() REPRESENTATION_CONTEXT('2D SPACE',''
  ) );
#4593 = ORIENTED_EDGE('',*,*,#4594,.F.);
#4594 = EDGE_CURVE('',#4595,#4572,#4597,.T.);
#4595 = VERTEX_POINT('',#4596);
#4596 = CARTESIAN_POINT('',(4.329E+03,-1.65,930.0681787084));
#4597 = SURFACE_CURVE('',#4598,(#4613,#4631),.PCURVE_S1.);
#4598 = B_SPLINE_CURVE_WITH_KNOTS('',7,(#4599,#4600,#4601,#4602,#4603,
    #4604,#4605,#4606,#4607,#4608,#4609,#4610,#4611,#4612),
  .UNSPECIFIED.,.F.,.F.,(8,6,8),(0.,0.485146604269,1.),.UNSPECIFIED.);
#4599 = CARTESIAN_POINT('',(4.329E+03,-1.65,930.0681787084));
#4600 = CARTESIAN_POINT('',(4.328842169648E+03,-1.65,930.0681787084));
#4601 = CARTESIAN_POINT('',(4.328684382096E+03,-1.632386777337,
    930.06672065396));
#4602 = CARTESIAN_POINT('',(4.328527880399E+03,-1.597176024712,
    930.06380579557));
#4603 = CARTESIAN_POINT('',(4.32837404621E+03,-1.544038154428,
    930.05950573779));
#4604 = CARTESIAN_POINT('',(4.328224579454E+03,-1.472431716762,
    930.05397229738));
#4605 = CARTESIAN_POINT('',(4.328081670472E+03,-1.381721519119,
    930.04747941642));
#4606 = CARTESIAN_POINT('',(4.327806660704E+03,-1.154213653316,
    930.03298803791));
#4607 = CARTESIAN_POINT('',(4.327672050418E+03,-1.011867617168,
    930.02472637562));
#4608 = CARTESIAN_POINT('',(4.327552551469E+03,-0.844538584006,
    930.01630125075));
#4609 = CARTESIAN_POINT('',(4.32745528207E+03,-0.654743566865,
    930.00868546328));
#4610 = CARTESIAN_POINT('',(4.327386203258E+03,-0.446776664593,
    930.00298683574));
#4611 = CARTESIAN_POINT('',(4.32735E+03,-0.226279030985,930.));
#4612 = CARTESIAN_POINT('',(4.32735E+03,-3.10862446895E-15,930.));
#4613 = PCURVE('',#2267,#4614);
#4614 = DEFINITIONAL_REPRESENTATION('',(#4615),#4630);
#4615 = B_SPLINE_CURVE_WITH_KNOTS('',7,(#4616,#4617,#4618,#4619,#4620,
    #4621,#4622,#4623,#4624,#4625,#4626,#4627,#4628,#4629),
  .UNSPECIFIED.,.F.,.F.,(8,6,8),(0.,0.485146604269,1.),.UNSPECIFIED.);
#4616 = CARTESIAN_POINT('',(6.200591433439,6.));
#4617 = CARTESIAN_POINT('',(6.200591433439,5.842169648207));
#4618 = CARTESIAN_POINT('',(6.201475106911,5.684382096473));
#4619 = CARTESIAN_POINT('',(6.203241666915,5.527880398863));
#4620 = CARTESIAN_POINT('',(6.205907240388,5.374046210254));
#4621 = CARTESIAN_POINT('',(6.20949818486,5.22457945447));
#4622 = CARTESIAN_POINT('',(6.214045158656,5.081670471924));
#4623 = CARTESIAN_POINT('',(6.225443604718,4.806660704082));
#4624 = CARTESIAN_POINT('',(6.232572768019,4.672050417642));
#4625 = CARTESIAN_POINT('',(6.240949421203,4.5525514687));
#4626 = CARTESIAN_POINT('',(6.250445777905,4.455282069848));
#4627 = CARTESIAN_POINT('',(6.260846470827,4.386203258197));
#4628 = CARTESIAN_POINT('',(6.27187135563,4.35));
#4629 = CARTESIAN_POINT('',(6.28318530718,4.35));
#4630 = ( GEOMETRIC_REPRESENTATION_CONTEXT(2) 
PARAMETRIC_REPRESENTATION_CONTEXT() REPRESENTATION_CONTEXT('2D SPACE',''
  ) );
#4631 = PCURVE('',#4632,#4637);
#4632 = CYLINDRICAL_SURFACE('',#4633,1.65);
#4633 = AXIS2_PLACEMENT_3D('',#4634,#4635,#4636);
#4634 = CARTESIAN_POINT('',(4.329E+03,-2.571758278209E-15,936.));
#4635 = DIRECTION('',(0.,-1.836970198721E-16,-1.));
#4636 = DIRECTION('',(0.,-1.,1.836970198721E-16));
#4637 = DEFINITIONAL_REPRESENTATION('',(#4638),#4653);
#4638 = B_SPLINE_CURVE_WITH_KNOTS('',7,(#4639,#4640,#4641,#4642,#4643,
    #4644,#4645,#4646,#4647,#4648,#4649,#4650,#4651,#4652),
  .UNSPECIFIED.,.F.,.F.,(8,6,8),(0.,0.485146604269,1.),.UNSPECIFIED.);
#4639 = CARTESIAN_POINT('',(0.,5.931821291593));
#4640 = CARTESIAN_POINT('',(9.565475866238E-02,5.931821291593));
#4641 = CARTESIAN_POINT('',(0.191283508285,5.93327934604));
#4642 = CARTESIAN_POINT('',(0.287562860601,5.936194204425));
#4643 = CARTESIAN_POINT('',(0.385080330664,5.940494262209));
#4644 = CARTESIAN_POINT('',(0.484428214242,5.946027702615));
#4645 = CARTESIAN_POINT('',(0.586206516624,5.95252058358));
#4646 = CARTESIAN_POINT('',(0.802520237554,5.967011962083));
#4647 = CARTESIAN_POINT('',(0.920371078221,5.975273624374));
#4648 = CARTESIAN_POINT('',(1.043072204864,5.983698749242));
#4649 = CARTESIAN_POINT('',(1.169769265782,5.991314536716));
#4650 = CARTESIAN_POINT('',(1.300022663449,5.997013164251));
#4651 = CARTESIAN_POINT('',(1.433657520138,6.));
#4652 = CARTESIAN_POINT('',(1.570796326795,6.));
#4653 = ( GEOMETRIC_REPRESENTATION_CONTEXT(2) 
PARAMETRIC_REPRESENTATION_CONTEXT() REPRESENTATION_CONTEXT('2D SPACE',''
  ) );
#4654 = ORIENTED_EDGE('',*,*,#4655,.F.);
#4655 = EDGE_CURVE('',#4656,#4595,#4658,.T.);
#4656 = VERTEX_POINT('',#4657);
#4657 = CARTESIAN_POINT('',(4.330649999999E+03,-4.898587196589E-15,930.)
  );
#4658 = SURFACE_CURVE('',#4659,(#4674,#4692),.PCURVE_S1.);
#4659 = B_SPLINE_CURVE_WITH_KNOTS('',7,(#4660,#4661,#4662,#4663,#4664,
    #4665,#4666,#4667,#4668,#4669,#4670,#4671,#4672,#4673),
  .UNSPECIFIED.,.F.,.F.,(8,6,8),(0.,0.454352265967,1.),.UNSPECIFIED.);
#4660 = CARTESIAN_POINT('',(4.33065E+03,-4.218847493576E-15,930.));
#4661 = CARTESIAN_POINT('',(4.33065E+03,-0.198893742574,930.));
#4662 = CARTESIAN_POINT('',(4.330622029323E+03,-0.39413079344,
    930.00230762876));
#4663 = CARTESIAN_POINT('',(4.330567938354E+03,-0.580724441403,
    930.00676987041));
#4664 = CARTESIAN_POINT('',(4.330490750526E+03,-0.75424531723,
    930.01289386721));
#4665 = CARTESIAN_POINT('',(4.330394579947E+03,-0.91110806641,
    930.01993701762));
#4666 = CARTESIAN_POINT('',(4.330284552766E+03,-1.048899612022,
    930.02717495912));
#4667 = CARTESIAN_POINT('',(4.330025224078E+03,-1.30822829983,
    930.0423290453));
#4668 = CARTESIAN_POINT('',(4.329869260689E+03,-1.424149016952,
    930.05027700335));
#4669 = CARTESIAN_POINT('',(4.329703611723E+03,-1.515369321146,
    930.05719322516));
#4670 = CARTESIAN_POINT('',(4.329531586454E+03,-1.582919195835,
    930.06262545752));
#4671 = CARTESIAN_POINT('',(4.329355665337E+03,-1.62763380285,
    930.06632722267));
#4672 = CARTESIAN_POINT('',(4.329177856564E+03,-1.65,930.0681787084));
#4673 = CARTESIAN_POINT('',(4.329E+03,-1.65,930.0681787084));
#4674 = PCURVE('',#2267,#4675);
#4675 = DEFINITIONAL_REPRESENTATION('',(#4676),#4691);
#4676 = B_SPLINE_CURVE_WITH_KNOTS('',7,(#4677,#4678,#4679,#4680,#4681,
    #4682,#4683,#4684,#4685,#4686,#4687,#4688,#4689,#4690),
  .UNSPECIFIED.,.F.,.F.,(8,6,8),(0.,0.454352265967,1.),.UNSPECIFIED.);
#4677 = CARTESIAN_POINT('',(6.28318530718,7.65));
#4678 = CARTESIAN_POINT('',(6.273240620051,7.65));
#4679 = CARTESIAN_POINT('',(6.263478765729,7.622029322717));
#4680 = CARTESIAN_POINT('',(6.254147486784,7.567938353625));
#4681 = CARTESIAN_POINT('',(6.245466860904,7.490750526378));
#4682 = CARTESIAN_POINT('',(6.237616192675,7.394579946546));
#4683 = CARTESIAN_POINT('',(6.230717238302,7.284552765893));
#4684 = CARTESIAN_POINT('',(6.21772868424,7.025224078086));
#4685 = CARTESIAN_POINT('',(6.211919336376,6.869260689444));
#4686 = CARTESIAN_POINT('',(6.207345333744,6.703611722565));
#4687 = CARTESIAN_POINT('',(6.203956947475,6.531586453774));
#4688 = CARTESIAN_POINT('',(6.201713568367,6.355665337489));
#4689 = CARTESIAN_POINT('',(6.200591433439,6.177856564269));
#4690 = CARTESIAN_POINT('',(6.200591433439,6.));
#4691 = ( GEOMETRIC_REPRESENTATION_CONTEXT(2) 
PARAMETRIC_REPRESENTATION_CONTEXT() REPRESENTATION_CONTEXT('2D SPACE',''
  ) );
#4692 = PCURVE('',#4632,#4693);
#4693 = DEFINITIONAL_REPRESENTATION('',(#4694),#4709);
#4694 = B_SPLINE_CURVE_WITH_KNOTS('',7,(#4695,#4696,#4697,#4698,#4699,
    #4700,#4701,#4702,#4703,#4704,#4705,#4706,#4707,#4708),
  .UNSPECIFIED.,.F.,.F.,(8,6,8),(0.,0.454352265967,1.),.UNSPECIFIED.);
#4695 = CARTESIAN_POINT('',(4.712388980385,6.));
#4696 = CARTESIAN_POINT('',(4.832930642551,6.));
#4697 = CARTESIAN_POINT('',(4.951256015713,5.997692371235));
#4698 = CARTESIAN_POINT('',(5.067204401707,5.993230129582));
#4699 = CARTESIAN_POINT('',(5.180476427689,5.987106132784));
#4700 = CARTESIAN_POINT('',(5.290595378152,5.980062982375));
#4701 = CARTESIAN_POINT('',(5.396798087352,5.972825040875));
#4702 = CARTESIAN_POINT('',(5.619068479721,5.957670954694));
#4703 = CARTESIAN_POINT('',(5.735584534566,5.949722996645));
#4704 = CARTESIAN_POINT('',(5.848577938221,5.942806774834));
#4705 = CARTESIAN_POINT('',(5.95896495625,5.937374542481));
#4706 = CARTESIAN_POINT('',(6.067630859732,5.933672777322));
#4707 = CARTESIAN_POINT('',(6.175393450047,5.931821291593));
#4708 = CARTESIAN_POINT('',(6.28318530718,5.931821291593));
#4709 = ( GEOMETRIC_REPRESENTATION_CONTEXT(2) 
PARAMETRIC_REPRESENTATION_CONTEXT() REPRESENTATION_CONTEXT('2D SPACE',''
  ) );
#4710 = ORIENTED_EDGE('',*,*,#4711,.T.);
#4711 = EDGE_CURVE('',#4656,#4712,#4714,.T.);
#4712 = VERTEX_POINT('',#4713);
#4713 = CARTESIAN_POINT('',(4.335E+03,-4.898587196589E-15,930.));
#4714 = SEAM_CURVE('',#4715,(#4719,#4726),.PCURVE_S1.);
#4715 = LINE('',#4716,#4717);
#4716 = CARTESIAN_POINT('',(4.323E+03,-4.898587196589E-15,930.));
#4717 = VECTOR('',#4718,1.);
#4718 = DIRECTION('',(1.,0.,2.22044604925E-16));
#4719 = PCURVE('',#2267,#4720);
#4720 = DEFINITIONAL_REPRESENTATION('',(#4721),#4725);
#4721 = LINE('',#4722,#4723);
#4722 = CARTESIAN_POINT('',(0.,-0.));
#4723 = VECTOR('',#4724,1.);
#4724 = DIRECTION('',(0.,1.));
#4725 = ( GEOMETRIC_REPRESENTATION_CONTEXT(2) 
PARAMETRIC_REPRESENTATION_CONTEXT() REPRESENTATION_CONTEXT('2D SPACE',''
  ) );
#4726 = PCURVE('',#2267,#4727);
#4727 = DEFINITIONAL_REPRESENTATION('',(#4728),#4732);
#4728 = LINE('',#4729,#4730);
#4729 = CARTESIAN_POINT('',(6.28318530718,-0.));
#4730 = VECTOR('',#4731,1.);
#4731 = DIRECTION('',(0.,1.));
#4732 = ( GEOMETRIC_REPRESENTATION_CONTEXT(2) 
PARAMETRIC_REPRESENTATION_CONTEXT() REPRESENTATION_CONTEXT('2D SPACE',''
  ) );
#4733 = ORIENTED_EDGE('',*,*,#4734,.F.);
#4734 = EDGE_CURVE('',#4712,#4712,#4735,.T.);
#4735 = SURFACE_CURVE('',#4736,(#4741,#4748),.PCURVE_S1.);
#4736 = CIRCLE('',#4737,20.);
#4737 = AXIS2_PLACEMENT_3D('',#4738,#4739,#4740);
#4738 = CARTESIAN_POINT('',(4.335E+03,0.,950.));
#4739 = DIRECTION('',(1.,-0.,2.22044604925E-16));
#4740 = DIRECTION('',(2.22044604925E-16,0.,-1.));
#4741 = PCURVE('',#2267,#4742);
#4742 = DEFINITIONAL_REPRESENTATION('',(#4743),#4747);
#4743 = LINE('',#4744,#4745);
#4744 = CARTESIAN_POINT('',(0.,12.));
#4745 = VECTOR('',#4746,1.);
#4746 = DIRECTION('',(1.,0.));
#4747 = ( GEOMETRIC_REPRESENTATION_CONTEXT(2) 
PARAMETRIC_REPRESENTATION_CONTEXT() REPRESENTATION_CONTEXT('2D SPACE',''
  ) );
#4748 = PCURVE('',#4749,#4754);
#4749 = PLANE('',#4750);
#4750 = AXIS2_PLACEMENT_3D('',#4751,#4752,#4753);
#4751 = CARTESIAN_POINT('',(4.335E+03,0.,950.));
#4752 = DIRECTION('',(1.,0.,2.22044604925E-16));
#4753 = DIRECTION('',(2.22044604925E-16,0.,-1.));
#4754 = DEFINITIONAL_REPRESENTATION('',(#4755),#4759);
#4755 = CIRCLE('',#4756,20.);
#4756 = AXIS2_PLACEMENT_2D('',#4757,#4758);
#4757 = CARTESIAN_POINT('',(0.,0.));
#4758 = DIRECTION('',(1.,0.));
#4759 = ( GEOMETRIC_REPRESENTATION_CONTEXT(2) 
PARAMETRIC_REPRESENTATION_CONTEXT() REPRESENTATION_CONTEXT('2D SPACE',''
  ) );
#4760 = ORIENTED_EDGE('',*,*,#4711,.F.);
#4761 = ORIENTED_EDGE('',*,*,#4762,.F.);
#4762 = EDGE_CURVE('',#4572,#4656,#4763,.T.);
#4763 = SURFACE_CURVE('',#4764,(#4791,#4821),.PCURVE_S1.);
#4764 = B_SPLINE_CURVE_WITH_KNOTS('',7,(#4765,#4766,#4767,#4768,#4769,
    #4770,#4771,#4772,#4773,#4774,#4775,#4776,#4777,#4778,#4779,#4780,
    #4781,#4782,#4783,#4784,#4785,#4786,#4787,#4788,#4789,#4790),
  .UNSPECIFIED.,.F.,.F.,(8,6,6,6,8),(0.,0.257456120884,0.500057840066,
    0.742630117985,1.),.UNSPECIFIED.);
#4765 = CARTESIAN_POINT('',(4.32735E+03,-6.051792857438E-16,930.));
#4766 = CARTESIAN_POINT('',(4.32735E+03,0.226326603872,930.));
#4767 = CARTESIAN_POINT('',(4.327386218487E+03,0.446827442081,
    930.00298809358));
#4768 = CARTESIAN_POINT('',(4.327455301455E+03,0.654769532005,
    930.00868705852));
#4769 = CARTESIAN_POINT('',(4.327552558348E+03,0.844534869707,
    930.01630147887));
#4770 = CARTESIAN_POINT('',(4.327672036932E+03,1.011846140306,
    930.02472527705));
#4771 = CARTESIAN_POINT('',(4.32780663719E+03,1.15419420103,
    930.03298679888));
#4772 = CARTESIAN_POINT('',(4.328081693009E+03,1.381740163778,
    930.04748060401));
#4773 = CARTESIAN_POINT('',(4.32822460248E+03,1.472441482283,
    930.0539731613));
#4774 = CARTESIAN_POINT('',(4.328374052682E+03,1.544035823359,
    930.05950559388));
#4775 = CARTESIAN_POINT('',(4.32852786708E+03,1.597168985999,
    930.06380521293));
#4776 = CARTESIAN_POINT('',(4.328684358181E+03,1.632382495388,
    930.06672029926));
#4777 = CARTESIAN_POINT('',(4.328842150492E+03,1.65,930.0681787084));
#4778 = CARTESIAN_POINT('',(4.329157830352E+03,1.65,930.0681787084));
#4779 = CARTESIAN_POINT('',(4.329315617904E+03,1.632386777337,
    930.06672065396));
#4780 = CARTESIAN_POINT('',(4.329472119601E+03,1.597176024712,
    930.06380579557));
#4781 = CARTESIAN_POINT('',(4.32962595379E+03,1.544038154429,
    930.05950573779));
#4782 = CARTESIAN_POINT('',(4.329775420546E+03,1.472431716762,
    930.05397229738));
#4783 = CARTESIAN_POINT('',(4.329918329528E+03,1.38172151912,
    930.04747941642));
#4784 = CARTESIAN_POINT('',(4.330193308644E+03,1.154239010957,
    930.0329896531));
#4785 = CARTESIAN_POINT('',(4.330327939296E+03,1.011889551367,
    930.02472742686));
#4786 = CARTESIAN_POINT('',(4.330447464627E+03,0.844531865494,
    930.01630034343));
#4787 = CARTESIAN_POINT('',(4.330544744317E+03,0.654700405367,
    930.00868327295));
#4788 = CARTESIAN_POINT('',(4.330613813923E+03,0.446711615215,
    930.0029854213));
#4789 = CARTESIAN_POINT('',(4.33065E+03,0.226225321509,930.));
#4790 = CARTESIAN_POINT('',(4.33065E+03,-1.685420157327E-15,930.));
#4791 = PCURVE('',#2267,#4792);
#4792 = DEFINITIONAL_REPRESENTATION('',(#4793),#4820);
#4793 = B_SPLINE_CURVE_WITH_KNOTS('',7,(#4794,#4795,#4796,#4797,#4798,
    #4799,#4800,#4801,#4802,#4803,#4804,#4805,#4806,#4807,#4808,#4809,
    #4810,#4811,#4812,#4813,#4814,#4815,#4816,#4817,#4818,#4819),
  .UNSPECIFIED.,.F.,.F.,(8,6,6,6,8),(0.,0.257456120884,0.500057840066,
    0.742630117985,1.),.UNSPECIFIED.);
#4794 = CARTESIAN_POINT('',(0.,4.35));
#4795 = CARTESIAN_POINT('',(1.131633019361E-02,4.35));
#4796 = CARTESIAN_POINT('',(2.234137523572E-02,4.386218486763));
#4797 = CARTESIAN_POINT('',(3.274082910584E-02,4.455301454573));
#4798 = CARTESIAN_POINT('',(4.223570143602E-02,4.552558348159));
#4799 = CARTESIAN_POINT('',(5.061146393181E-02,4.672036931763));
#4800 = CARTESIAN_POINT('',(5.774072787621E-02,4.806637190308));
#4801 = CARTESIAN_POINT('',(6.91410826459E-02,5.081693009444));
#4802 = CARTESIAN_POINT('',(7.368761236351E-02,5.224602480003));
#4803 = CARTESIAN_POINT('',(7.7277950114E-02,5.374052682472));
#4804 = CARTESIAN_POINT('',(7.994328709392E-02,5.527867080494));
#4805 = CARTESIAN_POINT('',(8.170998544518E-02,5.684358181131));
#4806 = CARTESIAN_POINT('',(8.259387374035E-02,5.842150492164));
#4807 = CARTESIAN_POINT('',(8.259387374035E-02,6.157830351794));
#4808 = CARTESIAN_POINT('',(8.171020026873E-02,6.315617903527));
#4809 = CARTESIAN_POINT('',(7.994364026451E-02,6.472119601139));
#4810 = CARTESIAN_POINT('',(7.727806679182E-02,6.625953789745));
#4811 = CARTESIAN_POINT('',(7.368712231986E-02,6.77542054553));
#4812 = CARTESIAN_POINT('',(6.91401485238E-02,6.918329528075));
#4813 = CARTESIAN_POINT('',(5.774297291302E-02,7.193308643795));
#4814 = CARTESIAN_POINT('',(5.061363701184E-02,7.327939295505));
#4815 = CARTESIAN_POINT('',(4.223554795283E-02,7.447464626966));
#4816 = CARTESIAN_POINT('',(3.273736933035E-02,7.544744317246));
#4817 = CARTESIAN_POINT('',(2.23355839255E-02,7.613813922564));
#4818 = CARTESIAN_POINT('',(1.131126607547E-02,7.65));
#4819 = CARTESIAN_POINT('',(0.,7.65));
#4820 = ( GEOMETRIC_REPRESENTATION_CONTEXT(2) 
PARAMETRIC_REPRESENTATION_CONTEXT() REPRESENTATION_CONTEXT('2D SPACE',''
  ) );
#4821 = PCURVE('',#4632,#4822);
#4822 = DEFINITIONAL_REPRESENTATION('',(#4823),#4850);
#4823 = B_SPLINE_CURVE_WITH_KNOTS('',7,(#4824,#4825,#4826,#4827,#4828,
    #4829,#4830,#4831,#4832,#4833,#4834,#4835,#4836,#4837,#4838,#4839,
    #4840,#4841,#4842,#4843,#4844,#4845,#4846,#4847,#4848,#4849),
  .UNSPECIFIED.,.F.,.F.,(8,6,6,6,8),(0.,0.257456120884,0.500057840066,
    0.742630117985,1.),.UNSPECIFIED.);
#4824 = CARTESIAN_POINT('',(1.570796326795,6.));
#4825 = CARTESIAN_POINT('',(1.707963965505,6.));
#4826 = CARTESIAN_POINT('',(1.841600772531,5.997011906419));
#4827 = CARTESIAN_POINT('',(1.971841743476,5.991312941473));
#4828 = CARTESIAN_POINT('',(2.098521079087,5.983698521127));
#4829 = CARTESIAN_POINT('',(2.221206985042,5.975274722945));
#4830 = CARTESIAN_POINT('',(2.339053920868,5.967013201119));
#4831 = CARTESIAN_POINT('',(2.555403864245,5.952519395987));
#4832 = CARTESIAN_POINT('',(2.657178969204,5.946026838698));
#4833 = CARTESIAN_POINT('',(2.756515378262,5.94049440612));
#4834 = CARTESIAN_POINT('',(2.854021188129,5.936194787068));
#4835 = CARTESIAN_POINT('',(2.950294651202,5.93327970074));
#4836 = CARTESIAN_POINT('',(3.045926285204,5.931821291593));
#4837 = CARTESIAN_POINT('',(3.237247412253,5.931821291593));
#4838 = CARTESIAN_POINT('',(3.332876161875,5.93327934604));
#4839 = CARTESIAN_POINT('',(3.429155514191,5.936194204425));
#4840 = CARTESIAN_POINT('',(3.526672984253,5.940494262208));
#4841 = CARTESIAN_POINT('',(3.626020867831,5.946027702615));
#4842 = CARTESIAN_POINT('',(3.727799170213,5.95252058358));
#4843 = CARTESIAN_POINT('',(3.944088781183,5.967010346898));
#4844 = CARTESIAN_POINT('',(4.06195046515,5.975272573137));
#4845 = CARTESIAN_POINT('',(4.184673457602,5.983699656561));
#4846 = CARTESIAN_POINT('',(4.311391045502,5.991316727045));
#4847 = CARTESIAN_POINT('',(4.44165474626,5.997014578699));
#4848 = CARTESIAN_POINT('',(4.575282724924,6.));
#4849 = CARTESIAN_POINT('',(4.712388980385,6.));
#4850 = ( GEOMETRIC_REPRESENTATION_CONTEXT(2) 
PARAMETRIC_REPRESENTATION_CONTEXT() REPRESENTATION_CONTEXT('2D SPACE',''
  ) );
#4851 = ORIENTED_EDGE('',*,*,#4571,.F.);
#4852 = ORIENTED_EDGE('',*,*,#2279,.T.);
#4853 = FACE_BOUND('',#4854,.T.);
#4854 = EDGE_LOOP('',(#4855));
#4855 = ORIENTED_EDGE('',*,*,#4856,.F.);
#4856 = EDGE_CURVE('',#4857,#4857,#4859,.T.);
#4857 = VERTEX_POINT('',#4858);
#4858 = CARTESIAN_POINT('',(4.329E+03,16.436463582213,961.39485256204));
#4859 = SURFACE_CURVE('',#4860,(#4905,#4953),.PCURVE_S1.);
#4860 = B_SPLINE_CURVE_WITH_KNOTS('',7,(#4861,#4862,#4863,#4864,#4865,
    #4866,#4867,#4868,#4869,#4870,#4871,#4872,#4873,#4874,#4875,#4876,
    #4877,#4878,#4879,#4880,#4881,#4882,#4883,#4884,#4885,#4886,#4887,
    #4888,#4889,#4890,#4891,#4892,#4893,#4894,#4895,#4896,#4897,#4898,
    #4899,#4900,#4901,#4902,#4903,#4904),.UNSPECIFIED.,.T.,.F.,(8,6,6,6,
    6,6,6,8),(0.,0.152570135044,0.285784710049,0.422048851983,
    0.588484150374,0.714356307306,0.838007869418,1.),.UNSPECIFIED.);
#4861 = CARTESIAN_POINT('',(4.329E+03,16.436463582211,961.39485256204));
#4862 = CARTESIAN_POINT('',(4.329197347662E+03,16.436463582211,
    961.39485256204));
#4863 = CARTESIAN_POINT('',(4.329394616843E+03,16.452205879369,
    961.37214494795));
#4864 = CARTESIAN_POINT('',(4.329589358649E+03,16.483673216757,
    961.32675601298));
#4865 = CARTESIAN_POINT('',(4.329778804045E+03,16.531098982883,
    961.25792217345));
#4866 = CARTESIAN_POINT('',(4.329959354804E+03,16.594788585572,
    961.16437236121));
#4867 = CARTESIAN_POINT('',(4.330126031868E+03,16.674828635593,
    961.04450227222));
#4868 = CARTESIAN_POINT('',(4.330398226686E+03,16.854347483661,
    960.76821985797));
#4869 = CARTESIAN_POINT('',(4.330513223763E+03,16.952975317613,
    960.61390310113));
#4870 = CARTESIAN_POINT('',(4.330603268667E+03,17.063720283391,
    960.43667243878));
#4871 = CARTESIAN_POINT('',(4.330659380237E+03,17.181552846999,
    960.24234408605));
#4872 = CARTESIAN_POINT('',(4.33067674347E+03,17.30054023649,
    960.03909851468));
#4873 = CARTESIAN_POINT('',(4.33065492611E+03,17.41542001078,
    959.83626164446));
#4874 = CARTESIAN_POINT('',(4.330540098875E+03,17.631083288295,
    959.44436677196));
#4875 = CARTESIAN_POINT('',(4.330447474339E+03,17.727724389322,
    959.26256401222));
#4876 = CARTESIAN_POINT('',(4.330328052603E+03,17.811032821806,
    959.10080175726));
#4877 = CARTESIAN_POINT('',(4.330188370572E+03,17.881178834584,
    958.96109395493));
#4878 = CARTESIAN_POINT('',(4.330034213185E+03,17.938674009639,
    958.84437486559));
#4879 = CARTESIAN_POINT('',(4.32987074348E+03,17.984219992375,
    958.7506646315));
#4880 = CARTESIAN_POINT('',(4.3294970842E+03,18.060736569557,
    958.59180968213));
#4881 = CARTESIAN_POINT('',(4.32928171174E+03,18.086831154412,
    958.53637171988));
#4882 = CARTESIAN_POINT('',(4.329061253778E+03,18.098308538663,
    958.51169032159));
#4883 = CARTESIAN_POINT('',(4.328839196668E+03,18.095603494791,
    958.51748751758));
#4884 = CARTESIAN_POINT('',(4.328619308337E+03,18.078541915772,
    958.5540787056));
#4885 = CARTESIAN_POINT('',(4.328405971352E+03,18.046419333686,
    958.62200715004));
#4886 = CARTESIAN_POINT('',(4.328053195754E+03,17.961623678558,
    958.79699300879));
#4887 = CARTESIAN_POINT('',(4.327906335948E+03,17.915366613229,
    958.89151196681));
#4888 = CARTESIAN_POINT('',(4.327768538504E+03,17.858699600847,
    959.00570905043));
#4889 = CARTESIAN_POINT('',(4.327644182637E+03,17.79112544926,
    959.13935627864));
#4890 = CARTESIAN_POINT('',(4.327538022562E+03,17.712343388378,
    959.29146323104));
#4891 = CARTESIAN_POINT('',(4.327455263436E+03,17.622372992,
    959.4601947817));
#4892 = CARTESIAN_POINT('',(4.32734935465E+03,17.423459938394,
    959.82165180247));
#4893 = CARTESIAN_POINT('',(4.327326537768E+03,17.317429723685,
    960.0092669103));
#4894 = CARTESIAN_POINT('',(4.327337286076E+03,17.207362227775,
    960.19818675093));
#4895 = CARTESIAN_POINT('',(4.327381713645E+03,17.097583281848,
    960.38062536945));
#4896 = CARTESIAN_POINT('',(4.327456343705E+03,16.992986724614,
    960.54955614028));
#4897 = CARTESIAN_POINT('',(4.327554253545E+03,16.897923250703,
    960.69969768868));
#4898 = CARTESIAN_POINT('',(4.327810367278E+03,16.706846794415,
    960.99642349165));
#4899 = CARTESIAN_POINT('',(4.327982752234E+03,16.616025349554,
    961.13314485075));
#4900 = CARTESIAN_POINT('',(4.328172413166E+03,16.543735427646,
    961.23957319552));
#4901 = CARTESIAN_POINT('',(4.328373029987E+03,16.489942904074,
    961.31771336034));
#4902 = CARTESIAN_POINT('',(4.328579985523E+03,16.45429634168,
    961.36912930547));
#4903 = CARTESIAN_POINT('',(4.328789962711E+03,16.436463582211,
    961.39485256204));
#4904 = CARTESIAN_POINT('',(4.329E+03,16.436463582211,961.39485256204));
#4905 = PCURVE('',#2267,#4906);
#4906 = DEFINITIONAL_REPRESENTATION('',(#4907),#4952);
#4907 = B_SPLINE_CURVE_WITH_KNOTS('',7,(#4908,#4909,#4910,#4911,#4912,
    #4913,#4914,#4915,#4916,#4917,#4918,#4919,#4920,#4921,#4922,#4923,
    #4924,#4925,#4926,#4927,#4928,#4929,#4930,#4931,#4932,#4933,#4934,
    #4935,#4936,#4937,#4938,#4939,#4940,#4941,#4942,#4943,#4944,#4945,
    #4946,#4947,#4948,#4949,#4950,#4951),.UNSPECIFIED.,.T.,.F.,(8,6,6,6,
    6,6,6,8),(0.,0.152570135044,0.285784710049,0.422048851983,
    0.588484150374,0.714356307306,0.838007869418,1.),.UNSPECIFIED.);
#4908 = CARTESIAN_POINT('',(2.176988976134,6.));
#4909 = CARTESIAN_POINT('',(2.176988976134,6.197347661839));
#4910 = CARTESIAN_POINT('',(2.175607440847,6.394616842954));
#4911 = CARTESIAN_POINT('',(2.172845943554,6.589358648762));
#4912 = CARTESIAN_POINT('',(2.168666456786,6.778804045201));
#4913 = CARTESIAN_POINT('',(2.163008046159,6.95935480377));
#4914 = CARTESIAN_POINT('',(2.155801801044,7.126031868266));
#4915 = CARTESIAN_POINT('',(2.139327655449,7.398226685911));
#4916 = CARTESIAN_POINT('',(2.130170808456,7.51322376276));
#4917 = CARTESIAN_POINT('',(2.119722348169,7.603268667287));
#4918 = CARTESIAN_POINT('',(2.108361426357,7.659380237009));
#4919 = CARTESIAN_POINT('',(2.096587738602,7.676743469848));
#4920 = CARTESIAN_POINT('',(2.084933112858,7.654926109922));
#4921 = CARTESIAN_POINT('',(2.062567277284,7.540098874695));
#4922 = CARTESIAN_POINT('',(2.052273733063,7.447474338681));
#4923 = CARTESIAN_POINT('',(2.043177089814,7.328052603153));
#4924 = CARTESIAN_POINT('',(2.035361073098,7.188370572387));
#4925 = CARTESIAN_POINT('',(2.028855653913,7.034213185407));
#4926 = CARTESIAN_POINT('',(2.023646066873,6.870743479686));
#4927 = CARTESIAN_POINT('',(2.014829933718,6.49708420023));
#4928 = CARTESIAN_POINT('',(2.011766439858,6.281711740056));
#4929 = CARTESIAN_POINT('',(2.010405412244,6.061253778195));
#4930 = CARTESIAN_POINT('',(2.010725283048,5.839196668139));
#4931 = CARTESIAN_POINT('',(2.012744000449,5.619308337272));
#4932 = CARTESIAN_POINT('',(2.016500869377,5.405971352258));
#4933 = CARTESIAN_POINT('',(2.0262233117,5.053195753592));
#4934 = CARTESIAN_POINT('',(2.031484819802,4.906335948397));
#4935 = CARTESIAN_POINT('',(2.03785884417,4.768538504105));
#4936 = CARTESIAN_POINT('',(2.045346394486,4.644182636972));
#4937 = CARTESIAN_POINT('',(2.053910443996,4.538022561862));
#4938 = CARTESIAN_POINT('',(2.063470597761,4.455263436158));
#4939 = CARTESIAN_POINT('',(2.084099314442,4.349354649741));
#4940 = CARTESIAN_POINT('',(2.094873814426,4.326537767734));
#4941 = CARTESIAN_POINT('',(2.105804499304,4.337286075784));
#4942 = CARTESIAN_POINT('',(2.116448765237,4.381713644763));
#4943 = CARTESIAN_POINT('',(2.126382509301,4.456343704714));
#4944 = CARTESIAN_POINT('',(2.135267560101,4.554253545401));
#4945 = CARTESIAN_POINT('',(2.152913835508,4.810367278242));
#4946 = CARTESIAN_POINT('',(2.161119899572,4.982752234069));
#4947 = CARTESIAN_POINT('',(2.16755249586,5.172413166446));
#4948 = CARTESIAN_POINT('',(2.172295767463,5.373029986805));
#4949 = CARTESIAN_POINT('',(2.175423972687,5.57998552295));
#4950 = CARTESIAN_POINT('',(2.176988976134,5.789962711095));
#4951 = CARTESIAN_POINT('',(2.176988976134,6.));
#4952 = ( GEOMETRIC_REPRESENTATION_CONTEXT(2) 
PARAMETRIC_REPRESENTATION_CONTEXT() REPRESENTATION_CONTEXT('2D SPACE',''
  ) );
#4953 = PCURVE('',#4954,#4959);
#4954 = CYLINDRICAL_SURFACE('',#4955,1.65);
#4955 = AXIS2_PLACEMENT_3D('',#4956,#4957,#4958);
#4956 = CARTESIAN_POINT('',(4.329E+03,12.124355652982,957.));
#4957 = DIRECTION('',(0.,0.866025403784,0.5));
#4958 = DIRECTION('',(0.,-0.5,0.866025403784));
#4959 = DEFINITIONAL_REPRESENTATION('',(#4960),#5005);
#4960 = B_SPLINE_CURVE_WITH_KNOTS('',7,(#4961,#4962,#4963,#4964,#4965,
    #4966,#4967,#4968,#4969,#4970,#4971,#4972,#4973,#4974,#4975,#4976,
    #4977,#4978,#4979,#4980,#4981,#4982,#4983,#4984,#4985,#4986,#4987,
    #4988,#4989,#4990,#4991,#4992,#4993,#4994,#4995,#4996,#4997,#4998,
    #4999,#5000,#5001,#5002,#5003,#5004),.UNSPECIFIED.,.F.,.F.,(8,6,6,6,
    6,6,6,8),(0.,0.152570135044,0.285784710049,0.422048851983,
    0.588484150374,0.714356307306,0.838007869418,1.),.UNSPECIFIED.);
#4961 = CARTESIAN_POINT('',(0.,5.931821291593));
#4962 = CARTESIAN_POINT('',(0.119604643539,5.931821291593));
#4963 = CARTESIAN_POINT('',(0.239160991612,5.934100713803));
#4964 = CARTESIAN_POINT('',(0.359984280139,5.938657759883));
#4965 = CARTESIAN_POINT('',(0.483166932324,5.94531275838));
#4966 = CARTESIAN_POINT('',(0.609924372435,5.953694666143));
#4967 = CARTESIAN_POINT('',(0.741480941895,5.963076338289));
#4968 = CARTESIAN_POINT('',(1.000282867775,5.98040301405));
#4969 = CARTESIAN_POINT('',(1.130146066506,5.988658845352));
#4970 = CARTESIAN_POINT('',(1.265323947979,5.995951467881));
#4971 = CARTESIAN_POINT('',(1.403706241357,6.000833284992));
#4972 = CARTESIAN_POINT('',(1.543666536885,6.002256601338));
#4973 = CARTESIAN_POINT('',(1.683789364377,6.000326969143));
#4974 = CARTESIAN_POINT('',(1.963624883896,5.991149409887));
#4975 = CARTESIAN_POINT('',(2.098375120094,5.983941678555));
#4976 = CARTESIAN_POINT('',(2.227684999353,5.975207769958));
#4977 = CARTESIAN_POINT('',(2.352262826702,5.966102097832));
#4978 = CARTESIAN_POINT('',(2.472641513862,5.957534835353));
#4979 = CARTESIAN_POINT('',(2.589102814779,5.950123696396));
#4980 = CARTESIAN_POINT('',(2.839382875206,5.936961521365));
#4981 = CARTESIAN_POINT('',(2.973245351111,5.931841113622));
#4982 = CARTESIAN_POINT('',(3.105389267392,5.92944012081));
#4983 = CARTESIAN_POINT('',(3.23725598984,5.929996082093));
#4984 = CARTESIAN_POINT('',(3.370160235219,5.933515915242));
#4985 = CARTESIAN_POINT('',(3.505327720269,5.93966116534));
#4986 = CARTESIAN_POINT('',(3.749310104518,5.953718903245));
#4987 = CARTESIAN_POINT('',(3.857958689754,5.960918588575));
#4988 = CARTESIAN_POINT('',(3.97018627812,5.968942058108));
#4989 = CARTESIAN_POINT('',(4.086148943112,5.977244740295));
#4990 = CARTESIAN_POINT('',(4.206202574787,5.985070950412));
#4991 = CARTESIAN_POINT('',(4.330862534227,5.991520076888));
#4992 = CARTESIAN_POINT('',(4.58896367382,5.999984829708));
#4993 = CARTESIAN_POINT('',(4.718901758187,6.001967524115));
#4994 = CARTESIAN_POINT('',(4.849049825663,6.001106196842));
#4995 = CARTESIAN_POINT('',(4.978057769791,5.997254150126));
#4996 = CARTESIAN_POINT('',(5.104453296006,5.99113625983));
#4997 = CARTESIAN_POINT('',(5.226391988814,5.983879650652));
#4998 = CARTESIAN_POINT('',(5.490468781385,5.966765486923));
#4999 = CARTESIAN_POINT('',(5.632200165986,5.95647248802));
#5000 = CARTESIAN_POINT('',(5.76815548927,5.947081751594));
#5001 = CARTESIAN_POINT('',(5.899831265907,5.939566142057));
#5002 = CARTESIAN_POINT('',(6.028631905517,5.934403286028));
#5003 = CARTESIAN_POINT('',(6.155889980571,5.931821291593));
#5004 = CARTESIAN_POINT('',(6.28318530718,5.931821291593));
#5005 = ( GEOMETRIC_REPRESENTATION_CONTEXT(2) 
PARAMETRIC_REPRESENTATION_CONTEXT() REPRESENTATION_CONTEXT('2D SPACE',''
  ) );
#5006 = FACE_BOUND('',#5007,.T.);
#5007 = EDGE_LOOP('',(#5008));
#5008 = ORIENTED_EDGE('',*,*,#5009,.F.);
#5009 = EDGE_CURVE('',#5010,#5010,#5012,.T.);
#5010 = VERTEX_POINT('',#5011);
#5011 = CARTESIAN_POINT('',(4.329E+03,-18.0864635822,958.53696872955));
#5012 = SURFACE_CURVE('',#5013,(#5058,#5106),.PCURVE_S1.);
#5013 = B_SPLINE_CURVE_WITH_KNOTS('',7,(#5014,#5015,#5016,#5017,#5018,
    #5019,#5020,#5021,#5022,#5023,#5024,#5025,#5026,#5027,#5028,#5029,
    #5030,#5031,#5032,#5033,#5034,#5035,#5036,#5037,#5038,#5039,#5040,
    #5041,#5042,#5043,#5044,#5045,#5046,#5047,#5048,#5049,#5050,#5051,
    #5052,#5053,#5054,#5055,#5056,#5057),.UNSPECIFIED.,.T.,.F.,(8,6,6,6,
    6,6,6,8),(0.,0.152570134488,0.285784709008,0.422048850446,
    0.588484150937,0.714356307448,0.838007870045,1.),.UNSPECIFIED.);
#5014 = CARTESIAN_POINT('',(4.329E+03,-18.08646358221,958.53696872955));
#5015 = CARTESIAN_POINT('',(4.329197347662E+03,-18.08646358221,
    958.53696872955));
#5016 = CARTESIAN_POINT('',(4.329394616843E+03,-18.07466936013,
    958.56195576584));
#5017 = CARTESIAN_POINT('',(4.329589358649E+03,-18.05109505808,
    958.6119017469));
#5018 = CARTESIAN_POINT('',(4.329778804045E+03,-18.01519608748,
    958.68739058492));
#5019 = CARTESIAN_POINT('',(4.329959354804E+03,-17.9660243749,
    958.78932230493));
#5020 = CARTESIAN_POINT('',(4.330126031868E+03,-17.9022338577,
    958.91857406606));
#5021 = CARTESIAN_POINT('',(4.330398226686E+03,-17.75272569237,
    959.21218315607));
#5022 = CARTESIAN_POINT('',(4.330513223763E+03,-17.66839737769,
    959.37475574421));
#5023 = CARTESIAN_POINT('',(4.330603268667E+03,-17.57028360465,
    959.55927902909));
#5024 = CARTESIAN_POINT('',(4.330659380237E+03,-17.46090659632,
    959.75848919893));
#5025 = CARTESIAN_POINT('',(4.33067674347E+03,-17.34438446305,
    959.96315808665));
#5026 = CARTESIAN_POINT('',(4.33065492611E+03,-17.22616246776,
    960.16406532467));
#5027 = CARTESIAN_POINT('',(4.330540098875E+03,-16.99460319132,
    960.54678263791));
#5028 = CARTESIAN_POINT('',(4.330447474339E+03,-16.88547793343,
    960.72137766632));
#5029 = CARTESIAN_POINT('',(4.330328052603E+03,-16.7870419275,
    960.87440601268));
#5030 = CARTESIAN_POINT('',(4.330188370572E+03,-16.70112442796,
    961.00500814289));
#5031 = CARTESIAN_POINT('',(4.330034213185E+03,-16.62879031901,
    961.11315996975));
#5032 = CARTESIAN_POINT('',(4.32987074348E+03,-16.57040786706,
    961.19945906489));
#5033 = CARTESIAN_POINT('',(4.329497084197E+03,-16.4710937331,
    961.34515184052));
#5034 = CARTESIAN_POINT('',(4.329281711753E+03,-16.43613034454,
    961.39546939114));
#5035 = CARTESIAN_POINT('',(4.329061253755E+03,-16.42049431623,
    961.41774980029));
#5036 = CARTESIAN_POINT('',(4.328839196691E+03,-16.4241623125,
    961.41250856679));
#5037 = CARTESIAN_POINT('',(4.328619308325E+03,-16.44732042511,
    961.37943720638));
#5038 = CARTESIAN_POINT('',(4.328405971355E+03,-16.49008688939,
    961.31765401676));
#5039 = CARTESIAN_POINT('',(4.328053195754E+03,-16.59923126181,
    961.15672589444));
#5040 = CARTESIAN_POINT('',(4.327906335948E+03,-16.65795854793,
    961.06940662175));
#5041 = CARTESIAN_POINT('',(4.327768538504E+03,-16.72852261719,
    960.96323300767));
#5042 = CARTESIAN_POINT('',(4.327644182637E+03,-16.81047743616,
    960.83788846165));
#5043 = CARTESIAN_POINT('',(4.327538022562E+03,-16.9028148906,
    960.69360771936));
#5044 = CARTESIAN_POINT('',(4.327455263436E+03,-17.0039555017,
    960.53132529518));
#5045 = CARTESIAN_POINT('',(4.327349354649E+03,-17.21752993803,
    960.17833302596));
#5046 = CARTESIAN_POINT('',(4.327326537768E+03,-17.3269942765,
    959.9927006188));
#5047 = CARTESIAN_POINT('',(4.327337286077E+03,-17.4355699178,
    959.802919437));
#5048 = CARTESIAN_POINT('',(4.327381713642E+03,-17.53867691324,
    959.61662878931));
#5049 = CARTESIAN_POINT('',(4.327456343707E+03,-17.63267698088,
    959.441580115));
#5050 = CARTESIAN_POINT('',(4.327554253545E+03,-17.71517163602,
    959.28418196302));
#5051 = CARTESIAN_POINT('',(4.327810367278E+03,-17.87660549174,
    958.97034199527));
#5052 = CARTESIAN_POINT('',(4.327982752234E+03,-17.94959893954,
    958.82332763726));
#5053 = CARTESIAN_POINT('',(4.328172413166E+03,-18.00562362884,
    958.70750855606));
#5054 = CARTESIAN_POINT('',(4.328373029987E+03,-18.04639873484,
    958.6218527817));
#5055 = CARTESIAN_POINT('',(4.328579985523E+03,-18.07310296828,
    958.56527398055));
#5056 = CARTESIAN_POINT('',(4.328789962711E+03,-18.08646358221,
    958.53696872955));
#5057 = CARTESIAN_POINT('',(4.329E+03,-18.08646358221,958.53696872955));
#5058 = PCURVE('',#2267,#5059);
#5059 = DEFINITIONAL_REPRESENTATION('',(#5060),#5105);
#5060 = B_SPLINE_CURVE_WITH_KNOTS('',7,(#5061,#5062,#5063,#5064,#5065,
    #5066,#5067,#5068,#5069,#5070,#5071,#5072,#5073,#5074,#5075,#5076,
    #5077,#5078,#5079,#5080,#5081,#5082,#5083,#5084,#5085,#5086,#5087,
    #5088,#5089,#5090,#5091,#5092,#5093,#5094,#5095,#5096,#5097,#5098,
    #5099,#5100,#5101,#5102,#5103,#5104),.UNSPECIFIED.,.T.,.F.,(8,6,6,6,
    6,6,6,8),(0.,0.152570134488,0.285784709008,0.422048850446,
    0.588484150937,0.714356307448,0.838007870045,1.),.UNSPECIFIED.);
#5061 = CARTESIAN_POINT('',(4.271384078527,6.));
#5062 = CARTESIAN_POINT('',(4.271384078527,6.197347661839));
#5063 = CARTESIAN_POINT('',(4.27000254324,6.394616842954));
#5064 = CARTESIAN_POINT('',(4.267241045948,6.589358648762));
#5065 = CARTESIAN_POINT('',(4.263061559179,6.778804045201));
#5066 = CARTESIAN_POINT('',(4.257403148553,6.95935480377));
#5067 = CARTESIAN_POINT('',(4.250196903437,7.126031868266));
#5068 = CARTESIAN_POINT('',(4.233722757842,7.398226685911));
#5069 = CARTESIAN_POINT('',(4.22456591085,7.51322376276));
#5070 = CARTESIAN_POINT('',(4.214117450562,7.603268667287));
#5071 = CARTESIAN_POINT('',(4.20275652875,7.659380237009));
#5072 = CARTESIAN_POINT('',(4.190982840995,7.676743469848));
#5073 = CARTESIAN_POINT('',(4.179328215251,7.654926109922));
#5074 = CARTESIAN_POINT('',(4.156962379678,7.540098874695));
#5075 = CARTESIAN_POINT('',(4.146668835456,7.447474338681));
#5076 = CARTESIAN_POINT('',(4.137572192207,7.328052603153));
#5077 = CARTESIAN_POINT('',(4.129756175492,7.188370572387));
#5078 = CARTESIAN_POINT('',(4.123250756306,7.034213185407));
#5079 = CARTESIAN_POINT('',(4.118041169266,6.870743479686));
#5080 = CARTESIAN_POINT('',(4.109225036033,6.49708419689));
#5081 = CARTESIAN_POINT('',(4.106161542408,6.281711753114));
#5082 = CARTESIAN_POINT('',(4.104800514572,6.06125375468));
#5083 = CARTESIAN_POINT('',(4.105120385303,5.839196691484));
#5084 = CARTESIAN_POINT('',(4.107139103039,5.619308324502));
#5085 = CARTESIAN_POINT('',(4.110895971682,5.405971355469));
#5086 = CARTESIAN_POINT('',(4.120618414094,5.053195753591));
#5087 = CARTESIAN_POINT('',(4.125879922195,4.906335948397));
#5088 = CARTESIAN_POINT('',(4.132253946563,4.768538504107));
#5089 = CARTESIAN_POINT('',(4.139741496879,4.644182636973));
#5090 = CARTESIAN_POINT('',(4.148305546389,4.538022561861));
#5091 = CARTESIAN_POINT('',(4.157865700155,4.455263436157));
#5092 = CARTESIAN_POINT('',(4.17849441691,4.34935464936));
#5093 = CARTESIAN_POINT('',(4.18926891653,4.326537768084));
#5094 = CARTESIAN_POINT('',(4.20019960221,4.337286076816));
#5095 = CARTESIAN_POINT('',(4.210843867136,4.381713642191));
#5096 = CARTESIAN_POINT('',(4.220777611952,4.456343707027));
#5097 = CARTESIAN_POINT('',(4.229662662435,4.554253544536));
#5098 = CARTESIAN_POINT('',(4.247308937901,4.810367278242));
#5099 = CARTESIAN_POINT('',(4.255515001965,4.982752234069));
#5100 = CARTESIAN_POINT('',(4.261947598253,5.172413166446));
#5101 = CARTESIAN_POINT('',(4.266690869856,5.373029986805));
#5102 = CARTESIAN_POINT('',(4.269819075081,5.57998552295));
#5103 = CARTESIAN_POINT('',(4.271384078527,5.789962711095));
#5104 = CARTESIAN_POINT('',(4.271384078527,6.));
#5105 = ( GEOMETRIC_REPRESENTATION_CONTEXT(2) 
PARAMETRIC_REPRESENTATION_CONTEXT() REPRESENTATION_CONTEXT('2D SPACE',''
  ) );
#5106 = PCURVE('',#5107,#5112);
#5107 = CYLINDRICAL_SURFACE('',#5108,1.65);
#5108 = AXIS2_PLACEMENT_3D('',#5109,#5110,#5111);
#5109 = CARTESIAN_POINT('',(4.329E+03,-12.12435565298,957.));
#5110 = DIRECTION('',(0.,-0.866025403784,0.5));
#5111 = DIRECTION('',(0.,-0.5,-0.866025403784));
#5112 = DEFINITIONAL_REPRESENTATION('',(#5113),#5158);
#5113 = B_SPLINE_CURVE_WITH_KNOTS('',7,(#5114,#5115,#5116,#5117,#5118,
    #5119,#5120,#5121,#5122,#5123,#5124,#5125,#5126,#5127,#5128,#5129,
    #5130,#5131,#5132,#5133,#5134,#5135,#5136,#5137,#5138,#5139,#5140,
    #5141,#5142,#5143,#5144,#5145,#5146,#5147,#5148,#5149,#5150,#5151,
    #5152,#5153,#5154,#5155,#5156,#5157),.UNSPECIFIED.,.F.,.F.,(8,6,6,6,
    6,6,6,8),(0.,0.152570134488,0.285784709008,0.422048850446,
    0.588484150937,0.714356307448,0.838007870045,1.),.UNSPECIFIED.);
#5114 = CARTESIAN_POINT('',(0.,5.931821291593));
#5115 = CARTESIAN_POINT('',(0.119604643539,5.931821291593));
#5116 = CARTESIAN_POINT('',(0.239160991612,5.934100713803));
#5117 = CARTESIAN_POINT('',(0.359984280139,5.938657759883));
#5118 = CARTESIAN_POINT('',(0.483166932325,5.94531275838));
#5119 = CARTESIAN_POINT('',(0.609924372435,5.953694666143));
#5120 = CARTESIAN_POINT('',(0.741480941895,5.963076338289));
#5121 = CARTESIAN_POINT('',(1.000282867775,5.98040301405));
#5122 = CARTESIAN_POINT('',(1.130146066506,5.988658845351));
#5123 = CARTESIAN_POINT('',(1.265323947979,5.995951467881));
#5124 = CARTESIAN_POINT('',(1.403706241357,6.000833284992));
#5125 = CARTESIAN_POINT('',(1.543666536885,6.002256601338));
#5126 = CARTESIAN_POINT('',(1.683789364377,6.000326969143));
#5127 = CARTESIAN_POINT('',(1.963624883897,5.991149409887));
#5128 = CARTESIAN_POINT('',(2.098375120093,5.983941678555));
#5129 = CARTESIAN_POINT('',(2.227684999353,5.975207769958));
#5130 = CARTESIAN_POINT('',(2.352262826702,5.966102097832));
#5131 = CARTESIAN_POINT('',(2.472641513862,5.957534835352));
#5132 = CARTESIAN_POINT('',(2.589102814779,5.950123696396));
#5133 = CARTESIAN_POINT('',(2.839382877444,5.936961521247));
#5134 = CARTESIAN_POINT('',(2.973245342449,5.93184111386));
#5135 = CARTESIAN_POINT('',(3.105389282959,5.929440120703));
#5136 = CARTESIAN_POINT('',(3.2372559743,5.929996081899));
#5137 = CARTESIAN_POINT('',(3.370160243836,5.933515915526));
#5138 = CARTESIAN_POINT('',(3.505327718048,5.939661165212));
#5139 = CARTESIAN_POINT('',(3.749310104519,5.953718903245));
#5140 = CARTESIAN_POINT('',(3.857958689754,5.960918588575));
#5141 = CARTESIAN_POINT('',(3.97018627812,5.968942058108));
#5142 = CARTESIAN_POINT('',(4.08614894311,5.977244740295));
#5143 = CARTESIAN_POINT('',(4.206202574788,5.985070950412));
#5144 = CARTESIAN_POINT('',(4.330862534227,5.991520076888));
#5145 = CARTESIAN_POINT('',(4.58896367475,5.999984829738));
#5146 = CARTESIAN_POINT('',(4.71890175449,6.00196752408));
#5147 = CARTESIAN_POINT('',(4.849049832356,6.001106196784));
#5148 = CARTESIAN_POINT('',(4.978057763142,5.997254150294));
#5149 = CARTESIAN_POINT('',(5.104453299623,5.991136259675));
#5150 = CARTESIAN_POINT('',(5.226391987923,5.98387965071));
#5151 = CARTESIAN_POINT('',(5.490468781385,5.966765486923));
#5152 = CARTESIAN_POINT('',(5.632200165986,5.95647248802));
#5153 = CARTESIAN_POINT('',(5.76815548927,5.947081751594));
#5154 = CARTESIAN_POINT('',(5.899831265908,5.939566142057));
#5155 = CARTESIAN_POINT('',(6.028631905517,5.934403286028));
#5156 = CARTESIAN_POINT('',(6.155889980571,5.931821291593));
#5157 = CARTESIAN_POINT('',(6.28318530718,5.931821291593));
#5158 = ( GEOMETRIC_REPRESENTATION_CONTEXT(2) 
PARAMETRIC_REPRESENTATION_CONTEXT() REPRESENTATION_CONTEXT('2D SPACE',''
  ) );
#5159 = ADVANCED_FACE('',(#5160),#2322,.T.);
#5160 = FACE_BOUND('',#5161,.T.);
#5161 = EDGE_LOOP('',(#5162,#5163,#5164,#5165));
#5162 = ORIENTED_EDGE('',*,*,#2453,.F.);
#5163 = ORIENTED_EDGE('',*,*,#2382,.F.);
#5164 = ORIENTED_EDGE('',*,*,#2304,.T.);
#5165 = ORIENTED_EDGE('',*,*,#5166,.F.);
#5166 = EDGE_CURVE('',#2431,#2307,#5167,.T.);
#5167 = SURFACE_CURVE('',#5168,(#5173,#5180),.PCURVE_S1.);
#5168 = ELLIPSE('',#5169,3.181980515339,2.25);
#5169 = AXIS2_PLACEMENT_3D('',#5170,#5171,#5172);
#5170 = CARTESIAN_POINT('',(4.305E+03,0.,970.));
#5171 = DIRECTION('',(0.,0.,1.));
#5172 = DIRECTION('',(1.,0.,-0.));
#5173 = PCURVE('',#2322,#5174);
#5174 = DEFINITIONAL_REPRESENTATION('',(#5175),#5179);
#5175 = ELLIPSE('',#5176,3.181980515339,2.25);
#5176 = AXIS2_PLACEMENT_2D('',#5177,#5178);
#5177 = CARTESIAN_POINT('',(4.5,2.25));
#5178 = DIRECTION('',(1.,0.));
#5179 = ( GEOMETRIC_REPRESENTATION_CONTEXT(2) 
PARAMETRIC_REPRESENTATION_CONTEXT() REPRESENTATION_CONTEXT('2D SPACE',''
  ) );
#5180 = PCURVE('',#3916,#5181);
#5181 = DEFINITIONAL_REPRESENTATION('',(#5182),#5213);
#5182 = B_SPLINE_CURVE_WITH_KNOTS('',8,(#5183,#5184,#5185,#5186,#5187,
    #5188,#5189,#5190,#5191,#5192,#5193,#5194,#5195,#5196,#5197,#5198,
    #5199,#5200,#5201,#5202,#5203,#5204,#5205,#5206,#5207,#5208,#5209,
    #5210,#5211,#5212),.UNSPECIFIED.,.F.,.F.,(9,7,7,7,9),(0.,
    1.570796326795,2.748893571891,4.516039439535,6.28318530718),
  .UNSPECIFIED.);
#5183 = CARTESIAN_POINT('',(0.,30.534271247462));
#5184 = CARTESIAN_POINT('',(0.196349540849,30.534271247462));
#5185 = CARTESIAN_POINT('',(0.392699081698,30.435134501513));
#5186 = CARTESIAN_POINT('',(0.589048622551,30.236861851648));
#5187 = CARTESIAN_POINT('',(0.78539816339,29.947603436303));
#5188 = CARTESIAN_POINT('',(0.981747704252,29.583676085094));
#5189 = CARTESIAN_POINT('',(1.178097245094,29.167844286199));
#5190 = CARTESIAN_POINT('',(1.374446785946,28.726057714373));
#5191 = CARTESIAN_POINT('',(1.718058482432,27.952931397279));
#5192 = CARTESIAN_POINT('',(1.865320638068,27.621591668352));
#5193 = CARTESIAN_POINT('',(2.012582793707,27.301200565856));
#5194 = CARTESIAN_POINT('',(2.159844949343,27.00270963951));
#5195 = CARTESIAN_POINT('',(2.307107104979,26.736305118478));
#5196 = CARTESIAN_POINT('',(2.454369260617,26.510658537082));
#5197 = CARTESIAN_POINT('',(2.601631416254,26.332340570459));
#5198 = CARTESIAN_POINT('',(2.969786805347,26.01534489259));
#5199 = CARTESIAN_POINT('',(3.190680038801,25.941066658746));
#5200 = CARTESIAN_POINT('',(3.411573272258,25.996847765025));
#5201 = CARTESIAN_POINT('',(3.632466505696,26.184769430431));
#5202 = CARTESIAN_POINT('',(3.853359739167,26.492617442796));
#5203 = CARTESIAN_POINT('',(4.074252972623,26.894876016137));
#5204 = CARTESIAN_POINT('',(4.29514620608,27.357858151119));
#5205 = CARTESIAN_POINT('',(4.736932672991,28.332777894731));
#5206 = CARTESIAN_POINT('',(4.957825906438,28.844716042946));
#5207 = CARTESIAN_POINT('',(5.178719139927,29.344885606173));
#5208 = CARTESIAN_POINT('',(5.399612373312,29.794507939339));
#5209 = CARTESIAN_POINT('',(5.620505606832,30.157863536166));
#5210 = CARTESIAN_POINT('',(5.841398840261,30.408801124893));
#5211 = CARTESIAN_POINT('',(6.062292073724,30.534271247462));
#5212 = CARTESIAN_POINT('',(6.28318530718,30.534271247462));
#5213 = ( GEOMETRIC_REPRESENTATION_CONTEXT(2) 
PARAMETRIC_REPRESENTATION_CONTEXT() REPRESENTATION_CONTEXT('2D SPACE',''
  ) );
#5214 = ADVANCED_FACE('',(#5215,#5218),#2519,.T.);
#5215 = FACE_BOUND('',#5216,.T.);
#5216 = EDGE_LOOP('',(#5217));
#5217 = ORIENTED_EDGE('',*,*,#2504,.T.);
#5218 = FACE_BOUND('',#5219,.T.);
#5219 = EDGE_LOOP('',(#5220));
#5220 = ORIENTED_EDGE('',*,*,#5221,.F.);
#5221 = EDGE_CURVE('',#5222,#5222,#5224,.T.);
#5222 = VERTEX_POINT('',#5223);
#5223 = CARTESIAN_POINT('',(4.255E+03,20.3,954.25));
#5224 = SURFACE_CURVE('',#5225,(#5230,#5237),.PCURVE_S1.);
#5225 = CIRCLE('',#5226,4.25);
#5226 = AXIS2_PLACEMENT_3D('',#5227,#5228,#5229);
#5227 = CARTESIAN_POINT('',(4.255E+03,20.3,950.));
#5228 = DIRECTION('',(0.,1.,0.));
#5229 = DIRECTION('',(0.,-0.,1.));
#5230 = PCURVE('',#2519,#5231);
#5231 = DEFINITIONAL_REPRESENTATION('',(#5232),#5236);
#5232 = CIRCLE('',#5233,4.25);
#5233 = AXIS2_PLACEMENT_2D('',#5234,#5235);
#5234 = CARTESIAN_POINT('',(0.,0.));
#5235 = DIRECTION('',(1.,0.));
#5236 = ( GEOMETRIC_REPRESENTATION_CONTEXT(2) 
PARAMETRIC_REPRESENTATION_CONTEXT() REPRESENTATION_CONTEXT('2D SPACE',''
  ) );
#5237 = PCURVE('',#4393,#5238);
#5238 = DEFINITIONAL_REPRESENTATION('',(#5239),#5243);
#5239 = LINE('',#5240,#5241);
#5240 = CARTESIAN_POINT('',(0.,20.3));
#5241 = VECTOR('',#5242,1.);
#5242 = DIRECTION('',(1.,0.));
#5243 = ( GEOMETRIC_REPRESENTATION_CONTEXT(2) 
PARAMETRIC_REPRESENTATION_CONTEXT() REPRESENTATION_CONTEXT('2D SPACE',''
  ) );
#5244 = ADVANCED_FACE('',(#5245,#5248),#3346,.T.);
#5245 = FACE_BOUND('',#5246,.T.);
#5246 = EDGE_LOOP('',(#5247));
#5247 = ORIENTED_EDGE('',*,*,#3331,.T.);
#5248 = FACE_BOUND('',#5249,.T.);
#5249 = EDGE_LOOP('',(#5250));
#5250 = ORIENTED_EDGE('',*,*,#5251,.F.);
#5251 = EDGE_CURVE('',#5252,#5252,#5254,.T.);
#5252 = VERTEX_POINT('',#5253);
#5253 = CARTESIAN_POINT('',(4.304E+03,-16.8,948.5));
#5254 = SURFACE_CURVE('',#5255,(#5260,#5267),.PCURVE_S1.);
#5255 = CIRCLE('',#5256,1.5);
#5256 = AXIS2_PLACEMENT_3D('',#5257,#5258,#5259);
#5257 = CARTESIAN_POINT('',(4.304E+03,-16.8,950.));
#5258 = DIRECTION('',(0.,-1.,1.224646799147E-16));
#5259 = DIRECTION('',(0.,-1.224646799147E-16,-1.));
#5260 = PCURVE('',#3346,#5261);
#5261 = DEFINITIONAL_REPRESENTATION('',(#5262),#5266);
#5262 = CIRCLE('',#5263,1.5);
#5263 = AXIS2_PLACEMENT_2D('',#5264,#5265);
#5264 = CARTESIAN_POINT('',(0.,7.88860905221E-31));
#5265 = DIRECTION('',(0.,-1.));
#5266 = ( GEOMETRIC_REPRESENTATION_CONTEXT(2) 
PARAMETRIC_REPRESENTATION_CONTEXT() REPRESENTATION_CONTEXT('2D SPACE',''
  ) );
#5267 = PCURVE('',#4159,#5268);
#5268 = DEFINITIONAL_REPRESENTATION('',(#5269),#5273);
#5269 = LINE('',#5270,#5271);
#5270 = CARTESIAN_POINT('',(0.,2.8));
#5271 = VECTOR('',#5272,1.);
#5272 = DIRECTION('',(1.,0.));
#5273 = ( GEOMETRIC_REPRESENTATION_CONTEXT(2) 
PARAMETRIC_REPRESENTATION_CONTEXT() REPRESENTATION_CONTEXT('2D SPACE',''
  ) );
#5274 = ADVANCED_FACE('',(#5275,#5278),#3646,.F.);
#5275 = FACE_BOUND('',#5276,.F.);
#5276 = EDGE_LOOP('',(#5277));
#5277 = ORIENTED_EDGE('',*,*,#3631,.T.);
#5278 = FACE_BOUND('',#5279,.F.);
#5279 = EDGE_LOOP('',(#5280));
#5280 = ORIENTED_EDGE('',*,*,#5281,.F.);
#5281 = EDGE_CURVE('',#5282,#5282,#5284,.T.);
#5282 = VERTEX_POINT('',#5283);
#5283 = CARTESIAN_POINT('',(4.319E+03,-1.714505518806E-15,936.5));
#5284 = SURFACE_CURVE('',#5285,(#5290,#5297),.PCURVE_S1.);
#5285 = CIRCLE('',#5286,7.);
#5286 = AXIS2_PLACEMENT_3D('',#5287,#5288,#5289);
#5287 = CARTESIAN_POINT('',(4.319E+03,0.,943.5));
#5288 = DIRECTION('',(1.,0.,2.22044604925E-16));
#5289 = DIRECTION('',(2.22044604925E-16,0.,-1.));
#5290 = PCURVE('',#3646,#5291);
#5291 = DEFINITIONAL_REPRESENTATION('',(#5292),#5296);
#5292 = CIRCLE('',#5293,7.);
#5293 = AXIS2_PLACEMENT_2D('',#5294,#5295);
#5294 = CARTESIAN_POINT('',(6.5,0.));
#5295 = DIRECTION('',(1.,0.));
#5296 = ( GEOMETRIC_REPRESENTATION_CONTEXT(2) 
PARAMETRIC_REPRESENTATION_CONTEXT() REPRESENTATION_CONTEXT('2D SPACE',''
  ) );
#5297 = PCURVE('',#5298,#5303);
#5298 = CYLINDRICAL_SURFACE('',#5299,7.);
#5299 = AXIS2_PLACEMENT_3D('',#5300,#5301,#5302);
#5300 = CARTESIAN_POINT('',(4.318E+03,0.,943.5));
#5301 = DIRECTION('',(1.,0.,2.22044604925E-16));
#5302 = DIRECTION('',(2.22044604925E-16,0.,-1.));
#5303 = DEFINITIONAL_REPRESENTATION('',(#5304),#5308);
#5304 = LINE('',#5305,#5306);
#5305 = CARTESIAN_POINT('',(0.,1.));
#5306 = VECTOR('',#5307,1.);
#5307 = DIRECTION('',(1.,0.));
#5308 = ( GEOMETRIC_REPRESENTATION_CONTEXT(2) 
PARAMETRIC_REPRESENTATION_CONTEXT() REPRESENTATION_CONTEXT('2D SPACE',''
  ) );
#5309 = ADVANCED_FACE('',(#5310,#5313),#3593,.F.);
#5310 = FACE_BOUND('',#5311,.F.);
#5311 = EDGE_LOOP('',(#5312));
#5312 = ORIENTED_EDGE('',*,*,#4242,.T.);
#5313 = FACE_BOUND('',#5314,.F.);
#5314 = EDGE_LOOP('',(#5315));
#5315 = ORIENTED_EDGE('',*,*,#3578,.F.);
#5316 = ADVANCED_FACE('',(#5317),#3916,.F.);
#5317 = FACE_BOUND('',#5318,.F.);
#5318 = EDGE_LOOP('',(#5319,#5320,#5341,#5342,#5343,#5344));
#5319 = ORIENTED_EDGE('',*,*,#4464,.F.);
#5320 = ORIENTED_EDGE('',*,*,#5321,.F.);
#5321 = EDGE_CURVE('',#3663,#4465,#5322,.T.);
#5322 = SEAM_CURVE('',#5323,(#5327,#5334),.PCURVE_S1.);
#5323 = LINE('',#5324,#5325);
#5324 = CARTESIAN_POINT('',(4.286590990258E+03,-5.510910596163E-16,
    948.40900974233));
#5325 = VECTOR('',#5326,1.);
#5326 = DIRECTION('',(0.707106781187,0.,0.707106781187));
#5327 = PCURVE('',#3916,#5328);
#5328 = DEFINITIONAL_REPRESENTATION('',(#5329),#5333);
#5329 = LINE('',#5330,#5331);
#5330 = CARTESIAN_POINT('',(6.28318530718,-0.));
#5331 = VECTOR('',#5332,1.);
#5332 = DIRECTION('',(0.,1.));
#5333 = ( GEOMETRIC_REPRESENTATION_CONTEXT(2) 
PARAMETRIC_REPRESENTATION_CONTEXT() REPRESENTATION_CONTEXT('2D SPACE',''
  ) );
#5334 = PCURVE('',#3916,#5335);
#5335 = DEFINITIONAL_REPRESENTATION('',(#5336),#5340);
#5336 = LINE('',#5337,#5338);
#5337 = CARTESIAN_POINT('',(0.,-0.));
#5338 = VECTOR('',#5339,1.);
#5339 = DIRECTION('',(0.,1.));
#5340 = ( GEOMETRIC_REPRESENTATION_CONTEXT(2) 
PARAMETRIC_REPRESENTATION_CONTEXT() REPRESENTATION_CONTEXT('2D SPACE',''
  ) );
#5341 = ORIENTED_EDGE('',*,*,#3662,.T.);
#5342 = ORIENTED_EDGE('',*,*,#5321,.T.);
#5343 = ORIENTED_EDGE('',*,*,#4515,.F.);
#5344 = ORIENTED_EDGE('',*,*,#5166,.F.);
#5345 = ADVANCED_FACE('',(#5346),#4159,.F.);
#5346 = FACE_BOUND('',#5347,.F.);
#5347 = EDGE_LOOP('',(#5348,#5349,#5370,#5371));
#5348 = ORIENTED_EDGE('',*,*,#5251,.F.);
#5349 = ORIENTED_EDGE('',*,*,#5350,.F.);
#5350 = EDGE_CURVE('',#4062,#5252,#5351,.T.);
#5351 = SEAM_CURVE('',#5352,(#5356,#5363),.PCURVE_S1.);
#5352 = LINE('',#5353,#5354);
#5353 = CARTESIAN_POINT('',(4.304E+03,-14.,948.5));
#5354 = VECTOR('',#5355,1.);
#5355 = DIRECTION('',(0.,-1.,1.224646799147E-16));
#5356 = PCURVE('',#4159,#5357);
#5357 = DEFINITIONAL_REPRESENTATION('',(#5358),#5362);
#5358 = LINE('',#5359,#5360);
#5359 = CARTESIAN_POINT('',(6.28318530718,-0.));
#5360 = VECTOR('',#5361,1.);
#5361 = DIRECTION('',(0.,1.));
#5362 = ( GEOMETRIC_REPRESENTATION_CONTEXT(2) 
PARAMETRIC_REPRESENTATION_CONTEXT() REPRESENTATION_CONTEXT('2D SPACE',''
  ) );
#5363 = PCURVE('',#4159,#5364);
#5364 = DEFINITIONAL_REPRESENTATION('',(#5365),#5369);
#5365 = LINE('',#5366,#5367);
#5366 = CARTESIAN_POINT('',(0.,-0.));
#5367 = VECTOR('',#5368,1.);
#5368 = DIRECTION('',(0.,1.));
#5369 = ( GEOMETRIC_REPRESENTATION_CONTEXT(2) 
PARAMETRIC_REPRESENTATION_CONTEXT() REPRESENTATION_CONTEXT('2D SPACE',''
  ) );
#5370 = ORIENTED_EDGE('',*,*,#4061,.T.);
#5371 = ORIENTED_EDGE('',*,*,#5350,.T.);
#5372 = ADVANCED_FACE('',(#5373),#4393,.F.);
#5373 = FACE_BOUND('',#5374,.F.);
#5374 = EDGE_LOOP('',(#5375,#5376,#5397,#5398));
#5375 = ORIENTED_EDGE('',*,*,#5221,.F.);
#5376 = ORIENTED_EDGE('',*,*,#5377,.F.);
#5377 = EDGE_CURVE('',#4268,#5222,#5378,.T.);
#5378 = SEAM_CURVE('',#5379,(#5383,#5390),.PCURVE_S1.);
#5379 = LINE('',#5380,#5381);
#5380 = CARTESIAN_POINT('',(4.255E+03,0.,954.25));
#5381 = VECTOR('',#5382,1.);
#5382 = DIRECTION('',(0.,1.,0.));
#5383 = PCURVE('',#4393,#5384);
#5384 = DEFINITIONAL_REPRESENTATION('',(#5385),#5389);
#5385 = LINE('',#5386,#5387);
#5386 = CARTESIAN_POINT('',(6.28318530718,-0.));
#5387 = VECTOR('',#5388,1.);
#5388 = DIRECTION('',(0.,1.));
#5389 = ( GEOMETRIC_REPRESENTATION_CONTEXT(2) 
PARAMETRIC_REPRESENTATION_CONTEXT() REPRESENTATION_CONTEXT('2D SPACE',''
  ) );
#5390 = PCURVE('',#4393,#5391);
#5391 = DEFINITIONAL_REPRESENTATION('',(#5392),#5396);
#5392 = LINE('',#5393,#5394);
#5393 = CARTESIAN_POINT('',(0.,-0.));
#5394 = VECTOR('',#5395,1.);
#5395 = DIRECTION('',(0.,1.));
#5396 = ( GEOMETRIC_REPRESENTATION_CONTEXT(2) 
PARAMETRIC_REPRESENTATION_CONTEXT() REPRESENTATION_CONTEXT('2D SPACE',''
  ) );
#5397 = ORIENTED_EDGE('',*,*,#4267,.T.);
#5398 = ORIENTED_EDGE('',*,*,#5377,.T.);
#5399 = ADVANCED_FACE('',(#5400),#4632,.F.);
#5400 = FACE_BOUND('',#5401,.F.);
#5401 = EDGE_LOOP('',(#5402,#5403,#5426,#5453,#5454,#5455));
#5402 = ORIENTED_EDGE('',*,*,#4594,.F.);
#5403 = ORIENTED_EDGE('',*,*,#5404,.F.);
#5404 = EDGE_CURVE('',#5405,#4595,#5407,.T.);
#5405 = VERTEX_POINT('',#5406);
#5406 = CARTESIAN_POINT('',(4.329E+03,-1.65,936.));
#5407 = SEAM_CURVE('',#5408,(#5412,#5419),.PCURVE_S1.);
#5408 = LINE('',#5409,#5410);
#5409 = CARTESIAN_POINT('',(4.329E+03,-1.65,936.));
#5410 = VECTOR('',#5411,1.);
#5411 = DIRECTION('',(0.,-1.836970198721E-16,-1.));
#5412 = PCURVE('',#4632,#5413);
#5413 = DEFINITIONAL_REPRESENTATION('',(#5414),#5418);
#5414 = LINE('',#5415,#5416);
#5415 = CARTESIAN_POINT('',(6.28318530718,-0.));
#5416 = VECTOR('',#5417,1.);
#5417 = DIRECTION('',(0.,1.));
#5418 = ( GEOMETRIC_REPRESENTATION_CONTEXT(2) 
PARAMETRIC_REPRESENTATION_CONTEXT() REPRESENTATION_CONTEXT('2D SPACE',''
  ) );
#5419 = PCURVE('',#4632,#5420);
#5420 = DEFINITIONAL_REPRESENTATION('',(#5421),#5425);
#5421 = LINE('',#5422,#5423);
#5422 = CARTESIAN_POINT('',(0.,-0.));
#5423 = VECTOR('',#5424,1.);
#5424 = DIRECTION('',(0.,1.));
#5425 = ( GEOMETRIC_REPRESENTATION_CONTEXT(2) 
PARAMETRIC_REPRESENTATION_CONTEXT() REPRESENTATION_CONTEXT('2D SPACE',''
  ) );
#5426 = ORIENTED_EDGE('',*,*,#5427,.T.);
#5427 = EDGE_CURVE('',#5405,#5405,#5428,.T.);
#5428 = SURFACE_CURVE('',#5429,(#5434,#5441),.PCURVE_S1.);
#5429 = CIRCLE('',#5430,1.65);
#5430 = AXIS2_PLACEMENT_3D('',#5431,#5432,#5433);
#5431 = CARTESIAN_POINT('',(4.329E+03,-2.571758278209E-15,936.));
#5432 = DIRECTION('',(0.,-1.836970198721E-16,-1.));
#5433 = DIRECTION('',(0.,-1.,1.836970198721E-16));
#5434 = PCURVE('',#4632,#5435);
#5435 = DEFINITIONAL_REPRESENTATION('',(#5436),#5440);
#5436 = LINE('',#5437,#5438);
#5437 = CARTESIAN_POINT('',(0.,0.));
#5438 = VECTOR('',#5439,1.);
#5439 = DIRECTION('',(1.,0.));
#5440 = ( GEOMETRIC_REPRESENTATION_CONTEXT(2) 
PARAMETRIC_REPRESENTATION_CONTEXT() REPRESENTATION_CONTEXT('2D SPACE',''
  ) );
#5441 = PCURVE('',#5442,#5447);
#5442 = PLANE('',#5443);
#5443 = AXIS2_PLACEMENT_3D('',#5444,#5445,#5446);
#5444 = CARTESIAN_POINT('',(4.329E+03,-2.571758278209E-15,936.));
#5445 = DIRECTION('',(0.,-1.836970198721E-16,-1.));
#5446 = DIRECTION('',(0.,-1.,1.836970198721E-16));
#5447 = DEFINITIONAL_REPRESENTATION('',(#5448),#5452);
#5448 = CIRCLE('',#5449,1.65);
#5449 = AXIS2_PLACEMENT_2D('',#5450,#5451);
#5450 = CARTESIAN_POINT('',(0.,0.));
#5451 = DIRECTION('',(1.,0.));
#5452 = ( GEOMETRIC_REPRESENTATION_CONTEXT(2) 
PARAMETRIC_REPRESENTATION_CONTEXT() REPRESENTATION_CONTEXT('2D SPACE',''
  ) );
#5453 = ORIENTED_EDGE('',*,*,#5404,.T.);
#5454 = ORIENTED_EDGE('',*,*,#4655,.F.);
#5455 = ORIENTED_EDGE('',*,*,#4762,.F.);
#5456 = ADVANCED_FACE('',(#5457,#5460),#4749,.T.);
#5457 = FACE_BOUND('',#5458,.T.);
#5458 = EDGE_LOOP('',(#5459));
#5459 = ORIENTED_EDGE('',*,*,#4734,.T.);
#5460 = FACE_BOUND('',#5461,.T.);
#5461 = EDGE_LOOP('',(#5462));
#5462 = ORIENTED_EDGE('',*,*,#5463,.F.);
#5463 = EDGE_CURVE('',#5464,#5464,#5466,.T.);
#5464 = VERTEX_POINT('',#5465);
#5465 = CARTESIAN_POINT('',(4.335E+03,-1.714505518806E-15,936.5));
#5466 = SURFACE_CURVE('',#5467,(#5472,#5479),.PCURVE_S1.);
#5467 = CIRCLE('',#5468,7.);
#5468 = AXIS2_PLACEMENT_3D('',#5469,#5470,#5471);
#5469 = CARTESIAN_POINT('',(4.335E+03,0.,943.5));
#5470 = DIRECTION('',(1.,0.,2.22044604925E-16));
#5471 = DIRECTION('',(2.22044604925E-16,0.,-1.));
#5472 = PCURVE('',#4749,#5473);
#5473 = DEFINITIONAL_REPRESENTATION('',(#5474),#5478);
#5474 = CIRCLE('',#5475,7.);
#5475 = AXIS2_PLACEMENT_2D('',#5476,#5477);
#5476 = CARTESIAN_POINT('',(6.5,0.));
#5477 = DIRECTION('',(1.,0.));
#5478 = ( GEOMETRIC_REPRESENTATION_CONTEXT(2) 
PARAMETRIC_REPRESENTATION_CONTEXT() REPRESENTATION_CONTEXT('2D SPACE',''
  ) );
#5479 = PCURVE('',#5298,#5480);
#5480 = DEFINITIONAL_REPRESENTATION('',(#5481),#5485);
#5481 = LINE('',#5482,#5483);
#5482 = CARTESIAN_POINT('',(0.,17.));
#5483 = VECTOR('',#5484,1.);
#5484 = DIRECTION('',(1.,0.));
#5485 = ( GEOMETRIC_REPRESENTATION_CONTEXT(2) 
PARAMETRIC_REPRESENTATION_CONTEXT() REPRESENTATION_CONTEXT('2D SPACE',''
  ) );
#5486 = ADVANCED_FACE('',(#5487),#4954,.F.);
#5487 = FACE_BOUND('',#5488,.F.);
#5488 = EDGE_LOOP('',(#5489,#5490,#5513,#5540));
#5489 = ORIENTED_EDGE('',*,*,#4856,.F.);
#5490 = ORIENTED_EDGE('',*,*,#5491,.F.);
#5491 = EDGE_CURVE('',#5492,#4857,#5494,.T.);
#5492 = VERTEX_POINT('',#5493);
#5493 = CARTESIAN_POINT('',(4.329E+03,11.299355652982,958.42894191624));
#5494 = SEAM_CURVE('',#5495,(#5499,#5506),.PCURVE_S1.);
#5495 = LINE('',#5496,#5497);
#5496 = CARTESIAN_POINT('',(4.329E+03,11.299355652982,958.42894191624));
#5497 = VECTOR('',#5498,1.);
#5498 = DIRECTION('',(0.,0.866025403784,0.5));
#5499 = PCURVE('',#4954,#5500);
#5500 = DEFINITIONAL_REPRESENTATION('',(#5501),#5505);
#5501 = LINE('',#5502,#5503);
#5502 = CARTESIAN_POINT('',(6.28318530718,-0.));
#5503 = VECTOR('',#5504,1.);
#5504 = DIRECTION('',(0.,1.));
#5505 = ( GEOMETRIC_REPRESENTATION_CONTEXT(2) 
PARAMETRIC_REPRESENTATION_CONTEXT() REPRESENTATION_CONTEXT('2D SPACE',''
  ) );
#5506 = PCURVE('',#4954,#5507);
#5507 = DEFINITIONAL_REPRESENTATION('',(#5508),#5512);
#5508 = LINE('',#5509,#5510);
#5509 = CARTESIAN_POINT('',(0.,-0.));
#5510 = VECTOR('',#5511,1.);
#5511 = DIRECTION('',(0.,1.));
#5512 = ( GEOMETRIC_REPRESENTATION_CONTEXT(2) 
PARAMETRIC_REPRESENTATION_CONTEXT() REPRESENTATION_CONTEXT('2D SPACE',''
  ) );
#5513 = ORIENTED_EDGE('',*,*,#5514,.T.);
#5514 = EDGE_CURVE('',#5492,#5492,#5515,.T.);
#5515 = SURFACE_CURVE('',#5516,(#5521,#5528),.PCURVE_S1.);
#5516 = CIRCLE('',#5517,1.65);
#5517 = AXIS2_PLACEMENT_3D('',#5518,#5519,#5520);
#5518 = CARTESIAN_POINT('',(4.329E+03,12.124355652982,957.));
#5519 = DIRECTION('',(0.,0.866025403784,0.5));
#5520 = DIRECTION('',(0.,-0.5,0.866025403784));
#5521 = PCURVE('',#4954,#5522);
#5522 = DEFINITIONAL_REPRESENTATION('',(#5523),#5527);
#5523 = LINE('',#5524,#5525);
#5524 = CARTESIAN_POINT('',(0.,0.));
#5525 = VECTOR('',#5526,1.);
#5526 = DIRECTION('',(1.,0.));
#5527 = ( GEOMETRIC_REPRESENTATION_CONTEXT(2) 
PARAMETRIC_REPRESENTATION_CONTEXT() REPRESENTATION_CONTEXT('2D SPACE',''
  ) );
#5528 = PCURVE('',#5529,#5534);
#5529 = PLANE('',#5530);
#5530 = AXIS2_PLACEMENT_3D('',#5531,#5532,#5533);
#5531 = CARTESIAN_POINT('',(4.329E+03,12.124355652982,957.));
#5532 = DIRECTION('',(0.,0.866025403784,0.5));
#5533 = DIRECTION('',(0.,-0.5,0.866025403784));
#5534 = DEFINITIONAL_REPRESENTATION('',(#5535),#5539);
#5535 = CIRCLE('',#5536,1.65);
#5536 = AXIS2_PLACEMENT_2D('',#5537,#5538);
#5537 = CARTESIAN_POINT('',(0.,0.));
#5538 = DIRECTION('',(1.,0.));
#5539 = ( GEOMETRIC_REPRESENTATION_CONTEXT(2) 
PARAMETRIC_REPRESENTATION_CONTEXT() REPRESENTATION_CONTEXT('2D SPACE',''
  ) );
#5540 = ORIENTED_EDGE('',*,*,#5491,.T.);
#5541 = ADVANCED_FACE('',(#5542),#5107,.F.);
#5542 = FACE_BOUND('',#5543,.F.);
#5543 = EDGE_LOOP('',(#5544,#5545,#5568,#5595));
#5544 = ORIENTED_EDGE('',*,*,#5009,.F.);
#5545 = ORIENTED_EDGE('',*,*,#5546,.F.);
#5546 = EDGE_CURVE('',#5547,#5010,#5549,.T.);
#5547 = VERTEX_POINT('',#5548);
#5548 = CARTESIAN_POINT('',(4.329E+03,-12.94935565298,955.57105808375));
#5549 = SEAM_CURVE('',#5550,(#5554,#5561),.PCURVE_S1.);
#5550 = LINE('',#5551,#5552);
#5551 = CARTESIAN_POINT('',(4.329E+03,-12.94935565298,955.57105808375));
#5552 = VECTOR('',#5553,1.);
#5553 = DIRECTION('',(0.,-0.866025403784,0.5));
#5554 = PCURVE('',#5107,#5555);
#5555 = DEFINITIONAL_REPRESENTATION('',(#5556),#5560);
#5556 = LINE('',#5557,#5558);
#5557 = CARTESIAN_POINT('',(6.28318530718,-0.));
#5558 = VECTOR('',#5559,1.);
#5559 = DIRECTION('',(0.,1.));
#5560 = ( GEOMETRIC_REPRESENTATION_CONTEXT(2) 
PARAMETRIC_REPRESENTATION_CONTEXT() REPRESENTATION_CONTEXT('2D SPACE',''
  ) );
#5561 = PCURVE('',#5107,#5562);
#5562 = DEFINITIONAL_REPRESENTATION('',(#5563),#5567);
#5563 = LINE('',#5564,#5565);
#5564 = CARTESIAN_POINT('',(0.,-0.));
#5565 = VECTOR('',#5566,1.);
#5566 = DIRECTION('',(0.,1.));
#5567 = ( GEOMETRIC_REPRESENTATION_CONTEXT(2) 
PARAMETRIC_REPRESENTATION_CONTEXT() REPRESENTATION_CONTEXT('2D SPACE',''
  ) );
#5568 = ORIENTED_EDGE('',*,*,#5569,.T.);
#5569 = EDGE_CURVE('',#5547,#5547,#5570,.T.);
#5570 = SURFACE_CURVE('',#5571,(#5576,#5583),.PCURVE_S1.);
#5571 = CIRCLE('',#5572,1.65);
#5572 = AXIS2_PLACEMENT_3D('',#5573,#5574,#5575);
#5573 = CARTESIAN_POINT('',(4.329E+03,-12.12435565298,957.));
#5574 = DIRECTION('',(0.,-0.866025403784,0.5));
#5575 = DIRECTION('',(0.,-0.5,-0.866025403784));
#5576 = PCURVE('',#5107,#5577);
#5577 = DEFINITIONAL_REPRESENTATION('',(#5578),#5582);
#5578 = LINE('',#5579,#5580);
#5579 = CARTESIAN_POINT('',(0.,0.));
#5580 = VECTOR('',#5581,1.);
#5581 = DIRECTION('',(1.,0.));
#5582 = ( GEOMETRIC_REPRESENTATION_CONTEXT(2) 
PARAMETRIC_REPRESENTATION_CONTEXT() REPRESENTATION_CONTEXT('2D SPACE',''
  ) );
#5583 = PCURVE('',#5584,#5589);
#5584 = PLANE('',#5585);
#5585 = AXIS2_PLACEMENT_3D('',#5586,#5587,#5588);
#5586 = CARTESIAN_POINT('',(4.329E+03,-12.12435565298,957.));
#5587 = DIRECTION('',(0.,-0.866025403784,0.5));
#5588 = DIRECTION('',(0.,-0.5,-0.866025403784));
#5589 = DEFINITIONAL_REPRESENTATION('',(#5590),#5594);
#5590 = CIRCLE('',#5591,1.65);
#5591 = AXIS2_PLACEMENT_2D('',#5592,#5593);
#5592 = CARTESIAN_POINT('',(0.,0.));
#5593 = DIRECTION('',(1.,0.));
#5594 = ( GEOMETRIC_REPRESENTATION_CONTEXT(2) 
PARAMETRIC_REPRESENTATION_CONTEXT() REPRESENTATION_CONTEXT('2D SPACE',''
  ) );
#5595 = ORIENTED_EDGE('',*,*,#5546,.T.);
#5596 = ADVANCED_FACE('',(#5597),#5298,.F.);
#5597 = FACE_BOUND('',#5598,.F.);
#5598 = EDGE_LOOP('',(#5599,#5600,#5621,#5622));
#5599 = ORIENTED_EDGE('',*,*,#5463,.F.);
#5600 = ORIENTED_EDGE('',*,*,#5601,.F.);
#5601 = EDGE_CURVE('',#5282,#5464,#5602,.T.);
#5602 = SEAM_CURVE('',#5603,(#5607,#5614),.PCURVE_S1.);
#5603 = LINE('',#5604,#5605);
#5604 = CARTESIAN_POINT('',(4.318E+03,-1.714505518806E-15,936.5));
#5605 = VECTOR('',#5606,1.);
#5606 = DIRECTION('',(1.,0.,2.22044604925E-16));
#5607 = PCURVE('',#5298,#5608);
#5608 = DEFINITIONAL_REPRESENTATION('',(#5609),#5613);
#5609 = LINE('',#5610,#5611);
#5610 = CARTESIAN_POINT('',(6.28318530718,-0.));
#5611 = VECTOR('',#5612,1.);
#5612 = DIRECTION('',(0.,1.));
#5613 = ( GEOMETRIC_REPRESENTATION_CONTEXT(2) 
PARAMETRIC_REPRESENTATION_CONTEXT() REPRESENTATION_CONTEXT('2D SPACE',''
  ) );
#5614 = PCURVE('',#5298,#5615);
#5615 = DEFINITIONAL_REPRESENTATION('',(#5616),#5620);
#5616 = LINE('',#5617,#5618);
#5617 = CARTESIAN_POINT('',(0.,-0.));
#5618 = VECTOR('',#5619,1.);
#5619 = DIRECTION('',(0.,1.));
#5620 = ( GEOMETRIC_REPRESENTATION_CONTEXT(2) 
PARAMETRIC_REPRESENTATION_CONTEXT() REPRESENTATION_CONTEXT('2D SPACE',''
  ) );
#5621 = ORIENTED_EDGE('',*,*,#5281,.T.);
#5622 = ORIENTED_EDGE('',*,*,#5601,.T.);
#5623 = ADVANCED_FACE('',(#5624),#5442,.T.);
#5624 = FACE_BOUND('',#5625,.F.);
#5625 = EDGE_LOOP('',(#5626));
#5626 = ORIENTED_EDGE('',*,*,#5427,.F.);
#5627 = ADVANCED_FACE('',(#5628),#5529,.T.);
#5628 = FACE_BOUND('',#5629,.F.);
#5629 = EDGE_LOOP('',(#5630));
#5630 = ORIENTED_EDGE('',*,*,#5514,.F.);
#5631 = ADVANCED_FACE('',(#5632),#5584,.T.);
#5632 = FACE_BOUND('',#5633,.F.);
#5633 = EDGE_LOOP('',(#5634));
#5634 = ORIENTED_EDGE('',*,*,#5569,.F.);
#5635 = MANIFOLD_SOLID_BREP('',#5636);
#5636 = CLOSED_SHELL('',(#5637,#6475,#6826,#7368,#7418,#7498,#7533,#7583
    ,#7608,#7721,#7748,#7775,#7849,#7918,#7961,#7988,#8013,#8044,#8069)
  );
#5637 = ADVANCED_FACE('',(#5638,#5862,#6036,#6210),#5653,.T.);
#5638 = FACE_BOUND('',#5639,.T.);
#5639 = EDGE_LOOP('',(#5640,#5680,#5706,#5734,#5760,#5789,#5815,#5838));
#5640 = ORIENTED_EDGE('',*,*,#5641,.T.);
#5641 = EDGE_CURVE('',#5642,#5644,#5646,.T.);
#5642 = VERTEX_POINT('',#5643);
#5643 = CARTESIAN_POINT('',(4.398E+03,5.75,973.30101929101));
#5644 = VERTEX_POINT('',#5645);
#5645 = CARTESIAN_POINT('',(4.398E+03,-5.75,973.30101929101));
#5646 = SURFACE_CURVE('',#5647,(#5652,#5664),.PCURVE_S1.);
#5647 = CIRCLE('',#5648,24.);
#5648 = AXIS2_PLACEMENT_3D('',#5649,#5650,#5651);
#5649 = CARTESIAN_POINT('',(4.398E+03,0.,950.));
#5650 = DIRECTION('',(-1.,0.,0.));
#5651 = DIRECTION('',(0.,0.239583333333,0.970875803792));
#5652 = PCURVE('',#5653,#5658);
#5653 = CYLINDRICAL_SURFACE('',#5654,24.);
#5654 = AXIS2_PLACEMENT_3D('',#5655,#5656,#5657);
#5655 = CARTESIAN_POINT('',(4.323E+03,0.,950.));
#5656 = DIRECTION('',(1.,0.,2.22044604925E-16));
#5657 = DIRECTION('',(2.22044604925E-16,0.,-1.));
#5658 = DEFINITIONAL_REPRESENTATION('',(#5659),#5663);
#5659 = LINE('',#5660,#5661);
#5660 = CARTESIAN_POINT('',(9.182841298246,75.));
#5661 = VECTOR('',#5662,1.);
#5662 = DIRECTION('',(-1.,-0.));
#5663 = ( GEOMETRIC_REPRESENTATION_CONTEXT(2) 
PARAMETRIC_REPRESENTATION_CONTEXT() REPRESENTATION_CONTEXT('2D SPACE',''
  ) );
#5664 = PCURVE('',#5665,#5670);
#5665 = PLANE('',#5666);
#5666 = AXIS2_PLACEMENT_3D('',#5667,#5668,#5669);
#5667 = CARTESIAN_POINT('',(4.398E+03,0.,950.));
#5668 = DIRECTION('',(1.,0.,2.22044604925E-16));
#5669 = DIRECTION('',(2.22044604925E-16,0.,-1.));
#5670 = DEFINITIONAL_REPRESENTATION('',(#5671),#5679);
#5671 = ( BOUNDED_CURVE() B_SPLINE_CURVE(2,(#5672,#5673,#5674,#5675,
#5676,#5677,#5678),.UNSPECIFIED.,.T.,.F.) B_SPLINE_CURVE_WITH_KNOTS((1,2
    ,2,2,2,1),(-2.094395102393,0.,2.094395102393,4.188790204786,
6.28318530718,8.377580409573),.UNSPECIFIED.) CURVE() 
GEOMETRIC_REPRESENTATION_ITEM() RATIONAL_B_SPLINE_CURVE((1.,0.5,1.,0.5,
1.,0.5,1.)) REPRESENTATION_ITEM('') );
#5672 = CARTESIAN_POINT('',(-23.30101929101,5.75));
#5673 = CARTESIAN_POINT('',(-13.34172714748,46.108549280171));
#5674 = CARTESIAN_POINT('',(16.630155717265,17.304274640086));
#5675 = CARTESIAN_POINT('',(46.602038582019,-11.5));
#5676 = CARTESIAN_POINT('',(6.670863573744,-23.05427464008));
#5677 = CARTESIAN_POINT('',(-33.26031143453,-34.60854928017));
#5678 = CARTESIAN_POINT('',(-23.30101929101,5.75));
#5679 = ( GEOMETRIC_REPRESENTATION_CONTEXT(2) 
PARAMETRIC_REPRESENTATION_CONTEXT() REPRESENTATION_CONTEXT('2D SPACE',''
  ) );
#5680 = ORIENTED_EDGE('',*,*,#5681,.F.);
#5681 = EDGE_CURVE('',#5682,#5644,#5684,.T.);
#5682 = VERTEX_POINT('',#5683);
#5683 = CARTESIAN_POINT('',(4.348E+03,-5.75,973.30101929101));
#5684 = SURFACE_CURVE('',#5685,(#5689,#5695),.PCURVE_S1.);
#5685 = LINE('',#5686,#5687);
#5686 = CARTESIAN_POINT('',(4.323E+03,-5.75,973.30101929101));
#5687 = VECTOR('',#5688,1.);
#5688 = DIRECTION('',(1.,0.,2.22044604925E-16));
#5689 = PCURVE('',#5653,#5690);
#5690 = DEFINITIONAL_REPRESENTATION('',(#5691),#5694);
#5691 = B_SPLINE_CURVE_WITH_KNOTS('',1,(#5692,#5693),.UNSPECIFIED.,.F.,
  .F.,(2,2),(25.,75.),.PIECEWISE_BEZIER_KNOTS.);
#5692 = CARTESIAN_POINT('',(3.383529316113,25.));
#5693 = CARTESIAN_POINT('',(3.383529316113,75.));
#5694 = ( GEOMETRIC_REPRESENTATION_CONTEXT(2) 
PARAMETRIC_REPRESENTATION_CONTEXT() REPRESENTATION_CONTEXT('2D SPACE',''
  ) );
#5695 = PCURVE('',#5696,#5701);
#5696 = PLANE('',#5697);
#5697 = AXIS2_PLACEMENT_3D('',#5698,#5699,#5700);
#5698 = CARTESIAN_POINT('',(4.348E+03,-5.75,962.));
#5699 = DIRECTION('',(-0.,1.,0.));
#5700 = DIRECTION('',(0.,0.,1.));
#5701 = DEFINITIONAL_REPRESENTATION('',(#5702),#5705);
#5702 = B_SPLINE_CURVE_WITH_KNOTS('',1,(#5703,#5704),.UNSPECIFIED.,.F.,
  .F.,(2,2),(19.9,75.0000006),.PIECEWISE_BEZIER_KNOTS.);
#5703 = CARTESIAN_POINT('',(11.30101929101,-5.1));
#5704 = CARTESIAN_POINT('',(11.30101929101,50.0000006));
#5705 = ( GEOMETRIC_REPRESENTATION_CONTEXT(2) 
PARAMETRIC_REPRESENTATION_CONTEXT() REPRESENTATION_CONTEXT('2D SPACE',''
  ) );
#5706 = ORIENTED_EDGE('',*,*,#5707,.F.);
#5707 = EDGE_CURVE('',#5708,#5682,#5710,.T.);
#5708 = VERTEX_POINT('',#5709);
#5709 = CARTESIAN_POINT('',(4.348E+03,-2.25,973.89429848311));
#5710 = SURFACE_CURVE('',#5711,(#5716,#5722),.PCURVE_S1.);
#5711 = CIRCLE('',#5712,24.);
#5712 = AXIS2_PLACEMENT_3D('',#5713,#5714,#5715);
#5713 = CARTESIAN_POINT('',(4.348E+03,0.,950.));
#5714 = DIRECTION('',(1.,0.,2.22044604925E-16));
#5715 = DIRECTION('',(2.22044604925E-16,0.,-1.));
#5716 = PCURVE('',#5653,#5717);
#5717 = DEFINITIONAL_REPRESENTATION('',(#5718),#5721);
#5718 = B_SPLINE_CURVE_WITH_KNOTS('',1,(#5719,#5720),.UNSPECIFIED.,.F.,
  .F.,(2,2),(3.235480528697,3.383529316113),.PIECEWISE_BEZIER_KNOTS.);
#5719 = CARTESIAN_POINT('',(3.235480528697,25.));
#5720 = CARTESIAN_POINT('',(3.383529316113,25.));
#5721 = ( GEOMETRIC_REPRESENTATION_CONTEXT(2) 
PARAMETRIC_REPRESENTATION_CONTEXT() REPRESENTATION_CONTEXT('2D SPACE',''
  ) );
#5722 = PCURVE('',#5723,#5728);
#5723 = PLANE('',#5724);
#5724 = AXIS2_PLACEMENT_3D('',#5725,#5726,#5727);
#5725 = CARTESIAN_POINT('',(4.348E+03,-5.75,962.));
#5726 = DIRECTION('',(1.,0.,-0.));
#5727 = DIRECTION('',(0.,0.,1.));
#5728 = DEFINITIONAL_REPRESENTATION('',(#5729),#5733);
#5729 = CIRCLE('',#5730,24.);
#5730 = AXIS2_PLACEMENT_2D('',#5731,#5732);
#5731 = CARTESIAN_POINT('',(-12.,-5.75));
#5732 = DIRECTION('',(-1.,0.));
#5733 = ( GEOMETRIC_REPRESENTATION_CONTEXT(2) 
PARAMETRIC_REPRESENTATION_CONTEXT() REPRESENTATION_CONTEXT('2D SPACE',''
  ) );
#5734 = ORIENTED_EDGE('',*,*,#5735,.F.);
#5735 = EDGE_CURVE('',#5736,#5708,#5738,.T.);
#5736 = VERTEX_POINT('',#5737);
#5737 = CARTESIAN_POINT('',(4.323E+03,-2.25,973.89429848311));
#5738 = SURFACE_CURVE('',#5739,(#5743,#5749),.PCURVE_S1.);
#5739 = LINE('',#5740,#5741);
#5740 = CARTESIAN_POINT('',(4.323E+03,-2.25,973.89429848311));
#5741 = VECTOR('',#5742,1.);
#5742 = DIRECTION('',(1.,0.,2.22044604925E-16));
#5743 = PCURVE('',#5653,#5744);
#5744 = DEFINITIONAL_REPRESENTATION('',(#5745),#5748);
#5745 = B_SPLINE_CURVE_WITH_KNOTS('',1,(#5746,#5747),.UNSPECIFIED.,.F.,
  .F.,(2,2),(0.,25.),.PIECEWISE_BEZIER_KNOTS.);
#5746 = CARTESIAN_POINT('',(3.235480528697,5.305600066643E-15));
#5747 = CARTESIAN_POINT('',(3.235480528697,25.));
#5748 = ( GEOMETRIC_REPRESENTATION_CONTEXT(2) 
PARAMETRIC_REPRESENTATION_CONTEXT() REPRESENTATION_CONTEXT('2D SPACE',''
  ) );
#5749 = PCURVE('',#5750,#5755);
#5750 = PLANE('',#5751);
#5751 = AXIS2_PLACEMENT_3D('',#5752,#5753,#5754);
#5752 = CARTESIAN_POINT('',(4.322E+03,-2.25,970.));
#5753 = DIRECTION('',(-0.,1.,0.));
#5754 = DIRECTION('',(0.,0.,1.));
#5755 = DEFINITIONAL_REPRESENTATION('',(#5756),#5759);
#5756 = B_SPLINE_CURVE_WITH_KNOTS('',1,(#5757,#5758),.UNSPECIFIED.,.F.,
  .F.,(2,2),(-6.000000212225E-07,28.7),.PIECEWISE_BEZIER_KNOTS.);
#5757 = CARTESIAN_POINT('',(3.894298483111,0.9999994));
#5758 = CARTESIAN_POINT('',(3.894298483111,29.7));
#5759 = ( GEOMETRIC_REPRESENTATION_CONTEXT(2) 
PARAMETRIC_REPRESENTATION_CONTEXT() REPRESENTATION_CONTEXT('2D SPACE',''
  ) );
#5760 = ORIENTED_EDGE('',*,*,#5761,.T.);
#5761 = EDGE_CURVE('',#5736,#5762,#5764,.T.);
#5762 = VERTEX_POINT('',#5763);
#5763 = CARTESIAN_POINT('',(4.323E+03,2.25,973.89429848311));
#5764 = SURFACE_CURVE('',#5765,(#5770,#5777),.PCURVE_S1.);
#5765 = CIRCLE('',#5766,24.);
#5766 = AXIS2_PLACEMENT_3D('',#5767,#5768,#5769);
#5767 = CARTESIAN_POINT('',(4.323E+03,0.,950.));
#5768 = DIRECTION('',(1.,0.,0.));
#5769 = DIRECTION('',(0.,-9.375E-02,0.99559577013));
#5770 = PCURVE('',#5653,#5771);
#5771 = DEFINITIONAL_REPRESENTATION('',(#5772),#5776);
#5772 = LINE('',#5773,#5774);
#5773 = CARTESIAN_POINT('',(3.235480528697,0.));
#5774 = VECTOR('',#5775,1.);
#5775 = DIRECTION('',(1.,0.));
#5776 = ( GEOMETRIC_REPRESENTATION_CONTEXT(2) 
PARAMETRIC_REPRESENTATION_CONTEXT() REPRESENTATION_CONTEXT('2D SPACE',''
  ) );
#5777 = PCURVE('',#5778,#5783);
#5778 = PLANE('',#5779);
#5779 = AXIS2_PLACEMENT_3D('',#5780,#5781,#5782);
#5780 = CARTESIAN_POINT('',(4.323E+03,0.,950.));
#5781 = DIRECTION('',(1.,0.,2.22044604925E-16));
#5782 = DIRECTION('',(2.22044604925E-16,0.,-1.));
#5783 = DEFINITIONAL_REPRESENTATION('',(#5784),#5788);
#5784 = CIRCLE('',#5785,24.);
#5785 = AXIS2_PLACEMENT_2D('',#5786,#5787);
#5786 = CARTESIAN_POINT('',(-1.136868377216E-13,0.));
#5787 = DIRECTION('',(-0.99559577013,-9.375E-02));
#5788 = ( GEOMETRIC_REPRESENTATION_CONTEXT(2) 
PARAMETRIC_REPRESENTATION_CONTEXT() REPRESENTATION_CONTEXT('2D SPACE',''
  ) );
#5789 = ORIENTED_EDGE('',*,*,#5790,.T.);
#5790 = EDGE_CURVE('',#5762,#5791,#5793,.T.);
#5791 = VERTEX_POINT('',#5792);
#5792 = CARTESIAN_POINT('',(4.348E+03,2.25,973.89429848311));
#5793 = SURFACE_CURVE('',#5794,(#5798,#5804),.PCURVE_S1.);
#5794 = LINE('',#5795,#5796);
#5795 = CARTESIAN_POINT('',(4.323E+03,2.25,973.89429848311));
#5796 = VECTOR('',#5797,1.);
#5797 = DIRECTION('',(1.,0.,2.22044604925E-16));
#5798 = PCURVE('',#5653,#5799);
#5799 = DEFINITIONAL_REPRESENTATION('',(#5800),#5803);
#5800 = B_SPLINE_CURVE_WITH_KNOTS('',1,(#5801,#5802),.UNSPECIFIED.,.F.,
  .F.,(2,2),(0.,25.),.PIECEWISE_BEZIER_KNOTS.);
#5801 = CARTESIAN_POINT('',(9.330890085662,5.305600066643E-15));
#5802 = CARTESIAN_POINT('',(9.330890085662,25.));
#5803 = ( GEOMETRIC_REPRESENTATION_CONTEXT(2) 
PARAMETRIC_REPRESENTATION_CONTEXT() REPRESENTATION_CONTEXT('2D SPACE',''
  ) );
#5804 = PCURVE('',#5805,#5810);
#5805 = PLANE('',#5806);
#5806 = AXIS2_PLACEMENT_3D('',#5807,#5808,#5809);
#5807 = CARTESIAN_POINT('',(4.322E+03,2.25,970.));
#5808 = DIRECTION('',(-0.,1.,0.));
#5809 = DIRECTION('',(0.,0.,1.));
#5810 = DEFINITIONAL_REPRESENTATION('',(#5811),#5814);
#5811 = B_SPLINE_CURVE_WITH_KNOTS('',1,(#5812,#5813),.UNSPECIFIED.,.F.,
  .F.,(2,2),(-6.000000212225E-07,28.7),.PIECEWISE_BEZIER_KNOTS.);
#5812 = CARTESIAN_POINT('',(3.894298483111,0.9999994));
#5813 = CARTESIAN_POINT('',(3.894298483111,29.7));
#5814 = ( GEOMETRIC_REPRESENTATION_CONTEXT(2) 
PARAMETRIC_REPRESENTATION_CONTEXT() REPRESENTATION_CONTEXT('2D SPACE',''
  ) );
#5815 = ORIENTED_EDGE('',*,*,#5816,.F.);
#5816 = EDGE_CURVE('',#5817,#5791,#5819,.T.);
#5817 = VERTEX_POINT('',#5818);
#5818 = CARTESIAN_POINT('',(4.348E+03,5.75,973.30101929101));
#5819 = SURFACE_CURVE('',#5820,(#5825,#5831),.PCURVE_S1.);
#5820 = CIRCLE('',#5821,24.);
#5821 = AXIS2_PLACEMENT_3D('',#5822,#5823,#5824);
#5822 = CARTESIAN_POINT('',(4.348E+03,0.,950.));
#5823 = DIRECTION('',(1.,0.,2.22044604925E-16));
#5824 = DIRECTION('',(2.22044604925E-16,0.,-1.));
#5825 = PCURVE('',#5653,#5826);
#5826 = DEFINITIONAL_REPRESENTATION('',(#5827),#5830);
#5827 = B_SPLINE_CURVE_WITH_KNOTS('',1,(#5828,#5829),.UNSPECIFIED.,.F.,
  .F.,(2,2),(2.899655991067,3.047704778482),.PIECEWISE_BEZIER_KNOTS.);
#5828 = CARTESIAN_POINT('',(9.182841298246,25.));
#5829 = CARTESIAN_POINT('',(9.330890085662,25.));
#5830 = ( GEOMETRIC_REPRESENTATION_CONTEXT(2) 
PARAMETRIC_REPRESENTATION_CONTEXT() REPRESENTATION_CONTEXT('2D SPACE',''
  ) );
#5831 = PCURVE('',#5723,#5832);
#5832 = DEFINITIONAL_REPRESENTATION('',(#5833),#5837);
#5833 = CIRCLE('',#5834,24.);
#5834 = AXIS2_PLACEMENT_2D('',#5835,#5836);
#5835 = CARTESIAN_POINT('',(-12.,-5.75));
#5836 = DIRECTION('',(-1.,0.));
#5837 = ( GEOMETRIC_REPRESENTATION_CONTEXT(2) 
PARAMETRIC_REPRESENTATION_CONTEXT() REPRESENTATION_CONTEXT('2D SPACE',''
  ) );
#5838 = ORIENTED_EDGE('',*,*,#5839,.T.);
#5839 = EDGE_CURVE('',#5817,#5642,#5840,.T.);
#5840 = SURFACE_CURVE('',#5841,(#5845,#5851),.PCURVE_S1.);
#5841 = LINE('',#5842,#5843);
#5842 = CARTESIAN_POINT('',(4.323E+03,5.75,973.30101929101));
#5843 = VECTOR('',#5844,1.);
#5844 = DIRECTION('',(1.,0.,2.22044604925E-16));
#5845 = PCURVE('',#5653,#5846);
#5846 = DEFINITIONAL_REPRESENTATION('',(#5847),#5850);
#5847 = B_SPLINE_CURVE_WITH_KNOTS('',1,(#5848,#5849),.UNSPECIFIED.,.F.,
  .F.,(2,2),(25.,75.),.PIECEWISE_BEZIER_KNOTS.);
#5848 = CARTESIAN_POINT('',(9.182841298246,25.));
#5849 = CARTESIAN_POINT('',(9.182841298246,75.));
#5850 = ( GEOMETRIC_REPRESENTATION_CONTEXT(2) 
PARAMETRIC_REPRESENTATION_CONTEXT() REPRESENTATION_CONTEXT('2D SPACE',''
  ) );
#5851 = PCURVE('',#5852,#5857);
#5852 = PLANE('',#5853);
#5853 = AXIS2_PLACEMENT_3D('',#5854,#5855,#5856);
#5854 = CARTESIAN_POINT('',(4.348E+03,5.75,962.));
#5855 = DIRECTION('',(-0.,1.,0.));
#5856 = DIRECTION('',(0.,0.,1.));
#5857 = DEFINITIONAL_REPRESENTATION('',(#5858),#5861);
#5858 = B_SPLINE_CURVE_WITH_KNOTS('',1,(#5859,#5860),.UNSPECIFIED.,.F.,
  .F.,(2,2),(19.9,75.0000006),.PIECEWISE_BEZIER_KNOTS.);
#5859 = CARTESIAN_POINT('',(11.30101929101,-5.1));
#5860 = CARTESIAN_POINT('',(11.30101929101,50.0000006));
#5861 = ( GEOMETRIC_REPRESENTATION_CONTEXT(2) 
PARAMETRIC_REPRESENTATION_CONTEXT() REPRESENTATION_CONTEXT('2D SPACE',''
  ) );
#5862 = FACE_BOUND('',#5863,.T.);
#5863 = EDGE_LOOP('',(#5864));
#5864 = ORIENTED_EDGE('',*,*,#5865,.F.);
#5865 = EDGE_CURVE('',#5866,#5866,#5868,.T.);
#5866 = VERTEX_POINT('',#5867);
#5867 = CARTESIAN_POINT('',(4.329E+03,19.568069491981,963.89570640007));
#5868 = SURFACE_CURVE('',#5869,(#5921,#5976),.PCURVE_S1.);
#5869 = B_SPLINE_CURVE_WITH_KNOTS('',8,(#5870,#5871,#5872,#5873,#5874,
    #5875,#5876,#5877,#5878,#5879,#5880,#5881,#5882,#5883,#5884,#5885,
    #5886,#5887,#5888,#5889,#5890,#5891,#5892,#5893,#5894,#5895,#5896,
    #5897,#5898,#5899,#5900,#5901,#5902,#5903,#5904,#5905,#5906,#5907,
    #5908,#5909,#5910,#5911,#5912,#5913,#5914,#5915,#5916,#5917,#5918,
    #5919,#5920),.UNSPECIFIED.,.T.,.F.,(9,7,7,7,7,7,7,9),(0.,
    0.154512581248,0.286397653345,0.411584437956,0.568908799407,
    0.70733312318,0.827995193447,1.),.UNSPECIFIED.);
#5870 = CARTESIAN_POINT('',(4.329E+03,19.568069491982,963.89570640007));
#5871 = CARTESIAN_POINT('',(4.329234682484E+03,19.568069491982,
    963.89570640007));
#5872 = CARTESIAN_POINT('',(4.329469028552E+03,19.584338358237,
    963.87279613725));
#5873 = CARTESIAN_POINT('',(4.329701282535E+03,19.616794288998,
    963.82709247341));
#5874 = CARTESIAN_POINT('',(4.329929481395E+03,19.665647861767,
    963.75797664296));
#5875 = CARTESIAN_POINT('',(4.330151026326E+03,19.731250384146,
    963.66433002967));
#5876 = CARTESIAN_POINT('',(4.330362417148E+03,19.813929877674,
    963.54465351411));
#5877 = CARTESIAN_POINT('',(4.3305588845E+03,19.913779445835,
    963.39724521475));
#5878 = CARTESIAN_POINT('',(4.330882830953E+03,20.129873127876,
    963.06984471115));
#5879 = CARTESIAN_POINT('',(4.331021720378E+03,20.245257399453,
    962.89220681305));
#5880 = CARTESIAN_POINT('',(4.33113830757E+03,20.373991068985,
    962.68981771485));
#5881 = CARTESIAN_POINT('',(4.331223584873E+03,20.511999446041,
    962.46701626523));
#5882 = CARTESIAN_POINT('',(4.331271557727E+03,20.65420629913,
    962.23007615087));
#5883 = CARTESIAN_POINT('',(4.331279350766E+03,20.795571512878,
    961.98657608261));
#5884 = CARTESIAN_POINT('',(4.331247337684E+03,20.931615932095,
    961.74468760621));
#5885 = CARTESIAN_POINT('',(4.33111474148E+03,21.179399901724,
    961.29142592469));
#5886 = CARTESIAN_POINT('',(4.331019669589E+03,21.288388374886,
    961.08577532818));
#5887 = CARTESIAN_POINT('',(4.3308997968E+03,21.385264530323,
    960.89764576574));
#5888 = CARTESIAN_POINT('',(4.330760067399E+03,21.470174015715,
    960.7285665378));
#5889 = CARTESIAN_POINT('',(4.330604869213E+03,21.543538222462,
    960.5793822142));
#5890 = CARTESIAN_POINT('',(4.330438145122E+03,21.605905989684,
    960.45039244831));
#5891 = CARTESIAN_POINT('',(4.330263444894E+03,21.657900225624,
    960.34142938977));
#5892 = CARTESIAN_POINT('',(4.329858366161E+03,21.753349388231,
    960.13939220222));
#5893 = CARTESIAN_POINT('',(4.329622791831E+03,21.791754561781,
    960.05637396408));
#5894 = CARTESIAN_POINT('',(4.329381172168E+03,21.816663197048,
    960.00179790527));
#5895 = CARTESIAN_POINT('',(4.329136340711E+03,21.828863628869,
    959.97488769701));
#5896 = CARTESIAN_POINT('',(4.328890640041E+03,21.828718861652,
    959.97524497239));
#5897 = CARTESIAN_POINT('',(4.328646262537E+03,21.81618304011,
    960.00290525342));
#5898 = CARTESIAN_POINT('',(4.328405578074E+03,21.790776145895,
    960.05836535927));
#5899 = CARTESIAN_POINT('',(4.327965955823E+03,21.716936392547,
    960.21671970462));
#5900 = CARTESIAN_POINT('',(4.327764389635E+03,21.671453383235,
    960.31350683149));
#5901 = CARTESIAN_POINT('',(4.327569977602E+03,21.614291543102,
    960.43377837586));
#5902 = CARTESIAN_POINT('',(4.327386289445E+03,21.544577552533,
    960.57818065016));
#5903 = CARTESIAN_POINT('',(4.327217660805E+03,21.461402656521,
    960.74699246674));
#5904 = CARTESIAN_POINT('',(4.327069299858E+03,21.363862577511,
    960.93996183661));
#5905 = CARTESIAN_POINT('',(4.326947501523E+03,21.251242006632,
    961.15603397309));
#5906 = CARTESIAN_POINT('',(4.326783956362E+03,21.012205514296,
    961.59923344837));
#5907 = CARTESIAN_POINT('',(4.326735096527E+03,20.891099770204,
    961.81825957345));
#5908 = CARTESIAN_POINT('',(4.326718830711E+03,20.762959408685,
    962.04351508794));
#5909 = CARTESIAN_POINT('',(4.326737362669E+03,20.631375380156,
    962.26783185074));
#5910 = CARTESIAN_POINT('',(4.326789906524E+03,20.500589402567,
    962.48411156666));
#5911 = CARTESIAN_POINT('',(4.326872764857E+03,20.375145122914,
    962.68605877121));
#5912 = CARTESIAN_POINT('',(4.326979367274E+03,20.259111581793,
    962.8687520733));
#5913 = CARTESIAN_POINT('',(4.327272598865E+03,20.00795536104,
    963.25728679707));
#5914 = CARTESIAN_POINT('',(4.327479688533E+03,19.880828426258,
    963.44746494279));
#5915 = CARTESIAN_POINT('',(4.327709890104E+03,19.775455106457,
    963.60111130071));
#5916 = CARTESIAN_POINT('',(4.327955417884E+03,19.691945546744,
    963.72075391565));
#5917 = CARTESIAN_POINT('',(4.328210704676E+03,19.629871427693,
    963.80867529383));
#5918 = CARTESIAN_POINT('',(4.328471771798E+03,19.588700740155,
    963.86665348145));
#5919 = CARTESIAN_POINT('',(4.328735721342E+03,19.568069491982,
    963.89570640007));
#5920 = CARTESIAN_POINT('',(4.329E+03,19.568069491982,963.89570640007));
#5921 = PCURVE('',#5653,#5922);
#5922 = DEFINITIONAL_REPRESENTATION('',(#5923),#5975);
#5923 = B_SPLINE_CURVE_WITH_KNOTS('',8,(#5924,#5925,#5926,#5927,#5928,
    #5929,#5930,#5931,#5932,#5933,#5934,#5935,#5936,#5937,#5938,#5939,
    #5940,#5941,#5942,#5943,#5944,#5945,#5946,#5947,#5948,#5949,#5950,
    #5951,#5952,#5953,#5954,#5955,#5956,#5957,#5958,#5959,#5960,#5961,
    #5962,#5963,#5964,#5965,#5966,#5967,#5968,#5969,#5970,#5971,#5972,
    #5973,#5974),.UNSPECIFIED.,.T.,.F.,(9,7,7,7,7,7,7,9),(0.,
    0.154512581248,0.286397653345,0.411584437956,0.568908799407,
    0.70733312318,0.827995193447,1.),.UNSPECIFIED.);
#5924 = CARTESIAN_POINT('',(8.47146828468,6.));
#5925 = CARTESIAN_POINT('',(8.47146828468,6.234682484074));
#5926 = CARTESIAN_POINT('',(8.470297491153,6.469028552047));
#5927 = CARTESIAN_POINT('',(8.467961847925,6.701282535111));
#5928 = CARTESIAN_POINT('',(8.464435255085,6.929481395255));
#5929 = CARTESIAN_POINT('',(8.459671227001,7.151026325598));
#5930 = CARTESIAN_POINT('',(8.453610739975,7.362417148323));
#5931 = CARTESIAN_POINT('',(8.446192833974,7.558884500272));
#5932 = CARTESIAN_POINT('',(8.429847623094,7.882830953286));
#5933 = CARTESIAN_POINT('',(8.42102192613,8.021720378217));
#5934 = CARTESIAN_POINT('',(8.41102844863,8.138307570268));
#5935 = CARTESIAN_POINT('',(8.400110037971,8.223584873436));
#5936 = CARTESIAN_POINT('',(8.388598302363,8.271557727248));
#5937 = CARTESIAN_POINT('',(8.376868425662,8.279350766448));
#5938 = CARTESIAN_POINT('',(8.365305875916,8.247337683531));
#5939 = CARTESIAN_POINT('',(8.343782187111,8.114741480183));
#5940 = CARTESIAN_POINT('',(8.334085255629,8.019669589259));
#5941 = CARTESIAN_POINT('',(8.325269216542,7.899796800189));
#5942 = CARTESIAN_POINT('',(8.317386448309,7.760067399299));
#5943 = CARTESIAN_POINT('',(8.310459786949,7.604869213005));
#5944 = CARTESIAN_POINT('',(8.304490083662,7.438145121526));
#5945 = CARTESIAN_POINT('',(8.299459596656,7.263444893987));
#5946 = CARTESIAN_POINT('',(8.290149211195,6.858366160508));
#5947 = CARTESIAN_POINT('',(8.286338032518,6.622791831368));
#5948 = CARTESIAN_POINT('',(8.283838395365,6.381172167826));
#5949 = CARTESIAN_POINT('',(8.28260725752,6.136340710698));
#5950 = CARTESIAN_POINT('',(8.28262332014,5.89064004104));
#5951 = CARTESIAN_POINT('',(8.283888677415,5.646262536517));
#5952 = CARTESIAN_POINT('',(8.28643040169,5.405578074033));
#5953 = CARTESIAN_POINT('',(8.293710560212,4.965955822822));
#5954 = CARTESIAN_POINT('',(8.298166433375,4.764389634969));
#5955 = CARTESIAN_POINT('',(8.303714841089,4.569977601642));
#5956 = CARTESIAN_POINT('',(8.310395836566,4.386289445351));
#5957 = CARTESIAN_POINT('',(8.318236477779,4.217660805393));
#5958 = CARTESIAN_POINT('',(8.327244631228,4.069299857621));
#5959 = CARTESIAN_POINT('',(8.337396143184,3.947501523163));
#5960 = CARTESIAN_POINT('',(8.358377460086,3.783956361802));
#5961 = CARTESIAN_POINT('',(8.368805134779,3.735096527054));
#5962 = CARTESIAN_POINT('',(8.37960183123,3.71883071079));
#5963 = CARTESIAN_POINT('',(8.390435817181,3.737362668912));
#5964 = CARTESIAN_POINT('',(8.400965414353,3.789906523987));
#5965 = CARTESIAN_POINT('',(8.410870294908,3.872764856704));
#5966 = CARTESIAN_POINT('',(8.419887794133,3.979367274499));
#5967 = CARTESIAN_POINT('',(8.439164591805,4.272598865131));
#5968 = CARTESIAN_POINT('',(8.448694932428,4.479688532864));
#5969 = CARTESIAN_POINT('',(8.456457105643,4.709890104217));
#5970 = CARTESIAN_POINT('',(8.462536303954,4.955417883667));
#5971 = CARTESIAN_POINT('',(8.467020689133,5.210704676213));
#5972 = CARTESIAN_POINT('',(8.469983571633,5.471771798365));
#5973 = CARTESIAN_POINT('',(8.47146828468,5.735721341824));
#5974 = CARTESIAN_POINT('',(8.47146828468,6.));
#5975 = ( GEOMETRIC_REPRESENTATION_CONTEXT(2) 
PARAMETRIC_REPRESENTATION_CONTEXT() REPRESENTATION_CONTEXT('2D SPACE',''
  ) );
#5976 = PCURVE('',#5977,#5982);
#5977 = CYLINDRICAL_SURFACE('',#5978,2.25);
#5978 = AXIS2_PLACEMENT_3D('',#5979,#5980,#5981);
#5979 = CARTESIAN_POINT('',(4.329E+03,16.541085212283,959.55));
#5980 = DIRECTION('',(0.,0.866025403784,0.5));
#5981 = DIRECTION('',(0.,-0.5,0.866025403784));
#5982 = DEFINITIONAL_REPRESENTATION('',(#5983),#6035);
#5983 = B_SPLINE_CURVE_WITH_KNOTS('',8,(#5984,#5985,#5986,#5987,#5988,
    #5989,#5990,#5991,#5992,#5993,#5994,#5995,#5996,#5997,#5998,#5999,
    #6000,#6001,#6002,#6003,#6004,#6005,#6006,#6007,#6008,#6009,#6010,
    #6011,#6012,#6013,#6014,#6015,#6016,#6017,#6018,#6019,#6020,#6021,
    #6022,#6023,#6024,#6025,#6026,#6027,#6028,#6029,#6030,#6031,#6032,
    #6033,#6034),.UNSPECIFIED.,.F.,.F.,(9,7,7,7,7,7,7,9),(0.,
    0.154512581248,0.286397653345,0.411584437956,0.568908799407,
    0.70733312318,0.827995193447,1.),.UNSPECIFIED.);
#5984 = CARTESIAN_POINT('',(0.,4.794298483111));
#5985 = CARTESIAN_POINT('',(0.104303326255,4.794298483111));
#5986 = CARTESIAN_POINT('',(0.208456730261,4.796932603171));
#5987 = CARTESIAN_POINT('',(0.313411302595,4.802188431795));
#5988 = CARTESIAN_POINT('',(0.419997775195,4.809938951653));
#5989 = CARTESIAN_POINT('',(0.529023274864,4.819929095941));
#5990 = CARTESIAN_POINT('',(0.641313638638,4.831693379925));
#5991 = CARTESIAN_POINT('',(0.757787198514,4.844461492829));
#5992 = CARTESIAN_POINT('',(0.983659151335,4.867903859277));
#5993 = CARTESIAN_POINT('',(1.095445554408,4.879010620609));
#5994 = CARTESIAN_POINT('',(1.212253101733,4.889302699646));
#5995 = CARTESIAN_POINT('',(1.332344927715,4.897420735303));
#5996 = CARTESIAN_POINT('',(1.45447202581,4.902105425489));
#5997 = CARTESIAN_POINT('',(1.577553453689,4.902781257676));
#5998 = CARTESIAN_POINT('',(1.70055230145,4.899654942563));
#5999 = CARTESIAN_POINT('',(1.937520706576,4.887611314147));
#6000 = CARTESIAN_POINT('',(2.04815620682,4.879172802374));
#6001 = CARTESIAN_POINT('',(2.154733134574,4.869005232783));
#6002 = CARTESIAN_POINT('',(2.257705168447,4.857999390186));
#6003 = CARTESIAN_POINT('',(2.35740820992,4.846942495155));
#6004 = CARTESIAN_POINT('',(2.454088598617,4.836459683001));
#6005 = CARTESIAN_POINT('',(2.547899620921,4.827006482906));
#6006 = CARTESIAN_POINT('',(2.753347093544,4.808649288717));
#6007 = CARTESIAN_POINT('',(2.864601662319,4.80040002558));
#6008 = CARTESIAN_POINT('',(2.973772727826,4.794683507091));
#6009 = CARTESIAN_POINT('',(3.08174335007,4.791794286855));
#6010 = CARTESIAN_POINT('',(3.189342978265,4.791847552456));
#6011 = CARTESIAN_POINT('',(3.29740096081,4.794821353061));
#6012 = CARTESIAN_POINT('',(3.40679665801,4.800548390164));
#6013 = CARTESIAN_POINT('',(3.616941429544,4.81577846063));
#6014 = CARTESIAN_POINT('',(3.71766938966,4.82478258256));
#6015 = CARTESIAN_POINT('',(3.821177225804,4.835414749063));
#6016 = CARTESIAN_POINT('',(3.927886293742,4.84724179938));
#6017 = CARTESIAN_POINT('',(4.038281085957,4.859616134765));
#6018 = CARTESIAN_POINT('',(4.152930600228,4.871628633389));
#6019 = CARTESIAN_POINT('',(4.272557108855,4.882132426261));
#6020 = CARTESIAN_POINT('',(4.507776335324,4.896720489107));
#6021 = CARTESIAN_POINT('',(4.620259295662,4.901352900721));
#6022 = CARTESIAN_POINT('',(4.734034691557,4.903007849637));
#6023 = CARTESIAN_POINT('',(4.847877093604,4.901211119602));
#6024 = CARTESIAN_POINT('',(4.960634671818,4.89608699851));
#6025 = CARTESIAN_POINT('',(5.071068477389,4.888422667846));
#6026 = CARTESIAN_POINT('',(5.177598732515,4.879281324587));
#6027 = CARTESIAN_POINT('',(5.420821267508,4.856041018981));
#6028 = CARTESIAN_POINT('',(5.555796259844,4.841034936816));
#6029 = CARTESIAN_POINT('',(5.684768671063,4.826602143949));
#6030 = CARTESIAN_POINT('',(5.809069946263,4.814102051245));
#6031 = CARTESIAN_POINT('',(5.9299203758,4.804304976323));
#6032 = CARTESIAN_POINT('',(6.04841672401,4.79763920883));
#6033 = CARTESIAN_POINT('',(6.165728125768,4.794298483111));
#6034 = CARTESIAN_POINT('',(6.28318530718,4.794298483111));
#6035 = ( GEOMETRIC_REPRESENTATION_CONTEXT(2) 
PARAMETRIC_REPRESENTATION_CONTEXT() REPRESENTATION_CONTEXT('2D SPACE',''
  ) );
#6036 = FACE_BOUND('',#6037,.T.);
#6037 = EDGE_LOOP('',(#6038));
#6038 = ORIENTED_EDGE('',*,*,#6039,.F.);
#6039 = EDGE_CURVE('',#6040,#6040,#6042,.T.);
#6040 = VERTEX_POINT('',#6041);
#6041 = CARTESIAN_POINT('',(4.329E+03,-21.81806949198,959.99859208304));
#6042 = SURFACE_CURVE('',#6043,(#6095,#6150),.PCURVE_S1.);
#6043 = B_SPLINE_CURVE_WITH_KNOTS('',8,(#6044,#6045,#6046,#6047,#6048,
    #6049,#6050,#6051,#6052,#6053,#6054,#6055,#6056,#6057,#6058,#6059,
    #6060,#6061,#6062,#6063,#6064,#6065,#6066,#6067,#6068,#6069,#6070,
    #6071,#6072,#6073,#6074,#6075,#6076,#6077,#6078,#6079,#6080,#6081,
    #6082,#6083,#6084,#6085,#6086,#6087,#6088,#6089,#6090,#6091,#6092,
    #6093,#6094),.UNSPECIFIED.,.T.,.F.,(9,7,7,7,7,7,7,9),(0.,
    0.15451257954,0.286397652554,0.411584438058,0.568908797999,
    0.707333122784,0.827995191961,1.),.UNSPECIFIED.);
#6044 = CARTESIAN_POINT('',(4.329E+03,-21.81806949198,959.99859208304));
#6045 = CARTESIAN_POINT('',(4.32923468248E+03,-21.81806949198,
    959.99859208304));
#6046 = CARTESIAN_POINT('',(4.329469028564E+03,-21.80636305421,
    960.02413646853));
#6047 = CARTESIAN_POINT('',(4.329701282523E+03,-21.78301048981,
    960.07509595258));
#6048 = CARTESIAN_POINT('',(4.329929481395E+03,-21.74758120717,
    960.15196231106));
#6049 = CARTESIAN_POINT('',(4.330151026338E+03,-21.69928212067,
    960.25559907193));
#6050 = CARTESIAN_POINT('',(4.330362417138E+03,-21.63697897141,
    960.38703985796));
#6051 = CARTESIAN_POINT('',(4.330558884503E+03,-21.55924441791,
    960.54721628148));
#6052 = CARTESIAN_POINT('',(4.330882830953E+03,-21.38375410731,
    960.89805914812));
#6053 = CARTESIAN_POINT('',(4.331021720378E+03,-21.28760731067,
    961.08680380755));
#6054 = CARTESIAN_POINT('',(4.33113830757E+03,-21.17670004495,
    961.29948498479));
#6055 = CARTESIAN_POINT('',(4.331223584873E+03,-21.05275251811,
    961.53040447006));
#6056 = CARTESIAN_POINT('',(4.331271557727E+03,-20.91865978644,
    961.77202927461));
#6057 = CARTESIAN_POINT('',(4.331279350766E+03,-20.77846514837,
    962.01620517505));
#6058 = CARTESIAN_POINT('',(4.331247337684E+03,-20.63700579254,
    962.25496733634));
#6059 = CARTESIAN_POINT('',(4.33111474148E+03,-20.36836164656,
    962.69618538949));
#6060 = CARTESIAN_POINT('',(4.331019669589E+03,-20.24475724228,
    962.8933974742));
#6061 = CARTESIAN_POINT('',(4.3308997968E+03,-20.13027033975,
    963.07135946701));
#6062 = CARTESIAN_POINT('',(4.330760067399E+03,-20.02629817581,
    963.22943285234));
#6063 = CARTESIAN_POINT('',(4.330604869213E+03,-19.93378286508,
    963.36756028094));
#6064 = CARTESIAN_POINT('',(4.330438145122E+03,-19.85325833458,
    963.4860672347));
#6065 = CARTESIAN_POINT('',(4.330263444894E+03,-19.78489067578,
    963.58557709315));
#6066 = CARTESIAN_POINT('',(4.329858366164E+03,-19.65764592137,
    963.76925708476));
#6067 = CARTESIAN_POINT('',(4.329622791819E+03,-19.60495260167,
    963.84402606448));
#6068 = CARTESIAN_POINT('',(4.329381172181E+03,-19.57014266847,
    963.89288560112));
#6069 = CARTESIAN_POINT('',(4.329136340711E+03,-19.55293796141,
    963.91690658773));
#6070 = CARTESIAN_POINT('',(4.328890640028E+03,-19.55317498534,
    963.91660258086));
#6071 = CARTESIAN_POINT('',(4.328646262549E+03,-19.57086158002,
    963.89191610125));
#6072 = CARTESIAN_POINT('',(4.32840557807E+03,-19.60618799553,
    963.84218302959));
#6073 = CARTESIAN_POINT('',(4.327965955823E+03,-19.70640700382,
    963.699058756));
#6074 = CARTESIAN_POINT('',(4.327764389635E+03,-19.76748560979,
    963.61127575106));
#6075 = CARTESIAN_POINT('',(4.327569977602E+03,-19.8430629025,
    963.50163637319));
#6076 = CARTESIAN_POINT('',(4.327386289445E+03,-19.93326194513,
    963.36906114921));
#6077 = CARTESIAN_POINT('',(4.327217660805E+03,-20.03786981873,
    963.21262366802));
#6078 = CARTESIAN_POINT('',(4.327069299858E+03,-20.15621615569,
    963.03166679678));
#6079 = CARTESIAN_POINT('',(4.326947501523E+03,-20.28702982949,
    962.82609845316));
#6080 = CARTESIAN_POINT('',(4.326783956363E+03,-20.55133358585,
    962.39748704399));
#6081 = CARTESIAN_POINT('',(4.326735096522E+03,-20.68046291048,
    962.18309331725));
#6082 = CARTESIAN_POINT('',(4.32671883072E+03,-20.81146971383,
    961.95949277311));
#6083 = CARTESIAN_POINT('',(4.326737362656E+03,-20.93994172422,
    961.73337926751));
#6084 = CARTESIAN_POINT('',(4.326789906537E+03,-21.06185246584,
    961.5119754226));
#6085 = CARTESIAN_POINT('',(4.326872764849E+03,-21.17402172677,
    961.30236390554));
#6086 = CARTESIAN_POINT('',(4.326979367277E+03,-21.27422200291,
    961.11052924828));
#6087 = CARTESIAN_POINT('',(4.327272598865E+03,-21.48512483203,
    960.69875422191));
#6088 = CARTESIAN_POINT('',(4.327479688533E+03,-21.58626047008,
    960.49356999402));
#6089 = CARTESIAN_POINT('',(4.327709890104E+03,-21.66663545935,
    960.32549084322));
#6090 = CARTESIAN_POINT('',(4.327955417884E+03,-21.72849422339,
    960.19334813559));
#6091 = CARTESIAN_POINT('',(4.328210704676E+03,-21.77359931092,
    960.09562968248));
#6092 = CARTESIAN_POINT('',(4.328471771798E+03,-21.80322455048,
    960.03098572738));
#6093 = CARTESIAN_POINT('',(4.328735721342E+03,-21.81806949198,
    959.99859208304));
#6094 = CARTESIAN_POINT('',(4.329E+03,-21.81806949198,959.99859208304));
#6095 = PCURVE('',#5653,#6096);
#6096 = DEFINITIONAL_REPRESENTATION('',(#6097),#6149);
#6097 = B_SPLINE_CURVE_WITH_KNOTS('',8,(#6098,#6099,#6100,#6101,#6102,
    #6103,#6104,#6105,#6106,#6107,#6108,#6109,#6110,#6111,#6112,#6113,
    #6114,#6115,#6116,#6117,#6118,#6119,#6120,#6121,#6122,#6123,#6124,
    #6125,#6126,#6127,#6128,#6129,#6130,#6131,#6132,#6133,#6134,#6135,
    #6136,#6137,#6138,#6139,#6140,#6141,#6142,#6143,#6144,#6145,#6146,
    #6147,#6148),.UNSPECIFIED.,.T.,.F.,(9,7,7,7,7,7,7,9),(0.,
    0.15451257954,0.286397652554,0.411584438058,0.568908797999,
    0.707333122784,0.827995191961,1.),.UNSPECIFIED.);
#6098 = CARTESIAN_POINT('',(4.282678079894,6.));
#6099 = CARTESIAN_POINT('',(4.282678079894,6.23468247994));
#6100 = CARTESIAN_POINT('',(4.281507286245,6.469028564032));
#6101 = CARTESIAN_POINT('',(4.279171643408,6.701282522727));
#6102 = CARTESIAN_POINT('',(4.275645050187,6.9294813946));
#6103 = CARTESIAN_POINT('',(4.270881021951,7.151026338031));
#6104 = CARTESIAN_POINT('',(4.264820535553,7.362417137791));
#6105 = CARTESIAN_POINT('',(4.257402629029,7.558884503418));
#6106 = CARTESIAN_POINT('',(4.241057418308,7.882830953286));
#6107 = CARTESIAN_POINT('',(4.232231721344,8.021720378217));
#6108 = CARTESIAN_POINT('',(4.222238243844,8.138307570267));
#6109 = CARTESIAN_POINT('',(4.211319833185,8.223584873438));
#6110 = CARTESIAN_POINT('',(4.199808097577,8.271557727246));
#6111 = CARTESIAN_POINT('',(4.188078220875,8.279350766448));
#6112 = CARTESIAN_POINT('',(4.176515671129,8.247337683531));
#6113 = CARTESIAN_POINT('',(4.154991982323,8.114741480171));
#6114 = CARTESIAN_POINT('',(4.145295050842,8.019669589242));
#6115 = CARTESIAN_POINT('',(4.136479011757,7.899796800192));
#6116 = CARTESIAN_POINT('',(4.128596243524,7.760067399327));
#6117 = CARTESIAN_POINT('',(4.121669582164,7.604869213032));
#6118 = CARTESIAN_POINT('',(4.115699878875,7.43814512152));
#6119 = CARTESIAN_POINT('',(4.110669391868,7.263444893943));
#6120 = CARTESIAN_POINT('',(4.101359006497,6.858366164336));
#6121 = CARTESIAN_POINT('',(4.09754782758,6.622791819487));
#6122 = CARTESIAN_POINT('',(4.095048190613,6.38117218099));
#6123 = CARTESIAN_POINT('',(4.09381705284,6.136340710614));
#6124 = CARTESIAN_POINT('',(4.093833115313,5.890640027882));
#6125 = CARTESIAN_POINT('',(4.095098472545,5.646262548585));
#6126 = CARTESIAN_POINT('',(4.097640196969,5.405578070077));
#6127 = CARTESIAN_POINT('',(4.104920355425,4.965955822823));
#6128 = CARTESIAN_POINT('',(4.109376228589,4.764389634969));
#6129 = CARTESIAN_POINT('',(4.114924636303,4.569977601643));
#6130 = CARTESIAN_POINT('',(4.121605631779,4.386289445351));
#6131 = CARTESIAN_POINT('',(4.129446272993,4.217660805393));
#6132 = CARTESIAN_POINT('',(4.138454426441,4.069299857621));
#6133 = CARTESIAN_POINT('',(4.148605938398,3.947501523163));
#6134 = CARTESIAN_POINT('',(4.16958725514,3.783956363046));
#6135 = CARTESIAN_POINT('',(4.180014930484,3.73509652236));
#6136 = CARTESIAN_POINT('',(4.190811625875,3.718830720408));
#6137 = CARTESIAN_POINT('',(4.201645612486,3.7373626556));
#6138 = CARTESIAN_POINT('',(4.212175209987,3.789906536571));
#6139 = CARTESIAN_POINT('',(4.222080089706,3.872764849304));
#6140 = CARTESIAN_POINT('',(4.231097589487,3.979367276635));
#6141 = CARTESIAN_POINT('',(4.250374387018,4.272598865131));
#6142 = CARTESIAN_POINT('',(4.259904727641,4.479688532863));
#6143 = CARTESIAN_POINT('',(4.267666900857,4.709890104219));
#6144 = CARTESIAN_POINT('',(4.273746099168,4.955417883663));
#6145 = CARTESIAN_POINT('',(4.278230484347,5.210704676216));
#6146 = CARTESIAN_POINT('',(4.281193366847,5.471771798363));
#6147 = CARTESIAN_POINT('',(4.282678079894,5.735721341825));
#6148 = CARTESIAN_POINT('',(4.282678079894,6.));
#6149 = ( GEOMETRIC_REPRESENTATION_CONTEXT(2) 
PARAMETRIC_REPRESENTATION_CONTEXT() REPRESENTATION_CONTEXT('2D SPACE',''
  ) );
#6150 = PCURVE('',#6151,#6156);
#6151 = CYLINDRICAL_SURFACE('',#6152,2.25);
#6152 = AXIS2_PLACEMENT_3D('',#6153,#6154,#6155);
#6153 = CARTESIAN_POINT('',(4.329E+03,-16.54108521228,959.55));
#6154 = DIRECTION('',(0.,-0.866025403784,0.5));
#6155 = DIRECTION('',(0.,-0.5,-0.866025403784));
#6156 = DEFINITIONAL_REPRESENTATION('',(#6157),#6209);
#6157 = B_SPLINE_CURVE_WITH_KNOTS('',8,(#6158,#6159,#6160,#6161,#6162,
    #6163,#6164,#6165,#6166,#6167,#6168,#6169,#6170,#6171,#6172,#6173,
    #6174,#6175,#6176,#6177,#6178,#6179,#6180,#6181,#6182,#6183,#6184,
    #6185,#6186,#6187,#6188,#6189,#6190,#6191,#6192,#6193,#6194,#6195,
    #6196,#6197,#6198,#6199,#6200,#6201,#6202,#6203,#6204,#6205,#6206,
    #6207,#6208),.UNSPECIFIED.,.F.,.F.,(9,7,7,7,7,7,7,9),(0.,
    0.15451257954,0.286397652554,0.411584438058,0.568908797999,
    0.707333122784,0.827995191961,1.),.UNSPECIFIED.);
#6158 = CARTESIAN_POINT('',(0.,4.794298483111));
#6159 = CARTESIAN_POINT('',(0.104303324418,4.794298483111));
#6160 = CARTESIAN_POINT('',(0.208456736102,4.796932603366));
#6161 = CARTESIAN_POINT('',(0.313411295907,4.802188431372));
#6162 = CARTESIAN_POINT('',(0.419997775456,4.809938951814));
#6163 = CARTESIAN_POINT('',(0.529023281544,4.819929096357));
#6164 = CARTESIAN_POINT('',(0.641313632231,4.831693379377));
#6165 = CARTESIAN_POINT('',(0.757787200707,4.844461493057));
#6166 = CARTESIAN_POINT('',(0.983659151335,4.867903859277));
#6167 = CARTESIAN_POINT('',(1.095445554407,4.879010620609));
#6168 = CARTESIAN_POINT('',(1.212253101735,4.889302699647));
#6169 = CARTESIAN_POINT('',(1.332344927712,4.897420735303));
#6170 = CARTESIAN_POINT('',(1.454472025812,4.90210542549));
#6171 = CARTESIAN_POINT('',(1.577553453687,4.902781257676));
#6172 = CARTESIAN_POINT('',(1.70055230145,4.899654942563));
#6173 = CARTESIAN_POINT('',(1.937520706597,4.887611314146));
#6174 = CARTESIAN_POINT('',(2.048156206829,4.879172802372));
#6175 = CARTESIAN_POINT('',(2.154733134565,4.869005232784));
#6176 = CARTESIAN_POINT('',(2.257705168428,4.857999390188));
#6177 = CARTESIAN_POINT('',(2.357408209906,4.846942495156));
#6178 = CARTESIAN_POINT('',(2.454088598623,4.836459683));
#6179 = CARTESIAN_POINT('',(2.547899620943,4.827006482904));
#6180 = CARTESIAN_POINT('',(2.753347091602,4.808649288891));
#6181 = CARTESIAN_POINT('',(2.864601668162,4.800400025283));
#6182 = CARTESIAN_POINT('',(2.973772721502,4.794683507152));
#6183 = CARTESIAN_POINT('',(3.081743350033,4.791794287073));
#6184 = CARTESIAN_POINT('',(3.18934298459,4.791847552385));
#6185 = CARTESIAN_POINT('',(3.297400955047,4.794821352881));
#6186 = CARTESIAN_POINT('',(3.4067966599,4.800548390301));
#6187 = CARTESIAN_POINT('',(3.616941429544,4.81577846063));
#6188 = CARTESIAN_POINT('',(3.71766938966,4.82478258256));
#6189 = CARTESIAN_POINT('',(3.821177225804,4.835414749063));
#6190 = CARTESIAN_POINT('',(3.927886293741,4.84724179938));
#6191 = CARTESIAN_POINT('',(4.038281085957,4.859616134766));
#6192 = CARTESIAN_POINT('',(4.152930600227,4.871628633389));
#6193 = CARTESIAN_POINT('',(4.272557108855,4.882132426261));
#6194 = CARTESIAN_POINT('',(4.507776333534,4.896720488996));
#6195 = CARTESIAN_POINT('',(4.62025930104,4.901352901128));
#6196 = CARTESIAN_POINT('',(4.734034685629,4.903007848825));
#6197 = CARTESIAN_POINT('',(4.847877093848,4.901211120701));
#6198 = CARTESIAN_POINT('',(4.960634677376,4.896086997485));
#6199 = CARTESIAN_POINT('',(5.071068472159,4.888422668442));
#6200 = CARTESIAN_POINT('',(5.177598734286,4.879281324417));
#6201 = CARTESIAN_POINT('',(5.420821267508,4.85604101898));
#6202 = CARTESIAN_POINT('',(5.555796259843,4.841034936817));
#6203 = CARTESIAN_POINT('',(5.684768671066,4.826602143949));
#6204 = CARTESIAN_POINT('',(5.809069946259,4.814102051245));
#6205 = CARTESIAN_POINT('',(5.929920375803,4.804304976323));
#6206 = CARTESIAN_POINT('',(6.048416724008,4.797639208831));
#6207 = CARTESIAN_POINT('',(6.165728125768,4.794298483111));
#6208 = CARTESIAN_POINT('',(6.28318530718,4.794298483111));
#6209 = ( GEOMETRIC_REPRESENTATION_CONTEXT(2) 
PARAMETRIC_REPRESENTATION_CONTEXT() REPRESENTATION_CONTEXT('2D SPACE',''
  ) );
#6210 = FACE_BOUND('',#6211,.T.);
#6211 = EDGE_LOOP('',(#6212));
#6212 = ORIENTED_EDGE('',*,*,#6213,.T.);
#6213 = EDGE_CURVE('',#6214,#6214,#6216,.T.);
#6214 = VERTEX_POINT('',#6215);
#6215 = CARTESIAN_POINT('',(4.329E+03,-2.25,926.10570151689));
#6216 = SURFACE_CURVE('',#6217,(#6280,#6375),.PCURVE_S1.);
#6217 = B_SPLINE_CURVE_WITH_KNOTS('',7,(#6218,#6219,#6220,#6221,#6222,
    #6223,#6224,#6225,#6226,#6227,#6228,#6229,#6230,#6231,#6232,#6233,
    #6234,#6235,#6236,#6237,#6238,#6239,#6240,#6241,#6242,#6243,#6244,
    #6245,#6246,#6247,#6248,#6249,#6250,#6251,#6252,#6253,#6254,#6255,
    #6256,#6257,#6258,#6259,#6260,#6261,#6262,#6263,#6264,#6265,#6266,
    #6267,#6268,#6269,#6270,#6271,#6272,#6273,#6274,#6275,#6276,#6277,
    #6278,#6279),.UNSPECIFIED.,.F.,.F.,(8,6,6,6,6,6,6,6,6,6,8),(0.,
    0.510247915999,1.,1.202230654455,1.483903281781,1.982374581633,
    2.480817742567,2.959239239839,3.156791210097,3.431947241089,
    3.918886240085),.UNSPECIFIED.);
#6218 = CARTESIAN_POINT('',(4.329000000031E+03,-2.25,926.10570151688));
#6219 = CARTESIAN_POINT('',(4.329223893086E+03,-2.249999996879,
    926.10570151659));
#6220 = CARTESIAN_POINT('',(4.329447609472E+03,-2.224008151378,
    926.10325402067));
#6221 = CARTESIAN_POINT('',(4.329669378128E+03,-2.172094545256,
    926.09836548819));
#6222 = CARTESIAN_POINT('',(4.329887253468E+03,-2.09368849161,
    926.09116237428));
#6223 = CARTESIAN_POINT('',(4.330098787833E+03,-1.987740192352,
    926.08190143802));
#6224 = CARTESIAN_POINT('',(4.330300638316E+03,-1.852888865643,
    926.07105916968));
#6225 = CARTESIAN_POINT('',(4.330667741003E+03,-1.529244312091,
    926.04824305565));
#6226 = CARTESIAN_POINT('',(4.330838876427E+03,-1.338657783068,
    926.03603762372));
#6227 = CARTESIAN_POINT('',(4.330991037851E+03,-1.116298240426,
    926.02371678796));
#6228 = CARTESIAN_POINT('',(4.331115149586E+03,-0.865194340558,
    926.01264181851));
#6229 = CARTESIAN_POINT('',(4.331203526287E+03,-0.590576271355,
    926.00435700077));
#6230 = CARTESIAN_POINT('',(4.33125E+03,-0.299380718341,926.));
#6231 = CARTESIAN_POINT('',(4.33125E+03,0.123621645684,926.));
#6232 = CARTESIAN_POINT('',(4.33124207581E+03,0.247026989652,
    926.00074287546));
#6233 = CARTESIAN_POINT('',(4.331226277498E+03,0.369256709847,
    926.00222402657));
#6234 = CARTESIAN_POINT('',(4.331202847634E+03,0.489364579318,
    926.00440416086));
#6235 = CARTESIAN_POINT('',(4.331172217081E+03,0.606445644192,
    926.00721101538));
#6236 = CARTESIAN_POINT('',(4.331135001301E+03,0.719663981483,
    926.01054616567));
#6237 = CARTESIAN_POINT('',(4.331032099801E+03,0.97956357853,
    926.01952108073));
#6238 = CARTESIAN_POINT('',(4.330960968734E+03,1.121930422861,
    926.02555188309));
#6239 = CARTESIAN_POINT('',(4.330880167382E+03,1.254857055826,
    926.03213568677));
#6240 = CARTESIAN_POINT('',(4.330791147299E+03,1.37800965551,
    926.03902326489));
#6241 = CARTESIAN_POINT('',(4.330695265282E+03,1.491214469669,
    926.04598848778));
#6242 = CARTESIAN_POINT('',(4.330593797671E+03,1.594434109511,
    926.05283877037));
#6243 = CARTESIAN_POINT('',(4.330300638323E+03,1.852888892335,
    926.07105917055));
#6244 = CARTESIAN_POINT('',(4.330098785797E+03,1.987741926166,
    926.08190156016));
#6245 = CARTESIAN_POINT('',(4.329887251562E+03,2.093688658968,
    926.09116243788));
#6246 = CARTESIAN_POINT('',(4.329669381135E+03,2.172091938203,
    926.0983652363));
#6247 = CARTESIAN_POINT('',(4.32944761964E+03,2.224005274118,
    926.10325375214));
#6248 = CARTESIAN_POINT('',(4.329223905699E+03,2.25,926.10570151688));
#6249 = CARTESIAN_POINT('',(4.328776106941E+03,2.25,926.10570151688));
#6250 = CARTESIAN_POINT('',(4.32855239055E+03,2.224008156576,
    926.10325402116));
#6251 = CARTESIAN_POINT('',(4.328330621889E+03,2.172094551534,
    926.09836548877));
#6252 = CARTESIAN_POINT('',(4.328112746545E+03,2.09368849797,
    926.09116237483));
#6253 = CARTESIAN_POINT('',(4.327901212175E+03,1.987740197748,
    926.08190143845));
#6254 = CARTESIAN_POINT('',(4.327699361687E+03,1.85288886895,
    926.07105916992));
#6255 = CARTESIAN_POINT('',(4.327332258997E+03,1.52924431208,
    926.04824305565));
#6256 = CARTESIAN_POINT('',(4.327161123573E+03,1.338657783078,
    926.03603762372));
#6257 = CARTESIAN_POINT('',(4.327008962149E+03,1.11629824044,
    926.02371678796));
#6258 = CARTESIAN_POINT('',(4.326884850414E+03,0.865194340546,
    926.01264181851));
#6259 = CARTESIAN_POINT('',(4.326796473713E+03,0.590576271339,
    926.00435700077));
#6260 = CARTESIAN_POINT('',(4.32675E+03,0.299380718357,926.));
#6261 = CARTESIAN_POINT('',(4.32675E+03,-0.123621641389,926.));
#6262 = CARTESIAN_POINT('',(4.326757924189E+03,-0.24702698103,
    926.00074287541));
#6263 = CARTESIAN_POINT('',(4.3267737225E+03,-0.369256697054,
    926.00222402642));
#6264 = CARTESIAN_POINT('',(4.326797152363E+03,-0.489364562605,
    926.00440416056));
#6265 = CARTESIAN_POINT('',(4.326827782914E+03,-0.606445623853,
    926.0072110149));
#6266 = CARTESIAN_POINT('',(4.326864998691E+03,-0.719663957857,
    926.01054616497));
#6267 = CARTESIAN_POINT('',(4.326967900187E+03,-0.979563552727,
    926.01952107967));
#6268 = CARTESIAN_POINT('',(4.327039031252E+03,-1.121930397959,
    926.02555188191));
#6269 = CARTESIAN_POINT('',(4.327119832602E+03,-1.254857031973,
    926.0321356855));
#6270 = CARTESIAN_POINT('',(4.327208852683E+03,-1.378009632816,
    926.03902326357));
#6271 = CARTESIAN_POINT('',(4.327304734699E+03,-1.491214448215,
    926.04598848643));
#6272 = CARTESIAN_POINT('',(4.327406202309E+03,-1.594434089349,
    926.05283876902));
#6273 = CARTESIAN_POINT('',(4.327699361657E+03,-1.852888879141,
    926.07105916948));
#6274 = CARTESIAN_POINT('',(4.327901214186E+03,-1.98774191753,
    926.0819015594));
#6275 = CARTESIAN_POINT('',(4.328112748424E+03,-2.093688653857,
    926.09116243741));
#6276 = CARTESIAN_POINT('',(4.328330618854E+03,-2.172091935664,
    926.09836523606));
#6277 = CARTESIAN_POINT('',(4.328552380353E+03,-2.224005273269,
    926.10325375206));
#6278 = CARTESIAN_POINT('',(4.328776094297E+03,-2.25,926.10570151688));
#6279 = CARTESIAN_POINT('',(4.329E+03,-2.25,926.10570151688));
#6280 = PCURVE('',#5653,#6281);
#6281 = DEFINITIONAL_REPRESENTATION('',(#6282),#6374);
#6282 = B_SPLINE_CURVE_WITH_KNOTS('',3,(#6283,#6284,#6285,#6286,#6287,
    #6288,#6289,#6290,#6291,#6292,#6293,#6294,#6295,#6296,#6297,#6298,
    #6299,#6300,#6301,#6302,#6303,#6304,#6305,#6306,#6307,#6308,#6309,
    #6310,#6311,#6312,#6313,#6314,#6315,#6316,#6317,#6318,#6319,#6320,
    #6321,#6322,#6323,#6324,#6325,#6326,#6327,#6328,#6329,#6330,#6331,
    #6332,#6333,#6334,#6335,#6336,#6337,#6338,#6339,#6340,#6341,#6342,
    #6343,#6344,#6345,#6346,#6347,#6348,#6349,#6350,#6351,#6352,#6353,
    #6354,#6355,#6356,#6357,#6358,#6359,#6360,#6361,#6362,#6363,#6364,
    #6365,#6366,#6367,#6368,#6369,#6370,#6371,#6372,#6373),
  .UNSPECIFIED.,.F.,.F.,(4,1,1,1,1,1,1,1,1,1,1,1,1,1,1,1,1,1,1,1,1,1,1,1
    ,1,1,1,1,1,1,1,1,1,1,1,1,1,1,1,1,1,1,1,1,1,1,1,1,1,1,1,1,1,1,1,1,1,1
    ,1,1,1,1,1,1,1,1,1,1,1,1,1,1,1,1,1,1,1,1,1,1,1,1,1,1,1,1,1,1,4),(0.,
    4.453279818279E-02,8.906559636558E-02,0.133598394548,0.178131192731,
    0.222663990914,0.267196789097,0.31172958728,0.356262385462,
    0.400795183645,0.445327981828,0.489860780011,0.534393578193,
    0.578926376376,0.623459174559,0.667991972742,0.712524770925,
    0.757057569107,0.80159036729,0.846123165473,0.890655963656,
    0.935188761839,0.979721560021,1.024254358204,1.068787156387,
    1.11331995457,1.157852752752,1.202385550935,1.246918349118,
    1.291451147301,1.335983945484,1.380516743666,1.425049541849,
    1.469582340032,1.514115138215,1.558647936398,1.60318073458,
    1.647713532763,1.692246330946,1.736779129129,1.781311927312,
    1.825844725494,1.870377523677,1.91491032186,1.959443120043,
    2.003975918225,2.048508716408,2.093041514591,2.137574312774,
    2.182107110957,2.226639909139,2.271172707322,2.315705505505,
    2.360238303688,2.404771101871,2.449303900053,2.493836698236,
    2.538369496419,2.582902294602,2.627435092784,2.671967890967,
    2.71650068915,2.761033487333,2.805566285516,2.850099083698,
    2.894631881881,2.939164680064,2.983697478247,3.02823027643,
    3.072763074612,3.117295872795,3.161828670978,3.206361469161,
    3.250894267344,3.295427065526,3.339959863709,3.384492661892,
    3.429025460075,3.473558258257,3.51809105644,3.562623854623,
    3.607156652806,3.651689450989,3.696222249171,3.740755047354,
    3.785287845537,3.82982064372,3.874353441903,3.918886240085),
  .QUASI_UNIFORM_KNOTS.);
#6283 = CARTESIAN_POINT('',(6.189297432072,6.000000031362));
#6284 = CARTESIAN_POINT('',(6.189297529471,6.045593781186));
#6285 = CARTESIAN_POINT('',(6.189413354908,6.136766645979));
#6286 = CARTESIAN_POINT('',(6.189935485716,6.273215081737));
#6287 = CARTESIAN_POINT('',(6.190807071864,6.409092079086));
#6288 = CARTESIAN_POINT('',(6.192030709203,6.54411473145));
#6289 = CARTESIAN_POINT('',(6.193609885169,6.67797967051));
#6290 = CARTESIAN_POINT('',(6.195549031066,6.810356424415));
#6291 = CARTESIAN_POINT('',(6.197853393308,6.940882813161));
#6292 = CARTESIAN_POINT('',(6.200528911963,7.069159098817));
#6293 = CARTESIAN_POINT('',(6.203582223741,7.194743290458));
#6294 = CARTESIAN_POINT('',(6.207020128143,7.317141104863));
#6295 = CARTESIAN_POINT('',(6.210851040432,7.4358139963));
#6296 = CARTESIAN_POINT('',(6.215078993866,7.55011791885));
#6297 = CARTESIAN_POINT('',(6.219777096808,7.660801346463));
#6298 = CARTESIAN_POINT('',(6.224926516114,7.765976318878));
#6299 = CARTESIAN_POINT('',(6.230514947748,7.864253566421));
#6300 = CARTESIAN_POINT('',(6.236521129803,7.954207357494));
#6301 = CARTESIAN_POINT('',(6.242919436438,8.034521508043));
#6302 = CARTESIAN_POINT('',(6.249679035825,8.103953016139));
#6303 = CARTESIAN_POINT('',(6.256764619009,8.161343555579));
#6304 = CARTESIAN_POINT('',(6.264136165661,8.205621386103));
#6305 = CARTESIAN_POINT('',(6.271750854062,8.235793171007));
#6306 = CARTESIAN_POINT('',(6.279557200411,8.250985138289));
#6307 = CARTESIAN_POINT('',(6.287517962532,8.250296305238));
#6308 = CARTESIAN_POINT('',(6.295398381015,8.233494259955));
#6309 = CARTESIAN_POINT('',(6.303128273124,8.201162099822));
#6310 = CARTESIAN_POINT('',(6.310619176205,8.154159410042));
#6311 = CARTESIAN_POINT('',(6.317793029989,8.093732982545));
#6312 = CARTESIAN_POINT('',(6.324577344486,8.02150786272));
#6313 = CARTESIAN_POINT('',(6.330956765705,7.938770828953));
#6314 = CARTESIAN_POINT('',(6.336918813701,7.846730705985));
#6315 = CARTESIAN_POINT('',(6.34245473219,7.746551732348));
#6316 = CARTESIAN_POINT('',(6.347558973408,7.639350507414));
#6317 = CARTESIAN_POINT('',(6.352228972524,7.526197068216));
#6318 = CARTESIAN_POINT('',(6.356465245603,7.40813454925));
#6319 = CARTESIAN_POINT('',(6.360285827158,7.285647979642));
#6320 = CARTESIAN_POINT('',(6.363697087729,7.159415316153));
#6321 = CARTESIAN_POINT('',(6.366707387656,7.029996411195));
#6322 = CARTESIAN_POINT('',(6.369324031054,6.897905531612));
#6323 = CARTESIAN_POINT('',(6.371553908156,6.76360113919));
#6324 = CARTESIAN_POINT('',(6.373403159393,6.627497329429));
#6325 = CARTESIAN_POINT('',(6.374877109468,6.489968800435));
#6326 = CARTESIAN_POINT('',(6.37598014002,6.351357677382));
#6327 = CARTESIAN_POINT('',(6.376715573224,6.211977227319));
#6328 = CARTESIAN_POINT('',(6.377085603211,6.072124209168));
#6329 = CARTESIAN_POINT('',(6.3770910502,5.932058053857));
#6330 = CARTESIAN_POINT('',(6.376731900034,5.79219018375));
#6331 = CARTESIAN_POINT('',(6.376007350394,5.652784245146));
#6332 = CARTESIAN_POINT('',(6.374915229885,5.51413677809));
#6333 = CARTESIAN_POINT('',(6.373452244506,5.376561528327));
#6334 = CARTESIAN_POINT('',(6.37161404929,5.240400556888));
#6335 = CARTESIAN_POINT('',(6.369395336384,5.106027697649));
#6336 = CARTESIAN_POINT('',(6.366790056396,4.973857583218));
#6337 = CARTESIAN_POINT('',(6.363791119689,4.844342021789));
#6338 = CARTESIAN_POINT('',(6.36039207925,4.718013589241));
#6339 = CARTESIAN_POINT('',(6.356581447048,4.595355410972));
#6340 = CARTESIAN_POINT('',(6.352364539599,4.477321586335));
#6341 = CARTESIAN_POINT('',(6.347666626681,4.363014751636));
#6342 = CARTESIAN_POINT('',(6.342489645666,4.25403929955));
#6343 = CARTESIAN_POINT('',(6.336849985126,4.152020098769));
#6344 = CARTESIAN_POINT('',(6.330768175318,4.058470433171));
#6345 = CARTESIAN_POINT('',(6.324271148916,3.974824424743));
#6346 = CARTESIAN_POINT('',(6.317391190995,3.902425235375));
#6347 = CARTESIAN_POINT('',(6.310165662964,3.842526211276));
#6348 = CARTESIAN_POINT('',(6.302637070449,3.796285071839));
#6349 = CARTESIAN_POINT('',(6.294851136336,3.764773623746));
#6350 = CARTESIAN_POINT('',(6.286862687574,3.748933027509));
#6351 = CARTESIAN_POINT('',(6.278712480644,3.749732078576));
#6352 = CARTESIAN_POINT('',(6.270648391816,3.767413505904));
#6353 = CARTESIAN_POINT('',(6.2627457547,3.80133962905));
#6354 = CARTESIAN_POINT('',(6.255098900844,3.850570354583));
#6355 = CARTESIAN_POINT('',(6.247792324402,3.913726132479));
#6356 = CARTESIAN_POINT('',(6.240898404102,3.989070775397));
#6357 = CARTESIAN_POINT('',(6.234430154171,4.075260636597));
#6358 = CARTESIAN_POINT('',(6.228401154739,4.171000098546));
#6359 = CARTESIAN_POINT('',(6.222820067283,4.275048524676));
#6360 = CARTESIAN_POINT('',(6.217691885587,4.386227110838));
#6361 = CARTESIAN_POINT('',(6.213020008332,4.503359789086));
#6362 = CARTESIAN_POINT('',(6.20879815637,4.625479539392));
#6363 = CARTESIAN_POINT('',(6.20500932099,4.752051389402));
#6364 = CARTESIAN_POINT('',(6.201646943265,4.882358529385));
#6365 = CARTESIAN_POINT('',(6.198702133947,5.015824216317));
#6366 = CARTESIAN_POINT('',(6.19616726514,5.15191568115));
#6367 = CARTESIAN_POINT('',(6.194035198636,5.290159712809));
#6368 = CARTESIAN_POINT('',(6.192299676606,5.430128987007));
#6369 = CARTESIAN_POINT('',(6.190955376085,5.571436618195));
#6370 = CARTESIAN_POINT('',(6.189998101685,5.713729707296));
#6371 = CARTESIAN_POINT('',(6.189424723319,5.856681069859));
#6372 = CARTESIAN_POINT('',(6.189297550079,5.952221281623));
#6373 = CARTESIAN_POINT('',(6.189297432072,6.));
#6374 = ( GEOMETRIC_REPRESENTATION_CONTEXT(2) 
PARAMETRIC_REPRESENTATION_CONTEXT() REPRESENTATION_CONTEXT('2D SPACE',''
  ) );
#6375 = PCURVE('',#6376,#6381);
#6376 = CYLINDRICAL_SURFACE('',#6377,2.25);
#6377 = AXIS2_PLACEMENT_3D('',#6378,#6379,#6380);
#6378 = CARTESIAN_POINT('',(4.329E+03,-3.508613079557E-15,930.9));
#6379 = DIRECTION('',(0.,-1.836970198721E-16,-1.));
#6380 = DIRECTION('',(0.,-1.,1.836970198721E-16));
#6381 = DEFINITIONAL_REPRESENTATION('',(#6382),#6474);
#6382 = B_SPLINE_CURVE_WITH_KNOTS('',3,(#6383,#6384,#6385,#6386,#6387,
    #6388,#6389,#6390,#6391,#6392,#6393,#6394,#6395,#6396,#6397,#6398,
    #6399,#6400,#6401,#6402,#6403,#6404,#6405,#6406,#6407,#6408,#6409,
    #6410,#6411,#6412,#6413,#6414,#6415,#6416,#6417,#6418,#6419,#6420,
    #6421,#6422,#6423,#6424,#6425,#6426,#6427,#6428,#6429,#6430,#6431,
    #6432,#6433,#6434,#6435,#6436,#6437,#6438,#6439,#6440,#6441,#6442,
    #6443,#6444,#6445,#6446,#6447,#6448,#6449,#6450,#6451,#6452,#6453,
    #6454,#6455,#6456,#6457,#6458,#6459,#6460,#6461,#6462,#6463,#6464,
    #6465,#6466,#6467,#6468,#6469,#6470,#6471,#6472,#6473),
  .UNSPECIFIED.,.F.,.F.,(4,1,1,1,1,1,1,1,1,1,1,1,1,1,1,1,1,1,1,1,1,1,1,1
    ,1,1,1,1,1,1,1,1,1,1,1,1,1,1,1,1,1,1,1,1,1,1,1,1,1,1,1,1,1,1,1,1,1,1
    ,1,1,1,1,1,1,1,1,1,1,1,1,1,1,1,1,1,1,1,1,1,1,1,1,1,1,1,1,1,1,4),(0.,
    4.453279818279E-02,8.906559636558E-02,0.133598394548,0.178131192731,
    0.222663990914,0.267196789097,0.31172958728,0.356262385462,
    0.400795183645,0.445327981828,0.489860780011,0.534393578193,
    0.578926376376,0.623459174559,0.667991972742,0.712524770925,
    0.757057569107,0.80159036729,0.846123165473,0.890655963656,
    0.935188761839,0.979721560021,1.024254358204,1.068787156387,
    1.11331995457,1.157852752752,1.202385550935,1.246918349118,
    1.291451147301,1.335983945484,1.380516743666,1.425049541849,
    1.469582340032,1.514115138215,1.558647936398,1.60318073458,
    1.647713532763,1.692246330946,1.736779129129,1.781311927312,
    1.825844725494,1.870377523677,1.91491032186,1.959443120043,
    2.003975918225,2.048508716408,2.093041514591,2.137574312774,
    2.182107110957,2.226639909139,2.271172707322,2.315705505505,
    2.360238303688,2.404771101871,2.449303900053,2.493836698236,
    2.538369496419,2.582902294602,2.627435092784,2.671967890967,
    2.71650068915,2.761033487333,2.805566285516,2.850099083698,
    2.894631881881,2.939164680064,2.983697478247,3.02823027643,
    3.072763074612,3.117295872795,3.161828670978,3.206361469161,
    3.250894267344,3.295427065526,3.339959863709,3.384492661892,
    3.429025460075,3.473558258257,3.51809105644,3.562623854623,
    3.607156652806,3.651689450989,3.696222249171,3.740755047354,
    3.785287845537,3.82982064372,3.874353441903,3.918886240085),
  .QUASI_UNIFORM_KNOTS.);
#6383 = CARTESIAN_POINT('',(6.283185293241,4.794298483111));
#6384 = CARTESIAN_POINT('',(6.262921122891,4.794297970983));
#6385 = CARTESIAN_POINT('',(6.222400269169,4.794559888322));
#6386 = CARTESIAN_POINT('',(6.161531615239,4.795730999807));
#6387 = CARTESIAN_POINT('',(6.100464976301,4.797672253666));
#6388 = CARTESIAN_POINT('',(6.039092461519,4.800366820085));
#6389 = CARTESIAN_POINT('',(5.977306568619,4.803791520964));
#6390 = CARTESIAN_POINT('',(5.914999566143,4.807915399168));
#6391 = CARTESIAN_POINT('',(5.852062384406,4.812699176271));
#6392 = CARTESIAN_POINT('',(5.788383996027,4.818094305542));
#6393 = CARTESIAN_POINT('',(5.72384920254,4.824042182348));
#6394 = CARTESIAN_POINT('',(5.658341743195,4.830472653409));
#6395 = CARTESIAN_POINT('',(5.59172663658,4.837304793839));
#6396 = CARTESIAN_POINT('',(5.523908619531,4.844439031679));
#6397 = CARTESIAN_POINT('',(5.453806076412,4.851865764835));
#6398 = CARTESIAN_POINT('',(5.38180545624,4.859397545812));
#6399 = CARTESIAN_POINT('',(5.30802988896,4.866852019226));
#6400 = CARTESIAN_POINT('',(5.232633770064,4.874028027869));
#6401 = CARTESIAN_POINT('',(5.155728171732,4.8807197342));
#6402 = CARTESIAN_POINT('',(5.077404976086,4.886721087379));
#6403 = CARTESIAN_POINT('',(4.997732452076,4.891833099403));
#6404 = CARTESIAN_POINT('',(4.916763356646,4.895870790163));
#6405 = CARTESIAN_POINT('',(4.83451844717,4.898668942965));
#6406 = CARTESIAN_POINT('',(4.75105276385,4.900092288663));
#6407 = CARTESIAN_POINT('',(4.666212384041,4.900027548582));
#6408 = CARTESIAN_POINT('',(4.581901610375,4.898454290848));
#6409 = CARTESIAN_POINT('',(4.498289279016,4.895460031598));
#6410 = CARTESIAN_POINT('',(4.415792517418,4.891184827411));
#6411 = CARTESIAN_POINT('',(4.334796289321,4.885824138485));
#6412 = CARTESIAN_POINT('',(4.255739928495,4.87961640046));
#6413 = CARTESIAN_POINT('',(4.178509708188,4.872771990622));
#6414 = CARTESIAN_POINT('',(4.103017006198,4.865492800276));
#6415 = CARTESIAN_POINT('',(4.029188230182,4.857970875681));
#6416 = CARTESIAN_POINT('',(3.956965167648,4.850384776402));
#6417 = CARTESIAN_POINT('',(3.886302534874,4.84289733369));
#6418 = CARTESIAN_POINT('',(3.817171366097,4.835653980547));
#6419 = CARTESIAN_POINT('',(3.749277037039,4.828753455758));
#6420 = CARTESIAN_POINT('',(3.682505888795,4.822297205604));
#6421 = CARTESIAN_POINT('',(3.616718982512,4.816368822288));
#6422 = CARTESIAN_POINT('',(3.551792231189,4.811039764086));
#6423 = CARTESIAN_POINT('',(3.487603544161,4.806369310551));
#6424 = CARTESIAN_POINT('',(3.424034570498,4.802405993486));
#6425 = CARTESIAN_POINT('',(3.360968700942,4.799188541047));
#6426 = CARTESIAN_POINT('',(3.298290449705,4.796746826822));
#6427 = CARTESIAN_POINT('',(3.235883501034,4.795102701169));
#6428 = CARTESIAN_POINT('',(3.173632676368,4.794270585897));
#6429 = CARTESIAN_POINT('',(3.111411115126,4.794258312533));
#6430 = CARTESIAN_POINT('',(3.049160884346,4.79506605499));
#6431 = CARTESIAN_POINT('',(2.986757045169,4.796686226126));
#6432 = CARTESIAN_POINT('',(2.92408446366,4.799104641578));
#6433 = CARTESIAN_POINT('',(2.861027270901,4.802299682754));
#6434 = CARTESIAN_POINT('',(2.797470321477,4.806241704219));
#6435 = CARTESIAN_POINT('',(2.733297019036,4.810892253602));
#6436 = CARTESIAN_POINT('',(2.668390106697,4.816202977831));
#6437 = CARTESIAN_POINT('',(2.602624265657,4.822115266434));
#6438 = CARTESIAN_POINT('',(2.53588806972,4.828556669269));
#6439 = CARTESIAN_POINT('',(2.467995693711,4.835449002644));
#6440 = CARTESIAN_POINT('',(2.39900858412,4.842672564644));
#6441 = CARTESIAN_POINT('',(2.327773514433,4.85022048692));
#6442 = CARTESIAN_POINT('',(2.254450810344,4.857925084644));
#6443 = CARTESIAN_POINT('',(2.179250318422,4.86558677343));
#6444 = CARTESIAN_POINT('',(2.102324415738,4.872993756623));
#6445 = CARTESIAN_POINT('',(2.023801691688,4.87992529305));
#6446 = CARTESIAN_POINT('',(1.943782662803,4.886160015749));
#6447 = CARTESIAN_POINT('',(1.862343450145,4.891483194746));
#6448 = CARTESIAN_POINT('',(1.779542164417,4.895694775214));
#6449 = CARTESIAN_POINT('',(1.69540299675,4.898615846701));
#6450 = CARTESIAN_POINT('',(1.609983256638,4.900099963428));
#6451 = CARTESIAN_POINT('',(1.523127417936,4.900024854038));
#6452 = CARTESIAN_POINT('',(1.436836005195,4.898369415074));
#6453 = CARTESIAN_POINT('',(1.351291851713,4.895229608617));
#6454 = CARTESIAN_POINT('',(1.266939875331,4.890758716932));
#6455 = CARTESIAN_POINT('',(1.184209904009,4.885171433168));
#6456 = CARTESIAN_POINT('',(1.103525399737,4.878723321447));
#6457 = CARTESIAN_POINT('',(1.024733480588,4.871636857666));
#6458 = CARTESIAN_POINT('',(0.947750513062,4.864127866207));
#6459 = CARTESIAN_POINT('',(0.872499543588,4.856400105388));
#6460 = CARTESIAN_POINT('',(0.79891579954,4.848641436333));
#6461 = CARTESIAN_POINT('',(0.726975812568,4.84102488904));
#6462 = CARTESIAN_POINT('',(0.656569530565,4.83369303186));
#6463 = CARTESIAN_POINT('',(0.587413086018,4.826750359264));
#6464 = CARTESIAN_POINT('',(0.519392341219,4.820301629661));
#6465 = CARTESIAN_POINT('',(0.452359102943,4.814431835012));
#6466 = CARTESIAN_POINT('',(0.386182380753,4.809213214225));
#6467 = CARTESIAN_POINT('',(0.320732456139,4.804705028322));
#6468 = CARTESIAN_POINT('',(0.255883327304,4.800955165196));
#6469 = CARTESIAN_POINT('',(0.191510486574,4.798001215509));
#6470 = CARTESIAN_POINT('',(0.127489902211,4.795871246751));
#6471 = CARTESIAN_POINT('',(6.369712843776E-02,4.794585586754));
#6472 = CARTESIAN_POINT('',(2.123534158394E-02,4.794297865954));
#6473 = CARTESIAN_POINT('',(0.,4.794298483111));
#6474 = ( GEOMETRIC_REPRESENTATION_CONTEXT(2) 
PARAMETRIC_REPRESENTATION_CONTEXT() REPRESENTATION_CONTEXT('2D SPACE',''
  ) );
#6475 = ADVANCED_FACE('',(#6476),#6376,.F.);
#6476 = FACE_BOUND('',#6477,.F.);
#6477 = EDGE_LOOP('',(#6478,#6479,#6502,#6825));
#6478 = ORIENTED_EDGE('',*,*,#6213,.T.);
#6479 = ORIENTED_EDGE('',*,*,#6480,.F.);
#6480 = EDGE_CURVE('',#6481,#6214,#6483,.T.);
#6481 = VERTEX_POINT('',#6482);
#6482 = CARTESIAN_POINT('',(4.329E+03,-2.25,930.0263298315));
#6483 = SEAM_CURVE('',#6484,(#6488,#6495),.PCURVE_S1.);
#6484 = LINE('',#6485,#6486);
#6485 = CARTESIAN_POINT('',(4.329E+03,-2.25,930.9));
#6486 = VECTOR('',#6487,1.);
#6487 = DIRECTION('',(0.,-1.836970198721E-16,-1.));
#6488 = PCURVE('',#6376,#6489);
#6489 = DEFINITIONAL_REPRESENTATION('',(#6490),#6494);
#6490 = LINE('',#6491,#6492);
#6491 = CARTESIAN_POINT('',(0.,-0.));
#6492 = VECTOR('',#6493,1.);
#6493 = DIRECTION('',(0.,1.));
#6494 = ( GEOMETRIC_REPRESENTATION_CONTEXT(2) 
PARAMETRIC_REPRESENTATION_CONTEXT() REPRESENTATION_CONTEXT('2D SPACE',''
  ) );
#6495 = PCURVE('',#6376,#6496);
#6496 = DEFINITIONAL_REPRESENTATION('',(#6497),#6501);
#6497 = LINE('',#6498,#6499);
#6498 = CARTESIAN_POINT('',(6.28318530718,-0.));
#6499 = VECTOR('',#6500,1.);
#6500 = DIRECTION('',(0.,1.));
#6501 = ( GEOMETRIC_REPRESENTATION_CONTEXT(2) 
PARAMETRIC_REPRESENTATION_CONTEXT() REPRESENTATION_CONTEXT('2D SPACE',''
  ) );
#6502 = ORIENTED_EDGE('',*,*,#6503,.F.);
#6503 = EDGE_CURVE('',#6481,#6481,#6504,.T.);
#6504 = SURFACE_CURVE('',#6505,(#6586,#6703),.PCURVE_S1.);
#6505 = B_SPLINE_CURVE_WITH_KNOTS('',7,(#6506,#6507,#6508,#6509,#6510,
    #6511,#6512,#6513,#6514,#6515,#6516,#6517,#6518,#6519,#6520,#6521,
    #6522,#6523,#6524,#6525,#6526,#6527,#6528,#6529,#6530,#6531,#6532,
    #6533,#6534,#6535,#6536,#6537,#6538,#6539,#6540,#6541,#6542,#6543,
    #6544,#6545,#6546,#6547,#6548,#6549,#6550,#6551,#6552,#6553,#6554,
    #6555,#6556,#6557,#6558,#6559,#6560,#6561,#6562,#6563,#6564,#6565,
    #6566,#6567,#6568,#6569,#6570,#6571,#6572,#6573,#6574,#6575,#6576,
    #6577,#6578,#6579,#6580,#6581,#6582,#6583,#6584,#6585),
  .UNSPECIFIED.,.T.,.F.,(8,6,6,6,6,6,6,6,6,6,6,6,6,8),(0.,0.497067048993
    ,0.794153450594,1.,1.33419098865,1.63102362033,1.731745995228,
    2.005237735276,2.505598517969,2.804653514138,3.011864072065,
    3.348269522622,3.518744492141,4.023336681503),.UNSPECIFIED.);
#6506 = CARTESIAN_POINT('',(4.329E+03,-2.25,930.0263298315));
#6507 = CARTESIAN_POINT('',(4.329219418471E+03,-2.25,930.0263298315));
#6508 = CARTESIAN_POINT('',(4.329438656137E+03,-2.225036616759,
    930.02351776491));
#6509 = CARTESIAN_POINT('',(4.329656040993E+03,-2.175180817178,
    930.01790150707));
#6510 = CARTESIAN_POINT('',(4.329869740842E+03,-2.099914309241,
    930.00962214214));
#6511 = CARTESIAN_POINT('',(4.330077465952E+03,-1.998280572086,
    929.99896595054));
#6512 = CARTESIAN_POINT('',(4.330276117686E+03,-1.869038282169,
    929.9864575386));
#6513 = CARTESIAN_POINT('',(4.330571912601E+03,-1.616405557659,
    929.96487509406));
#6514 = CARTESIAN_POINT('',(4.330678042997E+03,-1.511321436753,
    929.95642182642));
#6515 = CARTESIAN_POINT('',(4.330778348497E+03,-1.395548535417,
    929.94778992547));
#6516 = CARTESIAN_POINT('',(4.33087144325E+03,-1.269101229079,
    929.93922886493));
#6517 = CARTESIAN_POINT('',(4.330955841798E+03,-1.132143071449,
    929.93103491307));
#6518 = CARTESIAN_POINT('',(4.331029940804E+03,-0.985016539287,
    929.92353740145));
#6519 = CARTESIAN_POINT('',(4.331134994932E+03,-0.719680100713,
    929.91259412952));
#6520 = CARTESIAN_POINT('',(4.331172208587E+03,-0.606472784208,
    929.90861144802));
#6521 = CARTESIAN_POINT('',(4.33120283982E+03,-0.489397894006,
    929.90525963899));
#6522 = CARTESIAN_POINT('',(4.331226272111E+03,-0.369290990753,
    929.9026561578));
#6523 = CARTESIAN_POINT('',(4.331242073481E+03,-0.247056428952,
    929.90088727551));
#6524 = CARTESIAN_POINT('',(4.33125E+03,-0.123639802131,929.9));
#6525 = CARTESIAN_POINT('',(4.33125E+03,0.200728687607,929.9));
#6526 = CARTESIAN_POINT('',(4.331229107472E+03,0.399658274046,
    929.90233823342));
#6527 = CARTESIAN_POINT('',(4.331187998571E+03,0.593449993835,
    929.90694165654));
#6528 = CARTESIAN_POINT('',(4.331128196553E+03,0.778942901411,
    929.91349858574));
#6529 = CARTESIAN_POINT('',(4.33105202969E+03,0.953339806796,
    929.92150946873));
#6530 = CARTESIAN_POINT('',(4.330962594807E+03,1.114389435318,
    929.9303814735));
#6531 = CARTESIAN_POINT('',(4.330775910373E+03,1.390399615521,
    929.94772550186));
#6532 = CARTESIAN_POINT('',(4.330679861882E+03,1.509667610883,
    929.95620438803));
#6533 = CARTESIAN_POINT('',(4.330577010613E+03,1.618415385626,
    929.96471955487));
#6534 = CARTESIAN_POINT('',(4.330468563715E+03,1.716793012891,
    929.9730307025));
#6535 = CARTESIAN_POINT('',(4.330355541219E+03,1.805013908945,
    929.98094359465));
#6536 = CARTESIAN_POINT('',(4.330238808512E+03,1.883319434309,
    929.98830685169));
#6537 = CARTESIAN_POINT('',(4.330078487992E+03,1.975235623881,
    929.9972753932));
#6538 = CARTESIAN_POINT('',(4.330037519304E+03,1.997413903668,
    929.99947131108));
#6539 = CARTESIAN_POINT('',(4.329996225983E+03,2.018492982565,
    930.00158646127));
#6540 = CARTESIAN_POINT('',(4.329954632763E+03,2.038482242978,
    930.0036167592));
#6541 = CARTESIAN_POINT('',(4.32991276299E+03,2.057390544372,
    930.0055585004));
#6542 = CARTESIAN_POINT('',(4.329870638626E+03,2.075226223269,
    930.00740836048));
#6543 = CARTESIAN_POINT('',(4.329713264412E+03,2.137535082374,
    930.01392884557));
#6544 = CARTESIAN_POINT('',(4.329596519313E+03,2.175223959074,
    930.01799514572));
#6545 = CARTESIAN_POINT('',(4.329478465345E+03,2.205215322001,
    930.02130276581));
#6546 = CARTESIAN_POINT('',(4.329359468057E+03,2.227627427389,
    930.02380969383));
#6547 = CARTESIAN_POINT('',(4.329239854857E+03,2.24254182599,
    930.02548957171));
#6548 = CARTESIAN_POINT('',(4.32911993174E+03,2.25,930.0263298315));
#6549 = CARTESIAN_POINT('',(4.328780581529E+03,2.25,930.0263298315));
#6550 = CARTESIAN_POINT('',(4.328561343863E+03,2.225036616759,
    930.02351776491));
#6551 = CARTESIAN_POINT('',(4.328343959007E+03,2.175180817179,
    930.01790150707));
#6552 = CARTESIAN_POINT('',(4.328130259158E+03,2.099914309241,
    930.00962214214));
#6553 = CARTESIAN_POINT('',(4.327922534048E+03,1.998280572087,
    929.99896595054));
#6554 = CARTESIAN_POINT('',(4.327723882314E+03,1.869038282169,
    929.9864575386));
#6555 = CARTESIAN_POINT('',(4.327428087399E+03,1.616405557659,
    929.96487509406));
#6556 = CARTESIAN_POINT('',(4.327321957003E+03,1.511321436753,
    929.95642182642));
#6557 = CARTESIAN_POINT('',(4.327221651503E+03,1.395548535417,
    929.94778992547));
#6558 = CARTESIAN_POINT('',(4.32712855675E+03,1.269101229079,
    929.93922886493));
#6559 = CARTESIAN_POINT('',(4.327044158202E+03,1.132143071449,
    929.93103491307));
#6560 = CARTESIAN_POINT('',(4.326970059196E+03,0.985016539287,
    929.92353740145));
#6561 = CARTESIAN_POINT('',(4.326865005068E+03,0.719680100741,
    929.91259412952));
#6562 = CARTESIAN_POINT('',(4.326827791413E+03,0.606472784211,
    929.90861144802));
#6563 = CARTESIAN_POINT('',(4.32679716018E+03,0.489397893983,
    929.90525963899));
#6564 = CARTESIAN_POINT('',(4.326773727889E+03,0.36929099073,
    929.90265615779));
#6565 = CARTESIAN_POINT('',(4.326757926519E+03,0.247056428956,
    929.90088727551));
#6566 = CARTESIAN_POINT('',(4.32675E+03,0.123639802162,929.9));
#6567 = CARTESIAN_POINT('',(4.32675E+03,-0.200728687618,929.9));
#6568 = CARTESIAN_POINT('',(4.326770892528E+03,-0.399658274034,
    929.90233823342));
#6569 = CARTESIAN_POINT('',(4.326812001429E+03,-0.593449993829,
    929.90694165654));
#6570 = CARTESIAN_POINT('',(4.326871803447E+03,-0.77894290142,
    929.91349858574));
#6571 = CARTESIAN_POINT('',(4.32694797031E+03,-0.953339806803,
    929.92150946873));
#6572 = CARTESIAN_POINT('',(4.327037405193E+03,-1.11438943531,
    929.9303814735));
#6573 = CARTESIAN_POINT('',(4.327186375502E+03,-1.334639838207,
    929.94422164864));
#6574 = CARTESIAN_POINT('',(4.32723917648E+03,-1.405303947307,
    929.94898245877));
#6575 = CARTESIAN_POINT('',(4.327294409556E+03,-1.47255282251,
    929.953796197));
#6576 = CARTESIAN_POINT('',(4.327351826092E+03,-1.536392934321,
    929.95861400852));
#6577 = CARTESIAN_POINT('',(4.327411195428E+03,-1.596840927238,
    929.96339155129));
#6578 = CARTESIAN_POINT('',(4.327472304569E+03,-1.653923007076,
    929.96808923499));
#6579 = CARTESIAN_POINT('',(4.327720406671E+03,-1.86677391299,
    929.98623843773));
#6580 = CARTESIAN_POINT('',(4.327919502955E+03,-1.996793607974,
    929.99881016468));
#6581 = CARTESIAN_POINT('',(4.328127758304E+03,-2.099030696539,
    930.00952493686));
#6582 = CARTESIAN_POINT('',(4.328342047929E+03,-2.174742062193,
    930.01785207633));
#6583 = CARTESIAN_POINT('',(4.32856006156E+03,-2.224891490598,
    930.02350141844));
#6584 = CARTESIAN_POINT('',(4.328779944521E+03,-2.25,930.0263298315));
#6585 = CARTESIAN_POINT('',(4.329E+03,-2.25,930.0263298315));
#6586 = PCURVE('',#6376,#6587);
#6587 = DEFINITIONAL_REPRESENTATION('',(#6588),#6702);
#6588 = B_SPLINE_CURVE_WITH_KNOTS('',3,(#6589,#6590,#6591,#6592,#6593,
    #6594,#6595,#6596,#6597,#6598,#6599,#6600,#6601,#6602,#6603,#6604,
    #6605,#6606,#6607,#6608,#6609,#6610,#6611,#6612,#6613,#6614,#6615,
    #6616,#6617,#6618,#6619,#6620,#6621,#6622,#6623,#6624,#6625,#6626,
    #6627,#6628,#6629,#6630,#6631,#6632,#6633,#6634,#6635,#6636,#6637,
    #6638,#6639,#6640,#6641,#6642,#6643,#6644,#6645,#6646,#6647,#6648,
    #6649,#6650,#6651,#6652,#6653,#6654,#6655,#6656,#6657,#6658,#6659,
    #6660,#6661,#6662,#6663,#6664,#6665,#6666,#6667,#6668,#6669,#6670,
    #6671,#6672,#6673,#6674,#6675,#6676,#6677,#6678,#6679,#6680,#6681,
    #6682,#6683,#6684,#6685,#6686,#6687,#6688,#6689,#6690,#6691,#6692,
    #6693,#6694,#6695,#6696,#6697,#6698,#6699,#6700,#6701),
  .UNSPECIFIED.,.F.,.F.,(4,1,1,1,1,1,1,1,1,1,1,1,1,1,1,1,1,1,1,1,1,1,1,1
    ,1,1,1,1,1,1,1,1,1,1,1,1,1,1,1,1,1,1,1,1,1,1,1,1,1,1,1,1,1,1,1,1,1,1
    ,1,1,1,1,1,1,1,1,1,1,1,1,1,1,1,1,1,1,1,1,1,1,1,1,1,1,1,1,1,1,1,1,1,1
    ,1,1,1,1,1,1,1,1,1,1,1,1,1,1,1,1,1,1,4),(0.,3.657578801367E-02,
    7.315157602734E-02,0.109727364041,0.146303152055,0.182878940068,
    0.219454728082,0.256030516096,0.292606304109,0.329182092123,
    0.365757880137,0.40233366815,0.438909456164,0.475485244178,
    0.512061032191,0.548636820205,0.585212608219,0.621788396232,
    0.658364184246,0.69493997226,0.731515760273,0.768091548287,
    0.804667336301,0.841243124314,0.877818912328,0.914394700342,
    0.950970488355,0.987546276369,1.024122064383,1.060697852396,
    1.09727364041,1.133849428424,1.170425216437,1.207001004451,
    1.243576792465,1.280152580478,1.316728368492,1.353304156506,
    1.389879944519,1.426455732533,1.463031520547,1.49960730856,
    1.536183096574,1.572758884588,1.609334672601,1.645910460615,
    1.682486248629,1.719062036642,1.755637824656,1.79221361267,
    1.828789400683,1.865365188697,1.901940976711,1.938516764724,
    1.975092552738,2.011668340752,2.048244128765,2.084819916779,
    2.121395704793,2.157971492806,2.19454728082,2.231123068834,
    2.267698856847,2.304274644861,2.340850432875,2.377426220888,
    2.414002008902,2.450577796916,2.487153584929,2.523729372943,
    2.560305160957,2.59688094897,2.633456736984,2.670032524998,
    2.706608313011,2.743184101025,2.779759889039,2.816335677052,
    2.852911465066,2.88948725308,2.926063041093,2.962638829107,
    2.999214617121,3.035790405134,3.072366193148,3.108941981162,
    3.145517769175,3.182093557189,3.218669345203,3.255245133216,
    3.29182092123,3.328396709244,3.364972497257,3.401548285271,
    3.438124073285,3.474699861298,3.511275649312,3.547851437326,
    3.584427225339,3.621003013353,3.657578801367,3.69415458938,
    3.730730377394,3.767306165408,3.803881953421,3.840457741435,
    3.877033529449,3.913609317462,3.950185105476,3.98676089349,
    4.023336681503),.QUASI_UNIFORM_KNOTS.);
#6589 = CARTESIAN_POINT('',(6.28318530718,0.873670168499));
#6590 = CARTESIAN_POINT('',(6.266441926094,0.873669884287));
#6591 = CARTESIAN_POINT('',(6.232960801527,0.873883554517));
#6592 = CARTESIAN_POINT('',(6.18269394297,0.874840724627));
#6593 = CARTESIAN_POINT('',(6.132319391876,0.876429881668));
#6594 = CARTESIAN_POINT('',(6.081776154478,0.878641541019));
#6595 = CARTESIAN_POINT('',(6.031003685973,0.881462813696));
#6596 = CARTESIAN_POINT('',(5.979941675695,0.88487671237));
#6597 = CARTESIAN_POINT('',(5.928529631424,0.888861961241));
#6598 = CARTESIAN_POINT('',(5.876706543398,0.89339261776));
#6599 = CARTESIAN_POINT('',(5.824410485142,0.898437704081));
#6600 = CARTESIAN_POINT('',(5.77157834328,0.903960778796));
#6601 = CARTESIAN_POINT('',(5.718144938019,0.909919558975));
#6602 = CARTESIAN_POINT('',(5.664044168275,0.916265251935));
#6603 = CARTESIAN_POINT('',(5.609202243678,0.922942879147));
#6604 = CARTESIAN_POINT('',(5.553559967568,0.929887833293));
#6605 = CARTESIAN_POINT('',(5.496933672866,0.937043042533));
#6606 = CARTESIAN_POINT('',(5.439315413501,0.944320110044));
#6607 = CARTESIAN_POINT('',(5.380678441185,0.951623193227));
#6608 = CARTESIAN_POINT('',(5.320993995642,0.958847580015));
#6609 = CARTESIAN_POINT('',(5.260227136919,0.965880898535));
#6610 = CARTESIAN_POINT('',(5.198335210884,0.972604135728));
#6611 = CARTESIAN_POINT('',(5.135275606465,0.978892036527));
#6612 = CARTESIAN_POINT('',(5.070972281849,0.984617421625));
#6613 = CARTESIAN_POINT('',(5.005444579314,0.98964100846));
#6614 = CARTESIAN_POINT('',(4.938953040361,0.993813866429));
#6615 = CARTESIAN_POINT('',(4.871698007592,0.997012956935));
#6616 = CARTESIAN_POINT('',(4.80388098432,0.999140075717));
#6617 = CARTESIAN_POINT('',(4.735679550619,1.000128071132));
#6618 = CARTESIAN_POINT('',(4.667312371219,0.999938815043));
#6619 = CARTESIAN_POINT('',(4.599499864203,0.998588821803));
#6620 = CARTESIAN_POINT('',(4.532216354702,0.996132141327));
#6621 = CARTESIAN_POINT('',(4.465591542671,0.992645274349));
#6622 = CARTESIAN_POINT('',(4.399722262,0.98822744147));
#6623 = CARTESIAN_POINT('',(4.334726239733,0.982996611151));
#6624 = CARTESIAN_POINT('',(4.270728647035,0.977085868558));
#6625 = CARTESIAN_POINT('',(4.207876096144,0.970640384715));
#6626 = CARTESIAN_POINT('',(4.146308824074,0.963809366205));
#6627 = CARTESIAN_POINT('',(4.086273558705,0.95675520511));
#6628 = CARTESIAN_POINT('',(4.027348113466,0.949552783768));
#6629 = CARTESIAN_POINT('',(3.969481076082,0.942307342656));
#6630 = CARTESIAN_POINT('',(3.91259347381,0.935112494372));
#6631 = CARTESIAN_POINT('',(3.856619146729,0.928054088395));
#6632 = CARTESIAN_POINT('',(3.801492678087,0.921209294612));
#6633 = CARTESIAN_POINT('',(3.747152391963,0.914647171324));
#6634 = CARTESIAN_POINT('',(3.693536728291,0.908428666239));
#6635 = CARTESIAN_POINT('',(3.640592970607,0.902607990846));
#6636 = CARTESIAN_POINT('',(3.588230622132,0.897228240103));
#6637 = CARTESIAN_POINT('',(3.536383485662,0.892329220352));
#6638 = CARTESIAN_POINT('',(3.484987454563,0.887945204495));
#6639 = CARTESIAN_POINT('',(3.433979029137,0.884105283817));
#6640 = CARTESIAN_POINT('',(3.383299292714,0.880834078285));
#6641 = CARTESIAN_POINT('',(3.332890033125,0.878151806649));
#6642 = CARTESIAN_POINT('',(3.282694213358,0.876074519426));
#6643 = CARTESIAN_POINT('',(3.232654889598,0.874614297247));
#6644 = CARTESIAN_POINT('',(3.18271691067,0.873779430094));
#6645 = CARTESIAN_POINT('',(3.132819277521,0.873574707623));
#6646 = CARTESIAN_POINT('',(3.082924117032,0.874001270049));
#6647 = CARTESIAN_POINT('',(3.032974825768,0.875056192034));
#6648 = CARTESIAN_POINT('',(2.982909237064,0.876733373045));
#6649 = CARTESIAN_POINT('',(2.93266795702,0.879023204668));
#6650 = CARTESIAN_POINT('',(2.882191605044,0.88191240405));
#6651 = CARTESIAN_POINT('',(2.831421071551,0.885383741665));
#6652 = CARTESIAN_POINT('',(2.780296995431,0.889415742527));
#6653 = CARTESIAN_POINT('',(2.728759468076,0.893982344917));
#6654 = CARTESIAN_POINT('',(2.676747651484,0.89905252998));
#6655 = CARTESIAN_POINT('',(2.624199457417,0.904589913374));
#6656 = CARTESIAN_POINT('',(2.571050902773,0.910552349709));
#6657 = CARTESIAN_POINT('',(2.517236410762,0.91689138431));
#6658 = CARTESIAN_POINT('',(2.462685228805,0.923552192173));
#6659 = CARTESIAN_POINT('',(2.407331862795,0.930471638888));
#6660 = CARTESIAN_POINT('',(2.350999404282,0.937592669345));
#6661 = CARTESIAN_POINT('',(2.293688173081,0.9448268226));
#6662 = CARTESIAN_POINT('',(2.235369277137,0.95207980464));
#6663 = CARTESIAN_POINT('',(2.176014760836,0.959248356047));
#6664 = CARTESIAN_POINT('',(2.115589902056,0.966221904896));
#6665 = CARTESIAN_POINT('',(2.054052443541,0.972883456928));
#6666 = CARTESIAN_POINT('',(1.991360831335,0.979109952579));
#6667 = CARTESIAN_POINT('',(1.927438099021,0.98477672048));
#6668 = CARTESIAN_POINT('',(1.862313632957,0.989746364484));
#6669 = CARTESIAN_POINT('',(1.796243047062,0.993873360906));
#6670 = CARTESIAN_POINT('',(1.72942232729,0.997037563617));
#6671 = CARTESIAN_POINT('',(1.662048694943,0.999143065015));
#6672 = CARTESIAN_POINT('',(1.594297076922,1.000124244784));
#6673 = CARTESIAN_POINT('',(1.526378543204,0.999943718567));
#6674 = CARTESIAN_POINT('',(1.459005772069,0.998617332631));
#6675 = CARTESIAN_POINT('',(1.392153746215,0.996197773677));
#6676 = CARTESIAN_POINT('',(1.325949452617,0.992759581047));
#6677 = CARTESIAN_POINT('',(1.260487593916,0.988399499087));
#6678 = CARTESIAN_POINT('',(1.195883349469,0.983232640949));
#6679 = CARTESIAN_POINT('',(1.132258519384,0.977388913718));
#6680 = CARTESIAN_POINT('',(1.069757671673,0.971010397956));
#6681 = CARTESIAN_POINT('',(1.008511622229,0.964242459356));
#6682 = CARTESIAN_POINT('',(0.948782418101,0.957246788773));
#6683 = CARTESIAN_POINT('',(0.890144854184,0.950096272676));
#6684 = CARTESIAN_POINT('',(0.832540447926,0.942893671523));
#6685 = CARTESIAN_POINT('',(0.77590929592,0.935733771617));
#6686 = CARTESIAN_POINT('',(0.720197797527,0.928703155644));
#6687 = CARTESIAN_POINT('',(0.665351870321,0.921879516011));
#6688 = CARTESIAN_POINT('',(0.61128560897,0.915328147802));
#6689 = CARTESIAN_POINT('',(0.557930884631,0.909108766595));
#6690 = CARTESIAN_POINT('',(0.505219700114,0.903273802236));
#6691 = CARTESIAN_POINT('',(0.453087579961,0.897869375279));
#6692 = CARTESIAN_POINT('',(0.401471929383,0.892935598494));
#6693 = CARTESIAN_POINT('',(0.350311857919,0.888507040979));
#6694 = CARTESIAN_POINT('',(0.29954769659,0.884613123951));
#6695 = CARTESIAN_POINT('',(0.249120656538,0.881278507652));
#6696 = CARTESIAN_POINT('',(0.198972479359,0.878523435878));
#6697 = CARTESIAN_POINT('',(0.149045114088,0.876364085835));
#6698 = CARTESIAN_POINT('',(9.928032797265E-02,0.874812739415));
#6699 = CARTESIAN_POINT('',(4.961949812203E-02,0.873878436919));
#6700 = CARTESIAN_POINT('',(1.654157402047E-02,0.873669896616));
#6701 = CARTESIAN_POINT('',(0.,0.873670168499));
#6702 = ( GEOMETRIC_REPRESENTATION_CONTEXT(2) 
PARAMETRIC_REPRESENTATION_CONTEXT() REPRESENTATION_CONTEXT('2D SPACE',''
  ) );
#6703 = PCURVE('',#6704,#6709);
#6704 = CYLINDRICAL_SURFACE('',#6705,20.1);
#6705 = AXIS2_PLACEMENT_3D('',#6706,#6707,#6708);
#6706 = CARTESIAN_POINT('',(4.322E+03,0.,950.));
#6707 = DIRECTION('',(1.,0.,2.22044604925E-16));
#6708 = DIRECTION('',(2.22044604925E-16,0.,-1.));
#6709 = DEFINITIONAL_REPRESENTATION('',(#6710),#6824);
#6710 = B_SPLINE_CURVE_WITH_KNOTS('',3,(#6711,#6712,#6713,#6714,#6715,
    #6716,#6717,#6718,#6719,#6720,#6721,#6722,#6723,#6724,#6725,#6726,
    #6727,#6728,#6729,#6730,#6731,#6732,#6733,#6734,#6735,#6736,#6737,
    #6738,#6739,#6740,#6741,#6742,#6743,#6744,#6745,#6746,#6747,#6748,
    #6749,#6750,#6751,#6752,#6753,#6754,#6755,#6756,#6757,#6758,#6759,
    #6760,#6761,#6762,#6763,#6764,#6765,#6766,#6767,#6768,#6769,#6770,
    #6771,#6772,#6773,#6774,#6775,#6776,#6777,#6778,#6779,#6780,#6781,
    #6782,#6783,#6784,#6785,#6786,#6787,#6788,#6789,#6790,#6791,#6792,
    #6793,#6794,#6795,#6796,#6797,#6798,#6799,#6800,#6801,#6802,#6803,
    #6804,#6805,#6806,#6807,#6808,#6809,#6810,#6811,#6812,#6813,#6814,
    #6815,#6816,#6817,#6818,#6819,#6820,#6821,#6822,#6823),
  .UNSPECIFIED.,.T.,.F.,(4,1,1,1,1,1,1,1,1,1,1,1,1,1,1,1,1,1,1,1,1,1,1,1
    ,1,1,1,1,1,1,1,1,1,1,1,1,1,1,1,1,1,1,1,1,1,1,1,1,1,1,1,1,1,1,1,1,1,1
    ,1,1,1,1,1,1,1,1,1,1,1,1,1,1,1,1,1,1,1,1,1,1,1,1,1,1,1,1,1,1,1,1,1,1
    ,1,1,1,1,1,1,1,1,1,1,1,1,1,1,1,1,1,1,4),(0.,3.657578801367E-02,
    7.315157602734E-02,0.109727364041,0.146303152055,0.182878940068,
    0.219454728082,0.256030516096,0.292606304109,0.329182092123,
    0.365757880137,0.40233366815,0.438909456164,0.475485244178,
    0.512061032191,0.548636820205,0.585212608219,0.621788396232,
    0.658364184246,0.69493997226,0.731515760273,0.768091548287,
    0.804667336301,0.841243124314,0.877818912328,0.914394700342,
    0.950970488355,0.987546276369,1.024122064383,1.060697852396,
    1.09727364041,1.133849428424,1.170425216437,1.207001004451,
    1.243576792465,1.280152580478,1.316728368492,1.353304156506,
    1.389879944519,1.426455732533,1.463031520547,1.49960730856,
    1.536183096574,1.572758884588,1.609334672601,1.645910460615,
    1.682486248629,1.719062036642,1.755637824656,1.79221361267,
    1.828789400683,1.865365188697,1.901940976711,1.938516764724,
    1.975092552738,2.011668340752,2.048244128765,2.084819916779,
    2.121395704793,2.157971492806,2.19454728082,2.231123068834,
    2.267698856847,2.304274644861,2.340850432875,2.377426220888,
    2.414002008902,2.450577796916,2.487153584929,2.523729372943,
    2.560305160957,2.59688094897,2.633456736984,2.670032524998,
    2.706608313011,2.743184101025,2.779759889039,2.816335677052,
    2.852911465066,2.88948725308,2.926063041093,2.962638829107,
    2.999214617121,3.035790405134,3.072366193148,3.108941981162,
    3.145517769175,3.182093557189,3.218669345203,3.255245133216,
    3.29182092123,3.328396709244,3.364972497257,3.401548285271,
    3.438124073285,3.474699861298,3.511275649312,3.547851437326,
    3.584427225339,3.621003013353,3.657578801367,3.69415458938,
    3.730730377394,3.767306165408,3.803881953421,3.840457741435,
    3.877033529449,3.913609317462,3.950185105476,3.98676089349,
    4.023336681503),.QUASI_UNIFORM_KNOTS.);
#6711 = CARTESIAN_POINT('',(6.171009900099,7.));
#6712 = CARTESIAN_POINT('',(6.171009954249,7.03767237463));
#6713 = CARTESIAN_POINT('',(6.171104595293,7.113005248315));
#6714 = CARTESIAN_POINT('',(6.171530916561,7.225820388757));
#6715 = CARTESIAN_POINT('',(6.172242113639,7.338305529273));
#6716 = CARTESIAN_POINT('',(6.173239561387,7.45030534271));
#6717 = CARTESIAN_POINT('',(6.174525144475,7.561656076116));
#6718 = CARTESIAN_POINT('',(6.176101296745,7.672182981352));
#6719 = CARTESIAN_POINT('',(6.17797093547,7.781698635297));
#6720 = CARTESIAN_POINT('',(6.180137421414,7.890000906702));
#6721 = CARTESIAN_POINT('',(6.182604513256,7.996870966709));
#6722 = CARTESIAN_POINT('',(6.185376309953,8.102070954037));
#6723 = CARTESIAN_POINT('',(6.188457236977,8.205342409259));
#6724 = CARTESIAN_POINT('',(6.191851857913,8.306401365758));
#6725 = CARTESIAN_POINT('',(6.195565328387,8.404945387935));
#6726 = CARTESIAN_POINT('',(6.19960144179,8.500615463121));
#6727 = CARTESIAN_POINT('',(6.203973574349,8.593213425695));
#6728 = CARTESIAN_POINT('',(6.208681934342,8.682192748772));
#6729 = CARTESIAN_POINT('',(6.21372612939,8.767016130667));
#6730 = CARTESIAN_POINT('',(6.219104178357,8.847119994941));
#6731 = CARTESIAN_POINT('',(6.224812606799,8.921921954143));
#6732 = CARTESIAN_POINT('',(6.230846530331,8.990819093007));
#6733 = CARTESIAN_POINT('',(6.237198665955,9.053179620483));
#6734 = CARTESIAN_POINT('',(6.243862604418,9.108369836784));
#6735 = CARTESIAN_POINT('',(6.250819189897,9.155639419638));
#6736 = CARTESIAN_POINT('',(6.258018858858,9.194135045354));
#6737 = CARTESIAN_POINT('',(6.26541324107,9.223199668437));
#6738 = CARTESIAN_POINT('',(6.272949960817,9.242318110248));
#6739 = CARTESIAN_POINT('',(6.280576383686,9.251143474686));
#6740 = CARTESIAN_POINT('',(6.288233372374,9.249455286664));
#6741 = CARTESIAN_POINT('',(6.295805152706,9.237378430842));
#6742 = CARTESIAN_POINT('',(6.303261127484,9.215234502269));
#6743 = CARTESIAN_POINT('',(6.310555508862,9.183421576343));
#6744 = CARTESIAN_POINT('',(6.317648980733,9.142441543775));
#6745 = CARTESIAN_POINT('',(6.324503288634,9.092891639198));
#6746 = CARTESIAN_POINT('',(6.331083300131,9.035461923457));
#6747 = CARTESIAN_POINT('',(6.337356278567,8.970945050195));
#6748 = CARTESIAN_POINT('',(6.343294857986,8.900191235067));
#6749 = CARTESIAN_POINT('',(6.348868027087,8.824270422761));
#6750 = CARTESIAN_POINT('',(6.354109878581,8.743375028622));
#6751 = CARTESIAN_POINT('',(6.359019285298,8.65804416356));
#6752 = CARTESIAN_POINT('',(6.363599405475,8.568751927588));
#6753 = CARTESIAN_POINT('',(6.367853086935,8.475942523241));
#6754 = CARTESIAN_POINT('',(6.371783950288,8.380023554681));
#6755 = CARTESIAN_POINT('',(6.375395917048,8.281371979851));
#6756 = CARTESIAN_POINT('',(6.378693297825,8.18033096022));
#6757 = CARTESIAN_POINT('',(6.381680213573,8.077230161692));
#6758 = CARTESIAN_POINT('',(6.384362858539,7.972294953287));
#6759 = CARTESIAN_POINT('',(6.386745635411,7.865768140548));
#6760 = CARTESIAN_POINT('',(6.388832609775,7.75787348864));
#6761 = CARTESIAN_POINT('',(6.390627444584,7.648815086965));
#6762 = CARTESIAN_POINT('',(6.392133238962,7.538789196233));
#6763 = CARTESIAN_POINT('',(6.393352664579,7.427979043356));
#6764 = CARTESIAN_POINT('',(6.394287914967,7.31655847144));
#6765 = CARTESIAN_POINT('',(6.394940695462,7.204692147376));
#6766 = CARTESIAN_POINT('',(6.395312209187,7.092541895506));
#6767 = CARTESIAN_POINT('',(6.395403115902,6.98025196935));
#6768 = CARTESIAN_POINT('',(6.395213603408,6.868016732805));
#6769 = CARTESIAN_POINT('',(6.39474354482,6.755988544775));
#6770 = CARTESIAN_POINT('',(6.393992135325,6.644309852206));
#6771 = CARTESIAN_POINT('',(6.392957987799,6.53313464354));
#6772 = CARTESIAN_POINT('',(6.391639158692,6.422624841121));
#6773 = CARTESIAN_POINT('',(6.390033193624,6.312953488292));
#6774 = CARTESIAN_POINT('',(6.388137168842,6.204306202023));
#6775 = CARTESIAN_POINT('',(6.385947735754,6.09688319376));
#6776 = CARTESIAN_POINT('',(6.383461164714,5.990901219473));
#6777 = CARTESIAN_POINT('',(6.380673397346,5.886595754132));
#6778 = CARTESIAN_POINT('',(6.37758007522,5.784222891062));
#6779 = CARTESIAN_POINT('',(6.374176665497,5.684062711202));
#6780 = CARTESIAN_POINT('',(6.370458234341,5.586417684079));
#6781 = CARTESIAN_POINT('',(6.366420545411,5.491630150024));
#6782 = CARTESIAN_POINT('',(6.36205063113,5.399905396628));
#6783 = CARTESIAN_POINT('',(6.357349032089,5.311794853224));
#6784 = CARTESIAN_POINT('',(6.352316058033,5.22782278011));
#6785 = CARTESIAN_POINT('',(6.346953790459,5.148543993969));
#6786 = CARTESIAN_POINT('',(6.341265717555,5.074530433777));
#6787 = CARTESIAN_POINT('',(6.335256700051,5.006374319279));
#6788 = CARTESIAN_POINT('',(6.328934016643,4.944696473336));
#6789 = CARTESIAN_POINT('',(6.322303798018,4.890117771126));
#6790 = CARTESIAN_POINT('',(6.315386036342,4.843382101115));
#6791 = CARTESIAN_POINT('',(6.308229496305,4.805322069608));
#6792 = CARTESIAN_POINT('',(6.300881637529,4.776578800528));
#6793 = CARTESIAN_POINT('',(6.293393816509,4.7576553248));
#6794 = CARTESIAN_POINT('',(6.285817743511,4.748890653566));
#6795 = CARTESIAN_POINT('',(6.27821102427,4.750501002681));
#6796 = CARTESIAN_POINT('',(6.270687882462,4.762366135895));
#6797 = CARTESIAN_POINT('',(6.263278357011,4.7841717504));
#6798 = CARTESIAN_POINT('',(6.256027365743,4.815529538516));
#6799 = CARTESIAN_POINT('',(6.248973506659,4.855949957512));
#6800 = CARTESIAN_POINT('',(6.242154372847,4.904850426468));
#6801 = CARTESIAN_POINT('',(6.235604477365,4.961558550156));
#6802 = CARTESIAN_POINT('',(6.229356202752,5.025299526344));
#6803 = CARTESIAN_POINT('',(6.223436017999,5.095251510733));
#6804 = CARTESIAN_POINT('',(6.217876575074,5.170344686174));
#6805 = CARTESIAN_POINT('',(6.212643461846,5.250398858475));
#6806 = CARTESIAN_POINT('',(6.207737364225,5.3348978181));
#6807 = CARTESIAN_POINT('',(6.203156891704,5.42334941606));
#6808 = CARTESIAN_POINT('',(6.198900174846,5.515294599892));
#6809 = CARTESIAN_POINT('',(6.194964212552,5.610307928846));
#6810 = CARTESIAN_POINT('',(6.191343230141,5.708057786591));
#6811 = CARTESIAN_POINT('',(6.188032613865,5.808219942879));
#6812 = CARTESIAN_POINT('',(6.185027641966,5.910502177958));
#6813 = CARTESIAN_POINT('',(6.182323857661,6.014635292904));
#6814 = CARTESIAN_POINT('',(6.179917032975,6.120372508866));
#6815 = CARTESIAN_POINT('',(6.1778032394,6.227486763443));
#6816 = CARTESIAN_POINT('',(6.175978887495,6.335768708257));
#6817 = CARTESIAN_POINT('',(6.174440772033,6.445024642247));
#6818 = CARTESIAN_POINT('',(6.173186115312,6.555074597312));
#6819 = CARTESIAN_POINT('',(6.172212602572,6.66575043443));
#6820 = CARTESIAN_POINT('',(6.171518442376,6.776894260095));
#6821 = CARTESIAN_POINT('',(6.171102327629,6.888356024374));
#6822 = CARTESIAN_POINT('',(6.171009951187,6.962781677961));
#6823 = CARTESIAN_POINT('',(6.171009900099,7.));
#6824 = ( GEOMETRIC_REPRESENTATION_CONTEXT(2) 
PARAMETRIC_REPRESENTATION_CONTEXT() REPRESENTATION_CONTEXT('2D SPACE',''
  ) );
#6825 = ORIENTED_EDGE('',*,*,#6480,.T.);
#6826 = ADVANCED_FACE('',(#6827,#7027,#7196,#7199),#6704,.F.);
#6827 = FACE_BOUND('',#6828,.F.);
#6828 = EDGE_LOOP('',(#6829,#6855,#6881,#6909,#6935,#6964,#6985,#7008));
#6829 = ORIENTED_EDGE('',*,*,#6830,.T.);
#6830 = EDGE_CURVE('',#6831,#6833,#6835,.T.);
#6831 = VERTEX_POINT('',#6832);
#6832 = CARTESIAN_POINT('',(4.323E+03,-2.00249843945,970.));
#6833 = VERTEX_POINT('',#6834);
#6834 = CARTESIAN_POINT('',(4.323E+03,2.00249843945,970.));
#6835 = SURFACE_CURVE('',#6836,(#6841,#6848),.PCURVE_S1.);
#6836 = CIRCLE('',#6837,20.1);
#6837 = AXIS2_PLACEMENT_3D('',#6838,#6839,#6840);
#6838 = CARTESIAN_POINT('',(4.323E+03,0.,950.));
#6839 = DIRECTION('',(1.,0.,0.));
#6840 = DIRECTION('',(0.,-9.962678803234E-02,0.995024875622));
#6841 = PCURVE('',#6704,#6842);
#6842 = DEFINITIONAL_REPRESENTATION('',(#6843),#6847);
#6843 = LINE('',#6844,#6845);
#6844 = CARTESIAN_POINT('',(3.241384989672,1.));
#6845 = VECTOR('',#6846,1.);
#6846 = DIRECTION('',(1.,0.));
#6847 = ( GEOMETRIC_REPRESENTATION_CONTEXT(2) 
PARAMETRIC_REPRESENTATION_CONTEXT() REPRESENTATION_CONTEXT('2D SPACE',''
  ) );
#6848 = PCURVE('',#5778,#6849);
#6849 = DEFINITIONAL_REPRESENTATION('',(#6850),#6854);
#6850 = CIRCLE('',#6851,20.1);
#6851 = AXIS2_PLACEMENT_2D('',#6852,#6853);
#6852 = CARTESIAN_POINT('',(-1.136868377216E-13,0.));
#6853 = DIRECTION('',(-0.995024875622,-9.962678803234E-02));
#6854 = ( GEOMETRIC_REPRESENTATION_CONTEXT(2) 
PARAMETRIC_REPRESENTATION_CONTEXT() REPRESENTATION_CONTEXT('2D SPACE',''
  ) );
#6855 = ORIENTED_EDGE('',*,*,#6856,.T.);
#6856 = EDGE_CURVE('',#6833,#6857,#6859,.T.);
#6857 = VERTEX_POINT('',#6858);
#6858 = CARTESIAN_POINT('',(4.335E+03,2.00249843945,970.));
#6859 = SURFACE_CURVE('',#6860,(#6864,#6870),.PCURVE_S1.);
#6860 = LINE('',#6861,#6862);
#6861 = CARTESIAN_POINT('',(4.322E+03,2.00249843945,970.));
#6862 = VECTOR('',#6863,1.);
#6863 = DIRECTION('',(1.,0.,2.22044604925E-16));
#6864 = PCURVE('',#6704,#6865);
#6865 = DEFINITIONAL_REPRESENTATION('',(#6866),#6869);
#6866 = B_SPLINE_CURVE_WITH_KNOTS('',1,(#6867,#6868),.UNSPECIFIED.,.F.,
  .F.,(2,2),(1.,13.),.PIECEWISE_BEZIER_KNOTS.);
#6867 = CARTESIAN_POINT('',(9.324985624687,1.));
#6868 = CARTESIAN_POINT('',(9.324985624687,13.));
#6869 = ( GEOMETRIC_REPRESENTATION_CONTEXT(2) 
PARAMETRIC_REPRESENTATION_CONTEXT() REPRESENTATION_CONTEXT('2D SPACE',''
  ) );
#6870 = PCURVE('',#6871,#6876);
#6871 = PLANE('',#6872);
#6872 = AXIS2_PLACEMENT_3D('',#6873,#6874,#6875);
#6873 = CARTESIAN_POINT('',(4.322E+03,-2.25,970.));
#6874 = DIRECTION('',(0.,0.,1.));
#6875 = DIRECTION('',(1.,0.,-0.));
#6876 = DEFINITIONAL_REPRESENTATION('',(#6877),#6880);
#6877 = B_SPLINE_CURVE_WITH_KNOTS('',1,(#6878,#6879),.UNSPECIFIED.,.F.,
  .F.,(2,2),(0.9999994,13.0000006),.PIECEWISE_BEZIER_KNOTS.);
#6878 = CARTESIAN_POINT('',(0.9999994,4.25249843945));
#6879 = CARTESIAN_POINT('',(13.0000006,4.25249843945));
#6880 = ( GEOMETRIC_REPRESENTATION_CONTEXT(2) 
PARAMETRIC_REPRESENTATION_CONTEXT() REPRESENTATION_CONTEXT('2D SPACE',''
  ) );
#6881 = ORIENTED_EDGE('',*,*,#6882,.F.);
#6882 = EDGE_CURVE('',#6883,#6857,#6885,.T.);
#6883 = VERTEX_POINT('',#6884);
#6884 = CARTESIAN_POINT('',(4.335E+03,9.301574147455,932.18173076925));
#6885 = SURFACE_CURVE('',#6886,(#6891,#6897),.PCURVE_S1.);
#6886 = CIRCLE('',#6887,20.1);
#6887 = AXIS2_PLACEMENT_3D('',#6888,#6889,#6890);
#6888 = CARTESIAN_POINT('',(4.335E+03,0.,950.));
#6889 = DIRECTION('',(1.,-0.,2.22044604925E-16));
#6890 = DIRECTION('',(2.22044604925E-16,0.,-1.));
#6891 = PCURVE('',#6704,#6892);
#6892 = DEFINITIONAL_REPRESENTATION('',(#6893),#6896);
#6893 = B_SPLINE_CURVE_WITH_KNOTS('',1,(#6894,#6895),.UNSPECIFIED.,.F.,
  .F.,(2,2),(0.481111610562,3.041800317508),.PIECEWISE_BEZIER_KNOTS.);
#6894 = CARTESIAN_POINT('',(6.764296917742,13.));
#6895 = CARTESIAN_POINT('',(9.324985624687,13.));
#6896 = ( GEOMETRIC_REPRESENTATION_CONTEXT(2) 
PARAMETRIC_REPRESENTATION_CONTEXT() REPRESENTATION_CONTEXT('2D SPACE',''
  ) );
#6897 = PCURVE('',#6898,#6903);
#6898 = PLANE('',#6899);
#6899 = AXIS2_PLACEMENT_3D('',#6900,#6901,#6902);
#6900 = CARTESIAN_POINT('',(4.335E+03,0.,950.));
#6901 = DIRECTION('',(1.,0.,2.22044604925E-16));
#6902 = DIRECTION('',(2.22044604925E-16,0.,-1.));
#6903 = DEFINITIONAL_REPRESENTATION('',(#6904),#6908);
#6904 = CIRCLE('',#6905,20.1);
#6905 = AXIS2_PLACEMENT_2D('',#6906,#6907);
#6906 = CARTESIAN_POINT('',(0.,0.));
#6907 = DIRECTION('',(1.,0.));
#6908 = ( GEOMETRIC_REPRESENTATION_CONTEXT(2) 
PARAMETRIC_REPRESENTATION_CONTEXT() REPRESENTATION_CONTEXT('2D SPACE',''
  ) );
#6909 = ORIENTED_EDGE('',*,*,#6910,.F.);
#6910 = EDGE_CURVE('',#6911,#6883,#6913,.T.);
#6911 = VERTEX_POINT('',#6912);
#6912 = CARTESIAN_POINT('',(4.33499E+03,9.301574147412,932.18173076923)
  );
#6913 = SURFACE_CURVE('',#6914,(#6918,#6924),.PCURVE_S1.);
#6914 = LINE('',#6915,#6916);
#6915 = CARTESIAN_POINT('',(4.322E+03,9.301574147413,932.18173076923));
#6916 = VECTOR('',#6917,1.);
#6917 = DIRECTION('',(1.,0.,2.22044604925E-16));
#6918 = PCURVE('',#6704,#6919);
#6919 = DEFINITIONAL_REPRESENTATION('',(#6920),#6923);
#6920 = B_SPLINE_CURVE_WITH_KNOTS('',1,(#6921,#6922),.UNSPECIFIED.,.F.,
  .F.,(2,2),(12.99,13.),.PIECEWISE_BEZIER_KNOTS.);
#6921 = CARTESIAN_POINT('',(6.764296917739,12.99));
#6922 = CARTESIAN_POINT('',(6.764296917739,13.));
#6923 = ( GEOMETRIC_REPRESENTATION_CONTEXT(2) 
PARAMETRIC_REPRESENTATION_CONTEXT() REPRESENTATION_CONTEXT('2D SPACE',''
  ) );
#6924 = PCURVE('',#6925,#6930);
#6925 = CYLINDRICAL_SURFACE('',#6926,14.65);
#6926 = AXIS2_PLACEMENT_3D('',#6927,#6928,#6929);
#6927 = CARTESIAN_POINT('',(4.33499E+03,0.,943.5));
#6928 = DIRECTION('',(1.,0.,2.22044604925E-16));
#6929 = DIRECTION('',(2.22044604925E-16,0.,-1.));
#6930 = DEFINITIONAL_REPRESENTATION('',(#6931),#6934);
#6931 = B_SPLINE_CURVE_WITH_KNOTS('',1,(#6932,#6933),.UNSPECIFIED.,.F.,
  .F.,(2,2),(12.9899994,13.0000006),.PIECEWISE_BEZIER_KNOTS.);
#6932 = CARTESIAN_POINT('',(0.687904625812,-6.000000229989E-07));
#6933 = CARTESIAN_POINT('',(0.687904625812,1.000060000024E-02));
#6934 = ( GEOMETRIC_REPRESENTATION_CONTEXT(2) 
PARAMETRIC_REPRESENTATION_CONTEXT() REPRESENTATION_CONTEXT('2D SPACE',''
  ) );
#6935 = ORIENTED_EDGE('',*,*,#6936,.F.);
#6936 = EDGE_CURVE('',#6937,#6911,#6939,.T.);
#6937 = VERTEX_POINT('',#6938);
#6938 = CARTESIAN_POINT('',(4.33499E+03,-9.301574147412,932.18173076923)
  );
#6939 = SURFACE_CURVE('',#6940,(#6945,#6952),.PCURVE_S1.);
#6940 = CIRCLE('',#6941,20.1);
#6941 = AXIS2_PLACEMENT_3D('',#6942,#6943,#6944);
#6942 = CARTESIAN_POINT('',(4.33499E+03,0.,950.));
#6943 = DIRECTION('',(1.,0.,0.));
#6944 = DIRECTION('',(0.,-0.462764882956,-0.886481056257));
#6945 = PCURVE('',#6704,#6946);
#6946 = DEFINITIONAL_REPRESENTATION('',(#6947),#6951);
#6947 = LINE('',#6948,#6949);
#6948 = CARTESIAN_POINT('',(5.80207369662,12.99));
#6949 = VECTOR('',#6950,1.);
#6950 = DIRECTION('',(1.,0.));
#6951 = ( GEOMETRIC_REPRESENTATION_CONTEXT(2) 
PARAMETRIC_REPRESENTATION_CONTEXT() REPRESENTATION_CONTEXT('2D SPACE',''
  ) );
#6952 = PCURVE('',#6953,#6958);
#6953 = PLANE('',#6954);
#6954 = AXIS2_PLACEMENT_3D('',#6955,#6956,#6957);
#6955 = CARTESIAN_POINT('',(4.33499E+03,0.,943.5));
#6956 = DIRECTION('',(1.,0.,2.22044604925E-16));
#6957 = DIRECTION('',(2.22044604925E-16,0.,-1.));
#6958 = DEFINITIONAL_REPRESENTATION('',(#6959),#6963);
#6959 = CIRCLE('',#6960,20.1);
#6960 = AXIS2_PLACEMENT_2D('',#6961,#6962);
#6961 = CARTESIAN_POINT('',(-6.5,0.));
#6962 = DIRECTION('',(0.886481056257,-0.462764882956));
#6963 = ( GEOMETRIC_REPRESENTATION_CONTEXT(2) 
PARAMETRIC_REPRESENTATION_CONTEXT() REPRESENTATION_CONTEXT('2D SPACE',''
  ) );
#6964 = ORIENTED_EDGE('',*,*,#6965,.T.);
#6965 = EDGE_CURVE('',#6937,#6966,#6968,.T.);
#6966 = VERTEX_POINT('',#6967);
#6967 = CARTESIAN_POINT('',(4.335E+03,-9.301574147455,932.18173076925));
#6968 = SURFACE_CURVE('',#6969,(#6973,#6979),.PCURVE_S1.);
#6969 = LINE('',#6970,#6971);
#6970 = CARTESIAN_POINT('',(4.322E+03,-9.301574147413,932.18173076923));
#6971 = VECTOR('',#6972,1.);
#6972 = DIRECTION('',(1.,0.,2.22044604925E-16));
#6973 = PCURVE('',#6704,#6974);
#6974 = DEFINITIONAL_REPRESENTATION('',(#6975),#6978);
#6975 = B_SPLINE_CURVE_WITH_KNOTS('',1,(#6976,#6977),.UNSPECIFIED.,.F.,
  .F.,(2,2),(12.99,13.),.PIECEWISE_BEZIER_KNOTS.);
#6976 = CARTESIAN_POINT('',(5.80207369662,12.99));
#6977 = CARTESIAN_POINT('',(5.80207369662,13.));
#6978 = ( GEOMETRIC_REPRESENTATION_CONTEXT(2) 
PARAMETRIC_REPRESENTATION_CONTEXT() REPRESENTATION_CONTEXT('2D SPACE',''
  ) );
#6979 = PCURVE('',#6925,#6980);
#6980 = DEFINITIONAL_REPRESENTATION('',(#6981),#6984);
#6981 = B_SPLINE_CURVE_WITH_KNOTS('',1,(#6982,#6983),.UNSPECIFIED.,.F.,
  .F.,(2,2),(12.9899994,13.0000006),.PIECEWISE_BEZIER_KNOTS.);
#6982 = CARTESIAN_POINT('',(5.595280681368,-6.000000229989E-07));
#6983 = CARTESIAN_POINT('',(5.595280681368,1.000060000024E-02));
#6984 = ( GEOMETRIC_REPRESENTATION_CONTEXT(2) 
PARAMETRIC_REPRESENTATION_CONTEXT() REPRESENTATION_CONTEXT('2D SPACE',''
  ) );
#6985 = ORIENTED_EDGE('',*,*,#6986,.F.);
#6986 = EDGE_CURVE('',#6987,#6966,#6989,.T.);
#6987 = VERTEX_POINT('',#6988);
#6988 = CARTESIAN_POINT('',(4.335E+03,-2.00249843945,970.));
#6989 = SURFACE_CURVE('',#6990,(#6995,#7001),.PCURVE_S1.);
#6990 = CIRCLE('',#6991,20.1);
#6991 = AXIS2_PLACEMENT_3D('',#6992,#6993,#6994);
#6992 = CARTESIAN_POINT('',(4.335E+03,0.,950.));
#6993 = DIRECTION('',(1.,-0.,2.22044604925E-16));
#6994 = DIRECTION('',(2.22044604925E-16,0.,-1.));
#6995 = PCURVE('',#6704,#6996);
#6996 = DEFINITIONAL_REPRESENTATION('',(#6997),#7000);
#6997 = B_SPLINE_CURVE_WITH_KNOTS('',1,(#6998,#6999),.UNSPECIFIED.,.F.,
  .F.,(2,2),(3.241384989672,5.802073696617),.PIECEWISE_BEZIER_KNOTS.);
#6998 = CARTESIAN_POINT('',(3.241384989672,13.));
#6999 = CARTESIAN_POINT('',(5.802073696617,13.));
#7000 = ( GEOMETRIC_REPRESENTATION_CONTEXT(2) 
PARAMETRIC_REPRESENTATION_CONTEXT() REPRESENTATION_CONTEXT('2D SPACE',''
  ) );
#7001 = PCURVE('',#6898,#7002);
#7002 = DEFINITIONAL_REPRESENTATION('',(#7003),#7007);
#7003 = CIRCLE('',#7004,20.1);
#7004 = AXIS2_PLACEMENT_2D('',#7005,#7006);
#7005 = CARTESIAN_POINT('',(0.,0.));
#7006 = DIRECTION('',(1.,0.));
#7007 = ( GEOMETRIC_REPRESENTATION_CONTEXT(2) 
PARAMETRIC_REPRESENTATION_CONTEXT() REPRESENTATION_CONTEXT('2D SPACE',''
  ) );
#7008 = ORIENTED_EDGE('',*,*,#7009,.F.);
#7009 = EDGE_CURVE('',#6831,#6987,#7010,.T.);
#7010 = SURFACE_CURVE('',#7011,(#7015,#7021),.PCURVE_S1.);
#7011 = LINE('',#7012,#7013);
#7012 = CARTESIAN_POINT('',(4.322E+03,-2.00249843945,970.));
#7013 = VECTOR('',#7014,1.);
#7014 = DIRECTION('',(1.,0.,2.22044604925E-16));
#7015 = PCURVE('',#6704,#7016);
#7016 = DEFINITIONAL_REPRESENTATION('',(#7017),#7020);
#7017 = B_SPLINE_CURVE_WITH_KNOTS('',1,(#7018,#7019),.UNSPECIFIED.,.F.,
  .F.,(2,2),(1.,13.),.PIECEWISE_BEZIER_KNOTS.);
#7018 = CARTESIAN_POINT('',(3.241384989672,1.));
#7019 = CARTESIAN_POINT('',(3.241384989672,13.));
#7020 = ( GEOMETRIC_REPRESENTATION_CONTEXT(2) 
PARAMETRIC_REPRESENTATION_CONTEXT() REPRESENTATION_CONTEXT('2D SPACE',''
  ) );
#7021 = PCURVE('',#6871,#7022);
#7022 = DEFINITIONAL_REPRESENTATION('',(#7023),#7026);
#7023 = B_SPLINE_CURVE_WITH_KNOTS('',1,(#7024,#7025),.UNSPECIFIED.,.F.,
  .F.,(2,2),(0.9999994,13.0000006),.PIECEWISE_BEZIER_KNOTS.);
#7024 = CARTESIAN_POINT('',(0.9999994,0.24750156055));
#7025 = CARTESIAN_POINT('',(13.0000006,0.24750156055));
#7026 = ( GEOMETRIC_REPRESENTATION_CONTEXT(2) 
PARAMETRIC_REPRESENTATION_CONTEXT() REPRESENTATION_CONTEXT('2D SPACE',''
  ) );
#7027 = FACE_BOUND('',#7028,.F.);
#7028 = EDGE_LOOP('',(#7029));
#7029 = ORIENTED_EDGE('',*,*,#7030,.F.);
#7030 = EDGE_CURVE('',#7031,#7031,#7033,.T.);
#7031 = VERTEX_POINT('',#7032);
#7032 = CARTESIAN_POINT('',(4.329E+03,-18.42270577273,958.03827792573));
#7033 = SURFACE_CURVE('',#7034,(#7086,#7141),.PCURVE_S1.);
#7034 = B_SPLINE_CURVE_WITH_KNOTS('',8,(#7035,#7036,#7037,#7038,#7039,
    #7040,#7041,#7042,#7043,#7044,#7045,#7046,#7047,#7048,#7049,#7050,
    #7051,#7052,#7053,#7054,#7055,#7056,#7057,#7058,#7059,#7060,#7061,
    #7062,#7063,#7064,#7065,#7066,#7067,#7068,#7069,#7070,#7071,#7072,
    #7073,#7074,#7075,#7076,#7077,#7078,#7079,#7080,#7081,#7082,#7083,
    #7084,#7085),.UNSPECIFIED.,.T.,.F.,(9,7,7,7,7,7,7,9),(0.,
    0.15454491261,0.286446418118,0.411639610541,0.568885286579,
    0.707315376996,0.827984094571,1.),.UNSPECIFIED.);
#7035 = CARTESIAN_POINT('',(4.329E+03,-18.42270577273,958.03827792573));
#7036 = CARTESIAN_POINT('',(4.329234766609E+03,-18.42270577273,
    958.03827792573));
#7037 = CARTESIAN_POINT('',(4.329469193809E+03,-18.41143904023,
    958.06409935031));
#7038 = CARTESIAN_POINT('',(4.329701501046E+03,-18.38896430965,
    958.11561042048));
#7039 = CARTESIAN_POINT('',(4.329929710353E+03,-18.35483460392,
    958.1932757608));
#7040 = CARTESIAN_POINT('',(4.330151222342E+03,-18.3082196348,
    958.29791407284));
#7041 = CARTESIAN_POINT('',(4.330362550024E+03,-18.24791114882,
    958.43049783123));
#7042 = CARTESIAN_POINT('',(4.330558945529E+03,-18.17235372631,
    958.591879208));
#7043 = CARTESIAN_POINT('',(4.330882766242E+03,-18.00088764036,
    958.94486995947));
#7044 = CARTESIAN_POINT('',(4.331021653679E+03,-17.90663251233,
    959.13466024998));
#7045 = CARTESIAN_POINT('',(4.331138258331E+03,-17.79746596154,
    959.34833002732));
#7046 = CARTESIAN_POINT('',(4.331223555355E+03,-17.67488362235,
    959.58003843991));
#7047 = CARTESIAN_POINT('',(4.33127154861E+03,-17.54157395173,
    959.82212749117));
#7048 = CARTESIAN_POINT('',(4.331279359274E+03,-17.40148274231,
    960.06639148459));
#7049 = CARTESIAN_POINT('',(4.331247351885E+03,-17.25947807402,
    960.30488693323));
#7050 = CARTESIAN_POINT('',(4.331114732741E+03,-16.9887619107,
    960.74501187243));
#7051 = CARTESIAN_POINT('',(4.331019651909E+03,-16.86373823062,
    960.94140174489));
#7052 = CARTESIAN_POINT('',(4.330899783414E+03,-16.74755126387,
    961.11835534789));
#7053 = CARTESIAN_POINT('',(4.33076007291E+03,-16.64173864044,
    961.275333735));
#7054 = CARTESIAN_POINT('',(4.330604901307E+03,-16.54736710294,
    961.41236663242));
#7055 = CARTESIAN_POINT('',(4.330438198217E+03,-16.46507131447,
    961.52984721119));
#7056 = CARTESIAN_POINT('',(4.330263494844E+03,-16.39509376491,
    961.62844522547));
#7057 = CARTESIAN_POINT('',(4.329858427785E+03,-16.26474060371,
    961.81032316949));
#7058 = CARTESIAN_POINT('',(4.329622883498E+03,-16.21064434508,
    961.88428731239));
#7059 = CARTESIAN_POINT('',(4.329381257471E+03,-16.17485020207,
    961.93260213114));
#7060 = CARTESIAN_POINT('',(4.329136391881E+03,-16.15714365417,
    961.95635259508));
#7061 = CARTESIAN_POINT('',(4.328890647181E+03,-16.15738856974,
    961.95605564815));
#7062 = CARTESIAN_POINT('',(4.32864623678E+03,-16.17558797835,
    961.93165253141));
#7063 = CARTESIAN_POINT('',(4.328405547783E+03,-16.21189404006,
    961.88247265421));
#7064 = CARTESIAN_POINT('',(4.327965870949E+03,-16.3147107227,
    961.74082319262));
#7065 = CARTESIAN_POINT('',(4.327764281134E+03,-16.37733475556,
    961.6538961438));
#7066 = CARTESIAN_POINT('',(4.327569883746E+03,-16.45472150832,
    961.54528433195));
#7067 = CARTESIAN_POINT('',(4.327386227507E+03,-16.54691738032,
    961.41386846471));
#7068 = CARTESIAN_POINT('',(4.327217631297E+03,-16.65360154523,
    961.25865542264));
#7069 = CARTESIAN_POINT('',(4.327069292149E+03,-16.77395627813,
    961.07889168914));
#7070 = CARTESIAN_POINT('',(4.326947501256E+03,-16.90652644491,
    960.8743629629));
#7071 = CARTESIAN_POINT('',(4.326783955572E+03,-17.17328505445,
    960.44716700438));
#7072 = CARTESIAN_POINT('',(4.326735089027E+03,-17.30320466154,
    960.2332033141));
#7073 = CARTESIAN_POINT('',(4.326718824402E+03,-17.43450421389,
    960.00973654102));
#7074 = CARTESIAN_POINT('',(4.326737367021E+03,-17.56268806693,
    959.78342287501));
#7075 = CARTESIAN_POINT('',(4.326789928969E+03,-17.68374771408,
    959.5615025365));
#7076 = CARTESIAN_POINT('',(4.326872808973E+03,-17.79462823927,
    959.35114280935));
#7077 = CARTESIAN_POINT('',(4.326979418322E+03,-17.8932744064,
    959.15844536467));
#7078 = CARTESIAN_POINT('',(4.327272527721E+03,-18.10017285426,
    958.74458073369));
#7079 = CARTESIAN_POINT('',(4.327479528612E+03,-18.19875125669,
    958.53798816858));
#7080 = CARTESIAN_POINT('',(4.32770965372E+03,-18.2766845835,
    958.36850413793));
#7081 = CARTESIAN_POINT('',(4.327955143791E+03,-18.33644061191,
    958.23510200487));
#7082 = CARTESIAN_POINT('',(4.328210446419E+03,-18.37990554245,
    958.13636885735));
#7083 = CARTESIAN_POINT('',(4.328471580205E+03,-18.4084184565,
    958.07102297983));
#7084 = CARTESIAN_POINT('',(4.328735626294E+03,-18.42270577273,
    958.03827792573));
#7085 = CARTESIAN_POINT('',(4.329E+03,-18.42270577273,958.03827792573));
#7086 = PCURVE('',#6704,#7087);
#7087 = DEFINITIONAL_REPRESENTATION('',(#7088),#7140);
#7088 = B_SPLINE_CURVE_WITH_KNOTS('',8,(#7089,#7090,#7091,#7092,#7093,
    #7094,#7095,#7096,#7097,#7098,#7099,#7100,#7101,#7102,#7103,#7104,
    #7105,#7106,#7107,#7108,#7109,#7110,#7111,#7112,#7113,#7114,#7115,
    #7116,#7117,#7118,#7119,#7120,#7121,#7122,#7123,#7124,#7125,#7126,
    #7127,#7128,#7129,#7130,#7131,#7132,#7133,#7134,#7135,#7136,#7137,
    #7138,#7139),.UNSPECIFIED.,.T.,.F.,(9,7,7,7,7,7,7,9),(0.,
    0.15454491261,0.286446418118,0.411639610541,0.568885286579,
    0.707315376996,0.827984094571,1.),.UNSPECIFIED.);
#7089 = CARTESIAN_POINT('',(4.300965611867,7.));
#7090 = CARTESIAN_POINT('',(4.300965611867,7.234766608945));
#7091 = CARTESIAN_POINT('',(4.299563998771,7.46919380926));
#7092 = CARTESIAN_POINT('',(4.29676795069,7.701501045922));
#7093 = CARTESIAN_POINT('',(4.292547389835,7.929710352902));
#7094 = CARTESIAN_POINT('',(4.286848449581,8.151222342209));
#7095 = CARTESIAN_POINT('',(4.279602432684,8.362550024282));
#7096 = CARTESIAN_POINT('',(4.270737999207,8.558945528961));
#7097 = CARTESIAN_POINT('',(4.251214005503,8.882766242178));
#7098 = CARTESIAN_POINT('',(4.240671798092,9.02165367894));
#7099 = CARTESIAN_POINT('',(4.228735696556,9.138258331086));
#7100 = CARTESIAN_POINT('',(4.215696937848,9.223555354689));
#7101 = CARTESIAN_POINT('',(4.201951434172,9.271548610256));
#7102 = CARTESIAN_POINT('',(4.18794529612,9.279359273716));
#7103 = CARTESIAN_POINT('',(4.174137250276,9.247351884534));
#7104 = CARTESIAN_POINT('',(4.148429900973,9.114732741478));
#7105 = CARTESIAN_POINT('',(4.136848764808,9.019651908535));
#7106 = CARTESIAN_POINT('',(4.126318601433,8.899783414021));
#7107 = CARTESIAN_POINT('',(4.116901268234,8.76007290967));
#7108 = CARTESIAN_POINT('',(4.108623953844,8.604901307317));
#7109 = CARTESIAN_POINT('',(4.101488009164,8.438198217401));
#7110 = CARTESIAN_POINT('',(4.095472812866,8.263494844456));
#7111 = CARTESIAN_POINT('',(4.084340141543,7.858427784779));
#7112 = CARTESIAN_POINT('',(4.079781361074,7.622883498317));
#7113 = CARTESIAN_POINT('',(4.076789868505,7.381257470712));
#7114 = CARTESIAN_POINT('',(4.075315976288,7.136391881363));
#7115 = CARTESIAN_POINT('',(4.075335126707,6.890647180523));
#7116 = CARTESIAN_POINT('',(4.076849681041,6.646236780065));
#7117 = CARTESIAN_POINT('',(4.079890843042,6.405547783237));
#7118 = CARTESIAN_POINT('',(4.088598851463,5.965870949008));
#7119 = CARTESIAN_POINT('',(4.093928963004,5.764281134133));
#7120 = CARTESIAN_POINT('',(4.100563677114,5.569883746162));
#7121 = CARTESIAN_POINT('',(4.108549873582,5.386227507226));
#7122 = CARTESIAN_POINT('',(4.117919065394,5.217631296563));
#7123 = CARTESIAN_POINT('',(4.12868018302,5.069292149015));
#7124 = CARTESIAN_POINT('',(4.140804576669,4.947501255511));
#7125 = CARTESIAN_POINT('',(4.16586145574,4.783955572155));
#7126 = CARTESIAN_POINT('',(4.178314158382,4.735089027259));
#7127 = CARTESIAN_POINT('',(4.191206691504,4.718824401908));
#7128 = CARTESIAN_POINT('',(4.2041433973,4.737367021038));
#7129 = CARTESIAN_POINT('',(4.216717420479,4.7899289687));
#7130 = CARTESIAN_POINT('',(4.228546518897,4.872808973255));
#7131 = CARTESIAN_POINT('',(4.239316148533,4.979418322412));
#7132 = CARTESIAN_POINT('',(4.262336028091,5.272527721335));
#7133 = CARTESIAN_POINT('',(4.273722488277,5.479528611655));
#7134 = CARTESIAN_POINT('',(4.283002112316,5.709653719728));
#7135 = CARTESIAN_POINT('',(4.290274174694,5.955143790647));
#7136 = CARTESIAN_POINT('',(4.295641130472,6.21044641915));
#7137 = CARTESIAN_POINT('',(4.299188187458,6.47158020495));
#7138 = CARTESIAN_POINT('',(4.300965611867,6.735626293979));
#7139 = CARTESIAN_POINT('',(4.300965611867,7.));
#7140 = ( GEOMETRIC_REPRESENTATION_CONTEXT(2) 
PARAMETRIC_REPRESENTATION_CONTEXT() REPRESENTATION_CONTEXT('2D SPACE',''
  ) );
#7141 = PCURVE('',#6151,#7142);
#7142 = DEFINITIONAL_REPRESENTATION('',(#7143),#7195);
#7143 = B_SPLINE_CURVE_WITH_KNOTS('',8,(#7144,#7145,#7146,#7147,#7148,
    #7149,#7150,#7151,#7152,#7153,#7154,#7155,#7156,#7157,#7158,#7159,
    #7160,#7161,#7162,#7163,#7164,#7165,#7166,#7167,#7168,#7169,#7170,
    #7171,#7172,#7173,#7174,#7175,#7176,#7177,#7178,#7179,#7180,#7181,
    #7182,#7183,#7184,#7185,#7186,#7187,#7188,#7189,#7190,#7191,#7192,
    #7193,#7194),.UNSPECIFIED.,.F.,.F.,(9,7,7,7,7,7,7,9),(0.,
    0.15454491261,0.286446418118,0.411639610541,0.568885286579,
    0.707315376996,0.827984094571,1.),.UNSPECIFIED.);
#7144 = CARTESIAN_POINT('',(0.,0.873670168499));
#7145 = CARTESIAN_POINT('',(0.104340715087,0.873670168499));
#7146 = CARTESIAN_POINT('',(0.208530174616,0.87682360423));
#7147 = CARTESIAN_POINT('',(0.313510291174,0.88311545169));
#7148 = CARTESIAN_POINT('',(0.420106748864,0.892390929666));
#7149 = CARTESIAN_POINT('',(0.529124966418,0.904340338228));
#7150 = CARTESIAN_POINT('',(0.641391960703,0.918403536498));
#7151 = CARTESIAN_POINT('',(0.757829750822,0.933659577545));
#7152 = CARTESIAN_POINT('',(0.983614031458,0.961660966961));
#7153 = CARTESIAN_POINT('',(1.095386077976,0.974928776907));
#7154 = CARTESIAN_POINT('',(1.212191446495,0.987222659343));
#7155 = CARTESIAN_POINT('',(1.332285824328,0.99691744585));
#7156 = CARTESIAN_POINT('',(1.454419016594,1.002512410152));
#7157 = CARTESIAN_POINT('',(1.57751075654,1.003321860663));
#7158 = CARTESIAN_POINT('',(1.700526922224,0.99958993478));
#7159 = CARTESIAN_POINT('',(1.937536323893,0.985205329735));
#7160 = CARTESIAN_POINT('',(2.048171776365,0.975126582938));
#7161 = CARTESIAN_POINT('',(2.154739143587,0.962982519639));
#7162 = CARTESIAN_POINT('',(2.257697024093,0.94983529327));
#7163 = CARTESIAN_POINT('',(2.35738628196,0.936623593108));
#7164 = CARTESIAN_POINT('',(2.454058775914,0.924093639059));
#7165 = CARTESIAN_POINT('',(2.547874287086,0.912790310585));
#7166 = CARTESIAN_POINT('',(2.753315839,0.890840133531));
#7167 = CARTESIAN_POINT('',(2.864559663872,0.880973470753));
#7168 = CARTESIAN_POINT('',(2.973735696396,0.874132242975));
#7169 = CARTESIAN_POINT('',(3.081721287496,0.870673154657));
#7170 = CARTESIAN_POINT('',(3.189339253069,0.870736784295));
#7171 = CARTESIAN_POINT('',(3.297411809534,0.874296376112));
#7172 = CARTESIAN_POINT('',(3.406811137378,0.881148409264));
#7173 = CARTESIAN_POINT('',(3.616982000257,0.899365537568));
#7174 = CARTESIAN_POINT('',(3.717724864321,0.910136016498));
#7175 = CARTESIAN_POINT('',(3.821230879138,0.922849004383));
#7176 = CARTESIAN_POINT('',(3.927928273382,0.936985038045));
#7177 = CARTESIAN_POINT('',(4.038307163341,0.951769713998));
#7178 = CARTESIAN_POINT('',(4.152941339517,0.9661181034));
#7179 = CARTESIAN_POINT('',(4.272557493805,0.978662872498));
#7180 = CARTESIAN_POINT('',(4.507777471036,0.996084625781));
#7181 = CARTESIAN_POINT('',(4.620270968263,1.001616460834));
#7182 = CARTESIAN_POINT('',(4.734059122507,1.003591822126));
#7183 = CARTESIAN_POINT('',(4.847914170157,1.001445462215));
#7184 = CARTESIAN_POINT('',(4.960682028904,0.995326022763));
#7185 = CARTESIAN_POINT('',(5.071120363676,0.986171510787));
#7186 = CARTESIAN_POINT('',(5.177641074483,0.975252875168));
#7187 = CARTESIAN_POINT('',(5.4207622569,0.947499871529));
#7188 = CARTESIAN_POINT('',(5.555693979017,0.929574989741));
#7189 = CARTESIAN_POINT('',(5.684641122509,0.912325215237));
#7190 = CARTESIAN_POINT('',(5.80893741837,0.897374387336));
#7191 = CARTESIAN_POINT('',(5.929802909022,0.885649547596));
#7192 = CARTESIAN_POINT('',(6.048331575827,0.877669516744));
#7193 = CARTESIAN_POINT('',(6.165685882281,0.873670168499));
#7194 = CARTESIAN_POINT('',(6.28318530718,0.873670168499));
#7195 = ( GEOMETRIC_REPRESENTATION_CONTEXT(2) 
PARAMETRIC_REPRESENTATION_CONTEXT() REPRESENTATION_CONTEXT('2D SPACE',''
  ) );
#7196 = FACE_BOUND('',#7197,.F.);
#7197 = EDGE_LOOP('',(#7198));
#7198 = ORIENTED_EDGE('',*,*,#6503,.T.);
#7199 = FACE_BOUND('',#7200,.F.);
#7200 = EDGE_LOOP('',(#7201));
#7201 = ORIENTED_EDGE('',*,*,#7202,.F.);
#7202 = EDGE_CURVE('',#7203,#7203,#7205,.T.);
#7203 = VERTEX_POINT('',#7204);
#7204 = CARTESIAN_POINT('',(4.329E+03,16.172705772731,961.93539224276));
#7205 = SURFACE_CURVE('',#7206,(#7258,#7313),.PCURVE_S1.);
#7206 = B_SPLINE_CURVE_WITH_KNOTS('',8,(#7207,#7208,#7209,#7210,#7211,
    #7212,#7213,#7214,#7215,#7216,#7217,#7218,#7219,#7220,#7221,#7222,
    #7223,#7224,#7225,#7226,#7227,#7228,#7229,#7230,#7231,#7232,#7233,
    #7234,#7235,#7236,#7237,#7238,#7239,#7240,#7241,#7242,#7243,#7244,
    #7245,#7246,#7247,#7248,#7249,#7250,#7251,#7252,#7253,#7254,#7255,
    #7256,#7257),.UNSPECIFIED.,.T.,.F.,(9,7,7,7,7,7,7,9),(0.,
    0.154544915292,0.286446420381,0.411639612407,0.568885287946,
    0.707315377924,0.827984095117,1.),.UNSPECIFIED.);
#7207 = CARTESIAN_POINT('',(4.329E+03,16.172705772732,961.93539224276));
#7208 = CARTESIAN_POINT('',(4.329234766614E+03,16.172705772732,
    961.93539224276));
#7209 = CARTESIAN_POINT('',(4.329469193796E+03,16.189434414245,
    961.91272425665));
#7210 = CARTESIAN_POINT('',(4.32970150106E+03,16.222806950363,
    961.86750502512));
#7211 = CARTESIAN_POINT('',(4.329929710354E+03,16.273002249329,
    961.79911517137));
#7212 = CARTESIAN_POINT('',(4.330151222328E+03,16.340314198819,
    961.70642627132));
#7213 = CARTESIAN_POINT('',(4.330362550036E+03,16.424980868441,
    961.587905697));
#7214 = CARTESIAN_POINT('',(4.330558945525E+03,16.526962521101,
    961.44178037313));
#7215 = CARTESIAN_POINT('',(4.330882766242E+03,16.746928438633,
    961.11679100749));
#7216 = CARTESIAN_POINT('',(4.331021653679E+03,16.864164087596,
    960.94026852691));
#7217 = CARTESIAN_POINT('',(4.331138258331E+03,16.99462426739,
    960.73889263202));
#7218 = CARTESIAN_POINT('',(4.331223555355E+03,17.133998469377,
    960.51687900593));
#7219 = CARTESIAN_POINT('',(4.33127154861E+03,17.276998902435,
    960.28038491897));
#7220 = CARTESIAN_POINT('',(4.331279359274E+03,17.41849212126,
    960.03693037606));
#7221 = CARTESIAN_POINT('',(4.331247351885E+03,17.554032904317,
    959.79470300154));
#7222 = CARTESIAN_POINT('',(4.331114732741E+03,17.799834200847,
    959.3401934573));
#7223 = CARTESIAN_POINT('',(4.331019651909E+03,17.907400979404,
    959.13372483804));
#7224 = CARTESIAN_POINT('',(4.330899783414E+03,18.002553811511,
    958.94462717174));
#7225 = CARTESIAN_POINT('',(4.33076007291E+03,18.085594770882,
    958.77450155826));
#7226 = CARTESIAN_POINT('',(4.330604901307E+03,18.157082972451,
    958.62425696068));
#7227 = CARTESIAN_POINT('',(4.330438198217E+03,18.217676243887,
    958.49424642786));
#7228 = CARTESIAN_POINT('',(4.330263494844E+03,18.268075854239,
    958.3843450851));
#7229 = CARTESIAN_POINT('',(4.329858427785E+03,18.360410193546,
    958.18051696403));
#7230 = CARTESIAN_POINT('',(4.329622883498E+03,18.39741689095,
    958.09668615835));
#7231 = CARTESIAN_POINT('',(4.329381257471E+03,18.42136167986,
    958.04153011183));
#7232 = CARTESIAN_POINT('',(4.329136391881E+03,18.433076911039,
    958.01432055956));
#7233 = CARTESIAN_POINT('',(4.328890647181E+03,18.432942205235,
    958.01468113614));
#7234 = CARTESIAN_POINT('',(4.32864623678E+03,18.42090819051,
    958.0426438447));
#7235 = CARTESIAN_POINT('',(4.328405547783E+03,18.396470198356,
    958.09867575505));
#7236 = CARTESIAN_POINT('',(4.327965870949E+03,18.325206507506,
    958.25854234494));
#7237 = CARTESIAN_POINT('',(4.327764281134E+03,18.281237491377,
    958.35623987269));
#7238 = CARTESIAN_POINT('',(4.327569883746E+03,18.225870279546,
    958.47756467243));
#7239 = CARTESIAN_POINT('',(4.327386227507E+03,18.158158736063,
    958.62311657332));
#7240 = CARTESIAN_POINT('',(4.327217631297E+03,18.07708238108,
    958.79311429135));
#7241 = CARTESIAN_POINT('',(4.327069292149E+03,17.981579787636,
    958.98722641426));
#7242 = CARTESIAN_POINT('',(4.326947501256E+03,17.870737798301,
    959.20429990959));
#7243 = CARTESIAN_POINT('',(4.326783955572E+03,17.634154550601,
    959.64891762139));
#7244 = CARTESIAN_POINT('',(4.326735089027E+03,17.513816362883,
    959.86841314672));
#7245 = CARTESIAN_POINT('',(4.326718824402E+03,17.385938236658,
    960.0938552811));
#7246 = CARTESIAN_POINT('',(4.326737367021E+03,17.254036779198,
    960.31802258719));
#7247 = CARTESIAN_POINT('',(4.326789928969E+03,17.122377951998,
    960.53382348626));
#7248 = CARTESIAN_POINT('',(4.326872808973E+03,16.995641346952,
    960.73502870143));
#7249 = CARTESIAN_POINT('',(4.326979418322E+03,16.87808354818,
    960.91680751049));
#7250 = CARTESIAN_POINT('',(4.327272527721E+03,16.623115487953,
    961.30291913783));
#7251 = CARTESIAN_POINT('',(4.327479528612E+03,16.493490279549,
    961.49158682115));
#7252 = CARTESIAN_POINT('',(4.32770965372E+03,16.385679466878,
    961.6438210773));
#7253 = CARTESIAN_POINT('',(4.327955143791E+03,16.30002784493,
    961.76227238246));
#7254 = CARTESIAN_POINT('',(4.328210446419E+03,16.236254896252,
    961.84928069024));
#7255 = CARTESIAN_POINT('',(4.328471580205E+03,16.193920163314,
    961.90664653691));
#7256 = CARTESIAN_POINT('',(4.328735626294E+03,16.172705772732,
    961.93539224276));
#7257 = CARTESIAN_POINT('',(4.329E+03,16.172705772732,961.93539224276));
#7258 = PCURVE('',#6704,#7259);
#7259 = DEFINITIONAL_REPRESENTATION('',(#7260),#7312);
#7260 = B_SPLINE_CURVE_WITH_KNOTS('',8,(#7261,#7262,#7263,#7264,#7265,
    #7266,#7267,#7268,#7269,#7270,#7271,#7272,#7273,#7274,#7275,#7276,
    #7277,#7278,#7279,#7280,#7281,#7282,#7283,#7284,#7285,#7286,#7287,
    #7288,#7289,#7290,#7291,#7292,#7293,#7294,#7295,#7296,#7297,#7298,
    #7299,#7300,#7301,#7302,#7303,#7304,#7305,#7306,#7307,#7308,#7309,
    #7310,#7311),.UNSPECIFIED.,.T.,.F.,(9,7,7,7,7,7,7,9),(0.,
    0.154544915292,0.286446420381,0.411639612407,0.568885287946,
    0.707315377924,0.827984095117,1.),.UNSPECIFIED.);
#7261 = CARTESIAN_POINT('',(8.489755816653,7.));
#7262 = CARTESIAN_POINT('',(8.489755816653,7.234766613666));
#7263 = CARTESIAN_POINT('',(8.488354203722,7.469193795576));
#7264 = CARTESIAN_POINT('',(8.485558155109,7.701501060054));
#7265 = CARTESIAN_POINT('',(8.481337594772,7.929710353658));
#7266 = CARTESIAN_POINT('',(8.475638654726,8.151222328021));
#7267 = CARTESIAN_POINT('',(8.468392636973,8.362550036291));
#7268 = CARTESIAN_POINT('',(8.45952820421,8.558945525376));
#7269 = CARTESIAN_POINT('',(8.44000421029,8.882766242178));
#7270 = CARTESIAN_POINT('',(8.429462002879,9.021653678942));
#7271 = CARTESIAN_POINT('',(8.417525901342,9.138258331082));
#7272 = CARTESIAN_POINT('',(8.404487142634,9.223555354694));
#7273 = CARTESIAN_POINT('',(8.390741638958,9.271548610253));
#7274 = CARTESIAN_POINT('',(8.376735500906,9.279359273717));
#7275 = CARTESIAN_POINT('',(8.362927455062,9.247351884533));
#7276 = CARTESIAN_POINT('',(8.337220105759,9.114732741478));
#7277 = CARTESIAN_POINT('',(8.325638969594,9.019651908535));
#7278 = CARTESIAN_POINT('',(8.315108806219,8.899783414021));
#7279 = CARTESIAN_POINT('',(8.30569147302,8.76007290967));
#7280 = CARTESIAN_POINT('',(8.29741415863,8.604901307317));
#7281 = CARTESIAN_POINT('',(8.29027821395,8.438198217401));
#7282 = CARTESIAN_POINT('',(8.284263017652,8.263494844456));
#7283 = CARTESIAN_POINT('',(8.27313034633,7.858427784779));
#7284 = CARTESIAN_POINT('',(8.26857156586,7.622883498317));
#7285 = CARTESIAN_POINT('',(8.265580073291,7.381257470712));
#7286 = CARTESIAN_POINT('',(8.264106181075,7.136391881363));
#7287 = CARTESIAN_POINT('',(8.264125331493,6.890647180523));
#7288 = CARTESIAN_POINT('',(8.265639885827,6.646236780066));
#7289 = CARTESIAN_POINT('',(8.268681047828,6.405547783236));
#7290 = CARTESIAN_POINT('',(8.277389056249,5.965870949009));
#7291 = CARTESIAN_POINT('',(8.28271916779,5.764281134132));
#7292 = CARTESIAN_POINT('',(8.289353881901,5.569883746162));
#7293 = CARTESIAN_POINT('',(8.297340078369,5.386227507226));
#7294 = CARTESIAN_POINT('',(8.30670927018,5.217631296563));
#7295 = CARTESIAN_POINT('',(8.317470387806,5.069292149015));
#7296 = CARTESIAN_POINT('',(8.329594781455,4.947501255512));
#7297 = CARTESIAN_POINT('',(8.354651660526,4.783955572155));
#7298 = CARTESIAN_POINT('',(8.367104363169,4.735089027259));
#7299 = CARTESIAN_POINT('',(8.37999689629,4.718824401908));
#7300 = CARTESIAN_POINT('',(8.392933602087,4.737367021037));
#7301 = CARTESIAN_POINT('',(8.405507625266,4.789928968702));
#7302 = CARTESIAN_POINT('',(8.417336723683,4.872808973254));
#7303 = CARTESIAN_POINT('',(8.428106353319,4.979418322412));
#7304 = CARTESIAN_POINT('',(8.451126232877,5.272527721334));
#7305 = CARTESIAN_POINT('',(8.462512693064,5.479528611656));
#7306 = CARTESIAN_POINT('',(8.471792317103,5.709653719727));
#7307 = CARTESIAN_POINT('',(8.479064379481,5.955143790648));
#7308 = CARTESIAN_POINT('',(8.484431335258,6.21044641915));
#7309 = CARTESIAN_POINT('',(8.487978392245,6.471580204951));
#7310 = CARTESIAN_POINT('',(8.489755816653,6.735626293978));
#7311 = CARTESIAN_POINT('',(8.489755816653,7.));
#7312 = ( GEOMETRIC_REPRESENTATION_CONTEXT(2) 
PARAMETRIC_REPRESENTATION_CONTEXT() REPRESENTATION_CONTEXT('2D SPACE',''
  ) );
#7313 = PCURVE('',#5977,#7314);
#7314 = DEFINITIONAL_REPRESENTATION('',(#7315),#7367);
#7315 = B_SPLINE_CURVE_WITH_KNOTS('',8,(#7316,#7317,#7318,#7319,#7320,
    #7321,#7322,#7323,#7324,#7325,#7326,#7327,#7328,#7329,#7330,#7331,
    #7332,#7333,#7334,#7335,#7336,#7337,#7338,#7339,#7340,#7341,#7342,
    #7343,#7344,#7345,#7346,#7347,#7348,#7349,#7350,#7351,#7352,#7353,
    #7354,#7355,#7356,#7357,#7358,#7359,#7360,#7361,#7362,#7363,#7364,
    #7365,#7366),.UNSPECIFIED.,.F.,.F.,(9,7,7,7,7,7,7,9),(0.,
    0.154544915292,0.286446420381,0.411639612407,0.568885287946,
    0.707315377924,0.827984095117,1.),.UNSPECIFIED.);
#7316 = CARTESIAN_POINT('',(0.,0.873670168499));
#7317 = CARTESIAN_POINT('',(0.104340717185,0.873670168499));
#7318 = CARTESIAN_POINT('',(0.208530167949,0.876823603964));
#7319 = CARTESIAN_POINT('',(0.313510298805,0.883115452267));
#7320 = CARTESIAN_POINT('',(0.420106748571,0.892390929446));
#7321 = CARTESIAN_POINT('',(0.529124958797,0.904340337661));
#7322 = CARTESIAN_POINT('',(0.641391968008,0.918403537244));
#7323 = CARTESIAN_POINT('',(0.757829748322,0.933659577235));
#7324 = CARTESIAN_POINT('',(0.983614031457,0.961660966961));
#7325 = CARTESIAN_POINT('',(1.095386077976,0.974928776907));
#7326 = CARTESIAN_POINT('',(1.212191446495,0.987222659343));
#7327 = CARTESIAN_POINT('',(1.332285824327,0.99691744585));
#7328 = CARTESIAN_POINT('',(1.454419016595,1.002512410152));
#7329 = CARTESIAN_POINT('',(1.577510756539,1.003321860663));
#7330 = CARTESIAN_POINT('',(1.700526922224,0.99958993478));
#7331 = CARTESIAN_POINT('',(1.937536323893,0.985205329735));
#7332 = CARTESIAN_POINT('',(2.048171776365,0.975126582938));
#7333 = CARTESIAN_POINT('',(2.154739143587,0.962982519639));
#7334 = CARTESIAN_POINT('',(2.257697024093,0.94983529327));
#7335 = CARTESIAN_POINT('',(2.35738628196,0.936623593108));
#7336 = CARTESIAN_POINT('',(2.454058775914,0.924093639059));
#7337 = CARTESIAN_POINT('',(2.547874287086,0.912790310585));
#7338 = CARTESIAN_POINT('',(2.753315839,0.890840133531));
#7339 = CARTESIAN_POINT('',(2.864559663872,0.880973470753));
#7340 = CARTESIAN_POINT('',(2.973735696396,0.874132242975));
#7341 = CARTESIAN_POINT('',(3.081721287496,0.870673154657));
#7342 = CARTESIAN_POINT('',(3.18933925307,0.870736784295));
#7343 = CARTESIAN_POINT('',(3.297411809534,0.874296376112));
#7344 = CARTESIAN_POINT('',(3.406811137378,0.881148409264));
#7345 = CARTESIAN_POINT('',(3.616982000257,0.899365537568));
#7346 = CARTESIAN_POINT('',(3.717724864321,0.910136016498));
#7347 = CARTESIAN_POINT('',(3.821230879138,0.922849004383));
#7348 = CARTESIAN_POINT('',(3.927928273382,0.936985038045));
#7349 = CARTESIAN_POINT('',(4.038307163341,0.951769713998));
#7350 = CARTESIAN_POINT('',(4.152941339518,0.9661181034));
#7351 = CARTESIAN_POINT('',(4.272557493805,0.978662872498));
#7352 = CARTESIAN_POINT('',(4.507777471036,0.996084625781));
#7353 = CARTESIAN_POINT('',(4.620270968262,1.001616460834));
#7354 = CARTESIAN_POINT('',(4.734059122507,1.003591822126));
#7355 = CARTESIAN_POINT('',(4.847914170157,1.001445462215));
#7356 = CARTESIAN_POINT('',(4.960682028905,0.995326022763));
#7357 = CARTESIAN_POINT('',(5.071120363675,0.986171510787));
#7358 = CARTESIAN_POINT('',(5.177641074484,0.975252875168));
#7359 = CARTESIAN_POINT('',(5.4207622569,0.947499871529));
#7360 = CARTESIAN_POINT('',(5.555693979019,0.929574989741));
#7361 = CARTESIAN_POINT('',(5.684641122507,0.912325215237));
#7362 = CARTESIAN_POINT('',(5.808937418372,0.897374387336));
#7363 = CARTESIAN_POINT('',(5.92980290902,0.885649547596));
#7364 = CARTESIAN_POINT('',(6.048331575828,0.877669516744));
#7365 = CARTESIAN_POINT('',(6.165685882281,0.873670168499));
#7366 = CARTESIAN_POINT('',(6.28318530718,0.873670168499));
#7367 = ( GEOMETRIC_REPRESENTATION_CONTEXT(2) 
PARAMETRIC_REPRESENTATION_CONTEXT() REPRESENTATION_CONTEXT('2D SPACE',''
  ) );
#7368 = ADVANCED_FACE('',(#7369),#6953,.T.);
#7369 = FACE_BOUND('',#7370,.T.);
#7370 = EDGE_LOOP('',(#7371,#7395,#7417));
#7371 = ORIENTED_EDGE('',*,*,#7372,.T.);
#7372 = EDGE_CURVE('',#6937,#7373,#7375,.T.);
#7373 = VERTEX_POINT('',#7374);
#7374 = CARTESIAN_POINT('',(4.33499E+03,-3.588215121502E-15,928.85));
#7375 = SURFACE_CURVE('',#7376,(#7381,#7388),.PCURVE_S1.);
#7376 = CIRCLE('',#7377,14.65);
#7377 = AXIS2_PLACEMENT_3D('',#7378,#7379,#7380);
#7378 = CARTESIAN_POINT('',(4.33499E+03,0.,943.5));
#7379 = DIRECTION('',(1.,-0.,2.22044604925E-16));
#7380 = DIRECTION('',(2.22044604925E-16,0.,-1.));
#7381 = PCURVE('',#6953,#7382);
#7382 = DEFINITIONAL_REPRESENTATION('',(#7383),#7387);
#7383 = CIRCLE('',#7384,14.65);
#7384 = AXIS2_PLACEMENT_2D('',#7385,#7386);
#7385 = CARTESIAN_POINT('',(0.,0.));
#7386 = DIRECTION('',(1.,0.));
#7387 = ( GEOMETRIC_REPRESENTATION_CONTEXT(2) 
PARAMETRIC_REPRESENTATION_CONTEXT() REPRESENTATION_CONTEXT('2D SPACE',''
  ) );
#7388 = PCURVE('',#6925,#7389);
#7389 = DEFINITIONAL_REPRESENTATION('',(#7390),#7394);
#7390 = LINE('',#7391,#7392);
#7391 = CARTESIAN_POINT('',(0.,0.));
#7392 = VECTOR('',#7393,1.);
#7393 = DIRECTION('',(1.,0.));
#7394 = ( GEOMETRIC_REPRESENTATION_CONTEXT(2) 
PARAMETRIC_REPRESENTATION_CONTEXT() REPRESENTATION_CONTEXT('2D SPACE',''
  ) );
#7395 = ORIENTED_EDGE('',*,*,#7396,.T.);
#7396 = EDGE_CURVE('',#7373,#6911,#7397,.T.);
#7397 = SURFACE_CURVE('',#7398,(#7403,#7410),.PCURVE_S1.);
#7398 = CIRCLE('',#7399,14.65);
#7399 = AXIS2_PLACEMENT_3D('',#7400,#7401,#7402);
#7400 = CARTESIAN_POINT('',(4.33499E+03,0.,943.5));
#7401 = DIRECTION('',(1.,-0.,2.22044604925E-16));
#7402 = DIRECTION('',(2.22044604925E-16,0.,-1.));
#7403 = PCURVE('',#6953,#7404);
#7404 = DEFINITIONAL_REPRESENTATION('',(#7405),#7409);
#7405 = CIRCLE('',#7406,14.65);
#7406 = AXIS2_PLACEMENT_2D('',#7407,#7408);
#7407 = CARTESIAN_POINT('',(0.,0.));
#7408 = DIRECTION('',(1.,0.));
#7409 = ( GEOMETRIC_REPRESENTATION_CONTEXT(2) 
PARAMETRIC_REPRESENTATION_CONTEXT() REPRESENTATION_CONTEXT('2D SPACE',''
  ) );
#7410 = PCURVE('',#6925,#7411);
#7411 = DEFINITIONAL_REPRESENTATION('',(#7412),#7416);
#7412 = LINE('',#7413,#7414);
#7413 = CARTESIAN_POINT('',(0.,0.));
#7414 = VECTOR('',#7415,1.);
#7415 = DIRECTION('',(1.,0.));
#7416 = ( GEOMETRIC_REPRESENTATION_CONTEXT(2) 
PARAMETRIC_REPRESENTATION_CONTEXT() REPRESENTATION_CONTEXT('2D SPACE',''
  ) );
#7417 = ORIENTED_EDGE('',*,*,#6936,.F.);
#7418 = ADVANCED_FACE('',(#7419),#6925,.F.);
#7419 = FACE_BOUND('',#7420,.F.);
#7420 = EDGE_LOOP('',(#7421,#7444,#7471,#7472,#7473,#7474,#7496,#7497));
#7421 = ORIENTED_EDGE('',*,*,#7422,.T.);
#7422 = EDGE_CURVE('',#7373,#7423,#7425,.T.);
#7423 = VERTEX_POINT('',#7424);
#7424 = CARTESIAN_POINT('',(4.395E+03,-3.588215121502E-15,928.85));
#7425 = SEAM_CURVE('',#7426,(#7430,#7437),.PCURVE_S1.);
#7426 = LINE('',#7427,#7428);
#7427 = CARTESIAN_POINT('',(4.33499E+03,-3.588215121502E-15,928.85));
#7428 = VECTOR('',#7429,1.);
#7429 = DIRECTION('',(1.,0.,2.22044604925E-16));
#7430 = PCURVE('',#6925,#7431);
#7431 = DEFINITIONAL_REPRESENTATION('',(#7432),#7436);
#7432 = LINE('',#7433,#7434);
#7433 = CARTESIAN_POINT('',(6.28318530718,-0.));
#7434 = VECTOR('',#7435,1.);
#7435 = DIRECTION('',(0.,1.));
#7436 = ( GEOMETRIC_REPRESENTATION_CONTEXT(2) 
PARAMETRIC_REPRESENTATION_CONTEXT() REPRESENTATION_CONTEXT('2D SPACE',''
  ) );
#7437 = PCURVE('',#6925,#7438);
#7438 = DEFINITIONAL_REPRESENTATION('',(#7439),#7443);
#7439 = LINE('',#7440,#7441);
#7440 = CARTESIAN_POINT('',(0.,-0.));
#7441 = VECTOR('',#7442,1.);
#7442 = DIRECTION('',(0.,1.));
#7443 = ( GEOMETRIC_REPRESENTATION_CONTEXT(2) 
PARAMETRIC_REPRESENTATION_CONTEXT() REPRESENTATION_CONTEXT('2D SPACE',''
  ) );
#7444 = ORIENTED_EDGE('',*,*,#7445,.F.);
#7445 = EDGE_CURVE('',#7423,#7423,#7446,.T.);
#7446 = SURFACE_CURVE('',#7447,(#7452,#7459),.PCURVE_S1.);
#7447 = CIRCLE('',#7448,14.65);
#7448 = AXIS2_PLACEMENT_3D('',#7449,#7450,#7451);
#7449 = CARTESIAN_POINT('',(4.395E+03,0.,943.5));
#7450 = DIRECTION('',(1.,-0.,2.22044604925E-16));
#7451 = DIRECTION('',(2.22044604925E-16,0.,-1.));
#7452 = PCURVE('',#6925,#7453);
#7453 = DEFINITIONAL_REPRESENTATION('',(#7454),#7458);
#7454 = LINE('',#7455,#7456);
#7455 = CARTESIAN_POINT('',(0.,60.01));
#7456 = VECTOR('',#7457,1.);
#7457 = DIRECTION('',(1.,0.));
#7458 = ( GEOMETRIC_REPRESENTATION_CONTEXT(2) 
PARAMETRIC_REPRESENTATION_CONTEXT() REPRESENTATION_CONTEXT('2D SPACE',''
  ) );
#7459 = PCURVE('',#7460,#7465);
#7460 = PLANE('',#7461);
#7461 = AXIS2_PLACEMENT_3D('',#7462,#7463,#7464);
#7462 = CARTESIAN_POINT('',(4.395E+03,0.,943.5));
#7463 = DIRECTION('',(1.,0.,2.22044604925E-16));
#7464 = DIRECTION('',(2.22044604925E-16,0.,-1.));
#7465 = DEFINITIONAL_REPRESENTATION('',(#7466),#7470);
#7466 = CIRCLE('',#7467,14.65);
#7467 = AXIS2_PLACEMENT_2D('',#7468,#7469);
#7468 = CARTESIAN_POINT('',(0.,0.));
#7469 = DIRECTION('',(1.,0.));
#7470 = ( GEOMETRIC_REPRESENTATION_CONTEXT(2) 
PARAMETRIC_REPRESENTATION_CONTEXT() REPRESENTATION_CONTEXT('2D SPACE',''
  ) );
#7471 = ORIENTED_EDGE('',*,*,#7422,.F.);
#7472 = ORIENTED_EDGE('',*,*,#7396,.T.);
#7473 = ORIENTED_EDGE('',*,*,#6910,.T.);
#7474 = ORIENTED_EDGE('',*,*,#7475,.T.);
#7475 = EDGE_CURVE('',#6883,#6966,#7476,.T.);
#7476 = SURFACE_CURVE('',#7477,(#7482,#7489),.PCURVE_S1.);
#7477 = CIRCLE('',#7478,14.65);
#7478 = AXIS2_PLACEMENT_3D('',#7479,#7480,#7481);
#7479 = CARTESIAN_POINT('',(4.335E+03,0.,943.5));
#7480 = DIRECTION('',(1.,0.,2.22044604925E-16));
#7481 = DIRECTION('',(2.22044604925E-16,0.,-1.));
#7482 = PCURVE('',#6925,#7483);
#7483 = DEFINITIONAL_REPRESENTATION('',(#7484),#7488);
#7484 = LINE('',#7485,#7486);
#7485 = CARTESIAN_POINT('',(0.,1.000000000022E-02));
#7486 = VECTOR('',#7487,1.);
#7487 = DIRECTION('',(1.,0.));
#7488 = ( GEOMETRIC_REPRESENTATION_CONTEXT(2) 
PARAMETRIC_REPRESENTATION_CONTEXT() REPRESENTATION_CONTEXT('2D SPACE',''
  ) );
#7489 = PCURVE('',#6898,#7490);
#7490 = DEFINITIONAL_REPRESENTATION('',(#7491),#7495);
#7491 = CIRCLE('',#7492,14.65);
#7492 = AXIS2_PLACEMENT_2D('',#7493,#7494);
#7493 = CARTESIAN_POINT('',(6.5,0.));
#7494 = DIRECTION('',(1.,0.));
#7495 = ( GEOMETRIC_REPRESENTATION_CONTEXT(2) 
PARAMETRIC_REPRESENTATION_CONTEXT() REPRESENTATION_CONTEXT('2D SPACE',''
  ) );
#7496 = ORIENTED_EDGE('',*,*,#6965,.F.);
#7497 = ORIENTED_EDGE('',*,*,#7372,.T.);
#7498 = ADVANCED_FACE('',(#7499,#7502),#7460,.F.);
#7499 = FACE_BOUND('',#7500,.F.);
#7500 = EDGE_LOOP('',(#7501));
#7501 = ORIENTED_EDGE('',*,*,#7445,.T.);
#7502 = FACE_BOUND('',#7503,.F.);
#7503 = EDGE_LOOP('',(#7504));
#7504 = ORIENTED_EDGE('',*,*,#7505,.F.);
#7505 = EDGE_CURVE('',#7506,#7506,#7508,.T.);
#7506 = VERTEX_POINT('',#7507);
#7507 = CARTESIAN_POINT('',(4.395E+03,-3.184081677783E-15,930.5));
#7508 = SURFACE_CURVE('',#7509,(#7514,#7521),.PCURVE_S1.);
#7509 = CIRCLE('',#7510,13.);
#7510 = AXIS2_PLACEMENT_3D('',#7511,#7512,#7513);
#7511 = CARTESIAN_POINT('',(4.395E+03,0.,943.5));
#7512 = DIRECTION('',(1.,0.,2.22044604925E-16));
#7513 = DIRECTION('',(2.22044604925E-16,0.,-1.));
#7514 = PCURVE('',#7460,#7515);
#7515 = DEFINITIONAL_REPRESENTATION('',(#7516),#7520);
#7516 = CIRCLE('',#7517,13.);
#7517 = AXIS2_PLACEMENT_2D('',#7518,#7519);
#7518 = CARTESIAN_POINT('',(0.,0.));
#7519 = DIRECTION('',(1.,0.));
#7520 = ( GEOMETRIC_REPRESENTATION_CONTEXT(2) 
PARAMETRIC_REPRESENTATION_CONTEXT() REPRESENTATION_CONTEXT('2D SPACE',''
  ) );
#7521 = PCURVE('',#7522,#7527);
#7522 = CYLINDRICAL_SURFACE('',#7523,13.);
#7523 = AXIS2_PLACEMENT_3D('',#7524,#7525,#7526);
#7524 = CARTESIAN_POINT('',(4.394E+03,0.,943.5));
#7525 = DIRECTION('',(1.,0.,2.22044604925E-16));
#7526 = DIRECTION('',(2.22044604925E-16,0.,-1.));
#7527 = DEFINITIONAL_REPRESENTATION('',(#7528),#7532);
#7528 = LINE('',#7529,#7530);
#7529 = CARTESIAN_POINT('',(0.,1.));
#7530 = VECTOR('',#7531,1.);
#7531 = DIRECTION('',(1.,0.));
#7532 = ( GEOMETRIC_REPRESENTATION_CONTEXT(2) 
PARAMETRIC_REPRESENTATION_CONTEXT() REPRESENTATION_CONTEXT('2D SPACE',''
  ) );
#7533 = ADVANCED_FACE('',(#7534),#7522,.F.);
#7534 = FACE_BOUND('',#7535,.F.);
#7535 = EDGE_LOOP('',(#7536,#7560,#7581,#7582));
#7536 = ORIENTED_EDGE('',*,*,#7537,.F.);
#7537 = EDGE_CURVE('',#7538,#7538,#7540,.T.);
#7538 = VERTEX_POINT('',#7539);
#7539 = CARTESIAN_POINT('',(4.398E+03,-3.184081677783E-15,930.5));
#7540 = SURFACE_CURVE('',#7541,(#7546,#7553),.PCURVE_S1.);
#7541 = CIRCLE('',#7542,13.);
#7542 = AXIS2_PLACEMENT_3D('',#7543,#7544,#7545);
#7543 = CARTESIAN_POINT('',(4.398E+03,0.,943.5));
#7544 = DIRECTION('',(1.,0.,2.22044604925E-16));
#7545 = DIRECTION('',(2.22044604925E-16,0.,-1.));
#7546 = PCURVE('',#7522,#7547);
#7547 = DEFINITIONAL_REPRESENTATION('',(#7548),#7552);
#7548 = LINE('',#7549,#7550);
#7549 = CARTESIAN_POINT('',(0.,4.));
#7550 = VECTOR('',#7551,1.);
#7551 = DIRECTION('',(1.,0.));
#7552 = ( GEOMETRIC_REPRESENTATION_CONTEXT(2) 
PARAMETRIC_REPRESENTATION_CONTEXT() REPRESENTATION_CONTEXT('2D SPACE',''
  ) );
#7553 = PCURVE('',#5665,#7554);
#7554 = DEFINITIONAL_REPRESENTATION('',(#7555),#7559);
#7555 = CIRCLE('',#7556,13.);
#7556 = AXIS2_PLACEMENT_2D('',#7557,#7558);
#7557 = CARTESIAN_POINT('',(6.5,0.));
#7558 = DIRECTION('',(1.,0.));
#7559 = ( GEOMETRIC_REPRESENTATION_CONTEXT(2) 
PARAMETRIC_REPRESENTATION_CONTEXT() REPRESENTATION_CONTEXT('2D SPACE',''
  ) );
#7560 = ORIENTED_EDGE('',*,*,#7561,.F.);
#7561 = EDGE_CURVE('',#7506,#7538,#7562,.T.);
#7562 = SEAM_CURVE('',#7563,(#7567,#7574),.PCURVE_S1.);
#7563 = LINE('',#7564,#7565);
#7564 = CARTESIAN_POINT('',(4.394E+03,-3.184081677783E-15,930.5));
#7565 = VECTOR('',#7566,1.);
#7566 = DIRECTION('',(1.,0.,2.22044604925E-16));
#7567 = PCURVE('',#7522,#7568);
#7568 = DEFINITIONAL_REPRESENTATION('',(#7569),#7573);
#7569 = LINE('',#7570,#7571);
#7570 = CARTESIAN_POINT('',(6.28318530718,-0.));
#7571 = VECTOR('',#7572,1.);
#7572 = DIRECTION('',(0.,1.));
#7573 = ( GEOMETRIC_REPRESENTATION_CONTEXT(2) 
PARAMETRIC_REPRESENTATION_CONTEXT() REPRESENTATION_CONTEXT('2D SPACE',''
  ) );
#7574 = PCURVE('',#7522,#7575);
#7575 = DEFINITIONAL_REPRESENTATION('',(#7576),#7580);
#7576 = LINE('',#7577,#7578);
#7577 = CARTESIAN_POINT('',(0.,-0.));
#7578 = VECTOR('',#7579,1.);
#7579 = DIRECTION('',(0.,1.));
#7580 = ( GEOMETRIC_REPRESENTATION_CONTEXT(2) 
PARAMETRIC_REPRESENTATION_CONTEXT() REPRESENTATION_CONTEXT('2D SPACE',''
  ) );
#7581 = ORIENTED_EDGE('',*,*,#7505,.T.);
#7582 = ORIENTED_EDGE('',*,*,#7561,.T.);
#7583 = ADVANCED_FACE('',(#7584),#6898,.F.);
#7584 = FACE_BOUND('',#7585,.F.);
#7585 = EDGE_LOOP('',(#7586,#7587,#7588,#7607));
#7586 = ORIENTED_EDGE('',*,*,#7475,.F.);
#7587 = ORIENTED_EDGE('',*,*,#6882,.T.);
#7588 = ORIENTED_EDGE('',*,*,#7589,.T.);
#7589 = EDGE_CURVE('',#6857,#6987,#7590,.T.);
#7590 = SURFACE_CURVE('',#7591,(#7595,#7601),.PCURVE_S1.);
#7591 = LINE('',#7592,#7593);
#7592 = CARTESIAN_POINT('',(4.335E+03,-1.125,970.));
#7593 = VECTOR('',#7594,1.);
#7594 = DIRECTION('',(0.,-1.,0.));
#7595 = PCURVE('',#6898,#7596);
#7596 = DEFINITIONAL_REPRESENTATION('',(#7597),#7600);
#7597 = B_SPLINE_CURVE_WITH_KNOTS('',1,(#7598,#7599),.UNSPECIFIED.,.F.,
  .F.,(2,2),(-3.375,1.125),.PIECEWISE_BEZIER_KNOTS.);
#7598 = CARTESIAN_POINT('',(-20.,2.25));
#7599 = CARTESIAN_POINT('',(-20.,-2.25));
#7600 = ( GEOMETRIC_REPRESENTATION_CONTEXT(2) 
PARAMETRIC_REPRESENTATION_CONTEXT() REPRESENTATION_CONTEXT('2D SPACE',''
  ) );
#7601 = PCURVE('',#6871,#7602);
#7602 = DEFINITIONAL_REPRESENTATION('',(#7603),#7606);
#7603 = B_SPLINE_CURVE_WITH_KNOTS('',1,(#7604,#7605),.UNSPECIFIED.,.F.,
  .F.,(2,2),(-3.375,1.125),.PIECEWISE_BEZIER_KNOTS.);
#7604 = CARTESIAN_POINT('',(13.,4.5));
#7605 = CARTESIAN_POINT('',(13.,0.));
#7606 = ( GEOMETRIC_REPRESENTATION_CONTEXT(2) 
PARAMETRIC_REPRESENTATION_CONTEXT() REPRESENTATION_CONTEXT('2D SPACE',''
  ) );
#7607 = ORIENTED_EDGE('',*,*,#6986,.T.);
#7608 = ADVANCED_FACE('',(#7609),#6871,.T.);
#7609 = FACE_BOUND('',#7610,.T.);
#7610 = EDGE_LOOP('',(#7611,#7636,#7655,#7656,#7657,#7658,#7679,#7702));
#7611 = ORIENTED_EDGE('',*,*,#7612,.F.);
#7612 = EDGE_CURVE('',#7613,#7615,#7617,.T.);
#7613 = VERTEX_POINT('',#7614);
#7614 = CARTESIAN_POINT('',(4.323E+03,2.25,970.));
#7615 = VERTEX_POINT('',#7616);
#7616 = CARTESIAN_POINT('',(4.348E+03,2.25,970.));
#7617 = SURFACE_CURVE('',#7618,(#7622,#7629),.PCURVE_S1.);
#7618 = LINE('',#7619,#7620);
#7619 = CARTESIAN_POINT('',(4.322E+03,2.25,970.));
#7620 = VECTOR('',#7621,1.);
#7621 = DIRECTION('',(1.,0.,-0.));
#7622 = PCURVE('',#6871,#7623);
#7623 = DEFINITIONAL_REPRESENTATION('',(#7624),#7628);
#7624 = LINE('',#7625,#7626);
#7625 = CARTESIAN_POINT('',(0.,4.5));
#7626 = VECTOR('',#7627,1.);
#7627 = DIRECTION('',(1.,0.));
#7628 = ( GEOMETRIC_REPRESENTATION_CONTEXT(2) 
PARAMETRIC_REPRESENTATION_CONTEXT() REPRESENTATION_CONTEXT('2D SPACE',''
  ) );
#7629 = PCURVE('',#5805,#7630);
#7630 = DEFINITIONAL_REPRESENTATION('',(#7631),#7635);
#7631 = LINE('',#7632,#7633);
#7632 = CARTESIAN_POINT('',(0.,0.));
#7633 = VECTOR('',#7634,1.);
#7634 = DIRECTION('',(0.,1.));
#7635 = ( GEOMETRIC_REPRESENTATION_CONTEXT(2) 
PARAMETRIC_REPRESENTATION_CONTEXT() REPRESENTATION_CONTEXT('2D SPACE',''
  ) );
#7636 = ORIENTED_EDGE('',*,*,#7637,.T.);
#7637 = EDGE_CURVE('',#7613,#6833,#7638,.T.);
#7638 = SURFACE_CURVE('',#7639,(#7643,#7649),.PCURVE_S1.);
#7639 = LINE('',#7640,#7641);
#7640 = CARTESIAN_POINT('',(4.323E+03,-1.125,970.));
#7641 = VECTOR('',#7642,1.);
#7642 = DIRECTION('',(0.,-1.,0.));
#7643 = PCURVE('',#6871,#7644);
#7644 = DEFINITIONAL_REPRESENTATION('',(#7645),#7648);
#7645 = B_SPLINE_CURVE_WITH_KNOTS('',1,(#7646,#7647),.UNSPECIFIED.,.F.,
  .F.,(2,2),(-3.375,1.125),.PIECEWISE_BEZIER_KNOTS.);
#7646 = CARTESIAN_POINT('',(1.,4.5));
#7647 = CARTESIAN_POINT('',(1.,0.));
#7648 = ( GEOMETRIC_REPRESENTATION_CONTEXT(2) 
PARAMETRIC_REPRESENTATION_CONTEXT() REPRESENTATION_CONTEXT('2D SPACE',''
  ) );
#7649 = PCURVE('',#5778,#7650);
#7650 = DEFINITIONAL_REPRESENTATION('',(#7651),#7654);
#7651 = B_SPLINE_CURVE_WITH_KNOTS('',1,(#7652,#7653),.UNSPECIFIED.,.F.,
  .F.,(2,2),(-3.375,1.125),.PIECEWISE_BEZIER_KNOTS.);
#7652 = CARTESIAN_POINT('',(-20.,2.25));
#7653 = CARTESIAN_POINT('',(-20.,-2.25));
#7654 = ( GEOMETRIC_REPRESENTATION_CONTEXT(2) 
PARAMETRIC_REPRESENTATION_CONTEXT() REPRESENTATION_CONTEXT('2D SPACE',''
  ) );
#7655 = ORIENTED_EDGE('',*,*,#6856,.T.);
#7656 = ORIENTED_EDGE('',*,*,#7589,.T.);
#7657 = ORIENTED_EDGE('',*,*,#7009,.F.);
#7658 = ORIENTED_EDGE('',*,*,#7659,.T.);
#7659 = EDGE_CURVE('',#6831,#7660,#7662,.T.);
#7660 = VERTEX_POINT('',#7661);
#7661 = CARTESIAN_POINT('',(4.323E+03,-2.25,970.));
#7662 = SURFACE_CURVE('',#7663,(#7667,#7673),.PCURVE_S1.);
#7663 = LINE('',#7664,#7665);
#7664 = CARTESIAN_POINT('',(4.323E+03,-1.125,970.));
#7665 = VECTOR('',#7666,1.);
#7666 = DIRECTION('',(0.,-1.,0.));
#7667 = PCURVE('',#6871,#7668);
#7668 = DEFINITIONAL_REPRESENTATION('',(#7669),#7672);
#7669 = B_SPLINE_CURVE_WITH_KNOTS('',1,(#7670,#7671),.UNSPECIFIED.,.F.,
  .F.,(2,2),(-3.375,1.125),.PIECEWISE_BEZIER_KNOTS.);
#7670 = CARTESIAN_POINT('',(1.,4.5));
#7671 = CARTESIAN_POINT('',(1.,0.));
#7672 = ( GEOMETRIC_REPRESENTATION_CONTEXT(2) 
PARAMETRIC_REPRESENTATION_CONTEXT() REPRESENTATION_CONTEXT('2D SPACE',''
  ) );
#7673 = PCURVE('',#5778,#7674);
#7674 = DEFINITIONAL_REPRESENTATION('',(#7675),#7678);
#7675 = B_SPLINE_CURVE_WITH_KNOTS('',1,(#7676,#7677),.UNSPECIFIED.,.F.,
  .F.,(2,2),(-3.375,1.125),.PIECEWISE_BEZIER_KNOTS.);
#7676 = CARTESIAN_POINT('',(-20.,2.25));
#7677 = CARTESIAN_POINT('',(-20.,-2.25));
#7678 = ( GEOMETRIC_REPRESENTATION_CONTEXT(2) 
PARAMETRIC_REPRESENTATION_CONTEXT() REPRESENTATION_CONTEXT('2D SPACE',''
  ) );
#7679 = ORIENTED_EDGE('',*,*,#7680,.T.);
#7680 = EDGE_CURVE('',#7660,#7681,#7683,.T.);
#7681 = VERTEX_POINT('',#7682);
#7682 = CARTESIAN_POINT('',(4.348E+03,-2.25,970.));
#7683 = SURFACE_CURVE('',#7684,(#7688,#7695),.PCURVE_S1.);
#7684 = LINE('',#7685,#7686);
#7685 = CARTESIAN_POINT('',(4.322E+03,-2.25,970.));
#7686 = VECTOR('',#7687,1.);
#7687 = DIRECTION('',(1.,0.,-0.));
#7688 = PCURVE('',#6871,#7689);
#7689 = DEFINITIONAL_REPRESENTATION('',(#7690),#7694);
#7690 = LINE('',#7691,#7692);
#7691 = CARTESIAN_POINT('',(0.,0.));
#7692 = VECTOR('',#7693,1.);
#7693 = DIRECTION('',(1.,0.));
#7694 = ( GEOMETRIC_REPRESENTATION_CONTEXT(2) 
PARAMETRIC_REPRESENTATION_CONTEXT() REPRESENTATION_CONTEXT('2D SPACE',''
  ) );
#7695 = PCURVE('',#5750,#7696);
#7696 = DEFINITIONAL_REPRESENTATION('',(#7697),#7701);
#7697 = LINE('',#7698,#7699);
#7698 = CARTESIAN_POINT('',(0.,0.));
#7699 = VECTOR('',#7700,1.);
#7700 = DIRECTION('',(0.,1.));
#7701 = ( GEOMETRIC_REPRESENTATION_CONTEXT(2) 
PARAMETRIC_REPRESENTATION_CONTEXT() REPRESENTATION_CONTEXT('2D SPACE',''
  ) );
#7702 = ORIENTED_EDGE('',*,*,#7703,.F.);
#7703 = EDGE_CURVE('',#7615,#7681,#7704,.T.);
#7704 = SURFACE_CURVE('',#7705,(#7709,#7715),.PCURVE_S1.);
#7705 = LINE('',#7706,#7707);
#7706 = CARTESIAN_POINT('',(4.348E+03,-4.,970.));
#7707 = VECTOR('',#7708,1.);
#7708 = DIRECTION('',(0.,-1.,0.));
#7709 = PCURVE('',#6871,#7710);
#7710 = DEFINITIONAL_REPRESENTATION('',(#7711),#7714);
#7711 = B_SPLINE_CURVE_WITH_KNOTS('',1,(#7712,#7713),.UNSPECIFIED.,.F.,
  .F.,(2,2),(-6.25,-1.75),.PIECEWISE_BEZIER_KNOTS.);
#7712 = CARTESIAN_POINT('',(26.,4.5));
#7713 = CARTESIAN_POINT('',(26.,0.));
#7714 = ( GEOMETRIC_REPRESENTATION_CONTEXT(2) 
PARAMETRIC_REPRESENTATION_CONTEXT() REPRESENTATION_CONTEXT('2D SPACE',''
  ) );
#7715 = PCURVE('',#5723,#7716);
#7716 = DEFINITIONAL_REPRESENTATION('',(#7717),#7720);
#7717 = B_SPLINE_CURVE_WITH_KNOTS('',1,(#7718,#7719),.UNSPECIFIED.,.F.,
  .F.,(2,2),(-6.25,-1.75),.PIECEWISE_BEZIER_KNOTS.);
#7718 = CARTESIAN_POINT('',(8.,-8.));
#7719 = CARTESIAN_POINT('',(8.,-3.5));
#7720 = ( GEOMETRIC_REPRESENTATION_CONTEXT(2) 
PARAMETRIC_REPRESENTATION_CONTEXT() REPRESENTATION_CONTEXT('2D SPACE',''
  ) );
#7721 = ADVANCED_FACE('',(#7722),#6151,.F.);
#7722 = FACE_BOUND('',#7723,.F.);
#7723 = EDGE_LOOP('',(#7724,#7725,#7746,#7747));
#7724 = ORIENTED_EDGE('',*,*,#6039,.F.);
#7725 = ORIENTED_EDGE('',*,*,#7726,.F.);
#7726 = EDGE_CURVE('',#7031,#6040,#7727,.T.);
#7727 = SEAM_CURVE('',#7728,(#7732,#7739),.PCURVE_S1.);
#7728 = LINE('',#7729,#7730);
#7729 = CARTESIAN_POINT('',(4.329E+03,-17.66608521228,957.60144284148));
#7730 = VECTOR('',#7731,1.);
#7731 = DIRECTION('',(0.,-0.866025403784,0.5));
#7732 = PCURVE('',#6151,#7733);
#7733 = DEFINITIONAL_REPRESENTATION('',(#7734),#7738);
#7734 = LINE('',#7735,#7736);
#7735 = CARTESIAN_POINT('',(6.28318530718,-0.));
#7736 = VECTOR('',#7737,1.);
#7737 = DIRECTION('',(0.,1.));
#7738 = ( GEOMETRIC_REPRESENTATION_CONTEXT(2) 
PARAMETRIC_REPRESENTATION_CONTEXT() REPRESENTATION_CONTEXT('2D SPACE',''
  ) );
#7739 = PCURVE('',#6151,#7740);
#7740 = DEFINITIONAL_REPRESENTATION('',(#7741),#7745);
#7741 = LINE('',#7742,#7743);
#7742 = CARTESIAN_POINT('',(0.,-0.));
#7743 = VECTOR('',#7744,1.);
#7744 = DIRECTION('',(0.,1.));
#7745 = ( GEOMETRIC_REPRESENTATION_CONTEXT(2) 
PARAMETRIC_REPRESENTATION_CONTEXT() REPRESENTATION_CONTEXT('2D SPACE',''
  ) );
#7746 = ORIENTED_EDGE('',*,*,#7030,.T.);
#7747 = ORIENTED_EDGE('',*,*,#7726,.T.);
#7748 = ADVANCED_FACE('',(#7749),#5977,.F.);
#7749 = FACE_BOUND('',#7750,.F.);
#7750 = EDGE_LOOP('',(#7751,#7752,#7773,#7774));
#7751 = ORIENTED_EDGE('',*,*,#5865,.F.);
#7752 = ORIENTED_EDGE('',*,*,#7753,.F.);
#7753 = EDGE_CURVE('',#7203,#5866,#7754,.T.);
#7754 = SEAM_CURVE('',#7755,(#7759,#7766),.PCURVE_S1.);
#7755 = LINE('',#7756,#7757);
#7756 = CARTESIAN_POINT('',(4.329E+03,15.416085212283,961.49855715851));
#7757 = VECTOR('',#7758,1.);
#7758 = DIRECTION('',(0.,0.866025403784,0.5));
#7759 = PCURVE('',#5977,#7760);
#7760 = DEFINITIONAL_REPRESENTATION('',(#7761),#7765);
#7761 = LINE('',#7762,#7763);
#7762 = CARTESIAN_POINT('',(6.28318530718,-0.));
#7763 = VECTOR('',#7764,1.);
#7764 = DIRECTION('',(0.,1.));
#7765 = ( GEOMETRIC_REPRESENTATION_CONTEXT(2) 
PARAMETRIC_REPRESENTATION_CONTEXT() REPRESENTATION_CONTEXT('2D SPACE',''
  ) );
#7766 = PCURVE('',#5977,#7767);
#7767 = DEFINITIONAL_REPRESENTATION('',(#7768),#7772);
#7768 = LINE('',#7769,#7770);
#7769 = CARTESIAN_POINT('',(0.,-0.));
#7770 = VECTOR('',#7771,1.);
#7771 = DIRECTION('',(0.,1.));
#7772 = ( GEOMETRIC_REPRESENTATION_CONTEXT(2) 
PARAMETRIC_REPRESENTATION_CONTEXT() REPRESENTATION_CONTEXT('2D SPACE',''
  ) );
#7773 = ORIENTED_EDGE('',*,*,#7202,.T.);
#7774 = ORIENTED_EDGE('',*,*,#7753,.T.);
#7775 = ADVANCED_FACE('',(#7776),#5852,.F.);
#7776 = FACE_BOUND('',#7777,.F.);
#7777 = EDGE_LOOP('',(#7778,#7808,#7829,#7830));
#7778 = ORIENTED_EDGE('',*,*,#7779,.F.);
#7779 = EDGE_CURVE('',#7780,#7782,#7784,.T.);
#7780 = VERTEX_POINT('',#7781);
#7781 = CARTESIAN_POINT('',(4.348E+03,5.75,962.));
#7782 = VERTEX_POINT('',#7783);
#7783 = CARTESIAN_POINT('',(4.398E+03,5.75,962.));
#7784 = SURFACE_CURVE('',#7785,(#7789,#7796),.PCURVE_S1.);
#7785 = LINE('',#7786,#7787);
#7786 = CARTESIAN_POINT('',(4.348E+03,5.75,962.));
#7787 = VECTOR('',#7788,1.);
#7788 = DIRECTION('',(1.,0.,-0.));
#7789 = PCURVE('',#5852,#7790);
#7790 = DEFINITIONAL_REPRESENTATION('',(#7791),#7795);
#7791 = LINE('',#7792,#7793);
#7792 = CARTESIAN_POINT('',(0.,0.));
#7793 = VECTOR('',#7794,1.);
#7794 = DIRECTION('',(0.,1.));
#7795 = ( GEOMETRIC_REPRESENTATION_CONTEXT(2) 
PARAMETRIC_REPRESENTATION_CONTEXT() REPRESENTATION_CONTEXT('2D SPACE',''
  ) );
#7796 = PCURVE('',#7797,#7802);
#7797 = PLANE('',#7798);
#7798 = AXIS2_PLACEMENT_3D('',#7799,#7800,#7801);
#7799 = CARTESIAN_POINT('',(4.348E+03,-5.75,962.));
#7800 = DIRECTION('',(0.,0.,1.));
#7801 = DIRECTION('',(1.,0.,-0.));
#7802 = DEFINITIONAL_REPRESENTATION('',(#7803),#7807);
#7803 = LINE('',#7804,#7805);
#7804 = CARTESIAN_POINT('',(0.,11.5));
#7805 = VECTOR('',#7806,1.);
#7806 = DIRECTION('',(1.,0.));
#7807 = ( GEOMETRIC_REPRESENTATION_CONTEXT(2) 
PARAMETRIC_REPRESENTATION_CONTEXT() REPRESENTATION_CONTEXT('2D SPACE',''
  ) );
#7808 = ORIENTED_EDGE('',*,*,#7809,.T.);
#7809 = EDGE_CURVE('',#7780,#5817,#7810,.T.);
#7810 = SURFACE_CURVE('',#7811,(#7815,#7822),.PCURVE_S1.);
#7811 = LINE('',#7812,#7813);
#7812 = CARTESIAN_POINT('',(4.348E+03,5.75,962.));
#7813 = VECTOR('',#7814,1.);
#7814 = DIRECTION('',(0.,0.,1.));
#7815 = PCURVE('',#5852,#7816);
#7816 = DEFINITIONAL_REPRESENTATION('',(#7817),#7821);
#7817 = LINE('',#7818,#7819);
#7818 = CARTESIAN_POINT('',(0.,0.));
#7819 = VECTOR('',#7820,1.);
#7820 = DIRECTION('',(1.,0.));
#7821 = ( GEOMETRIC_REPRESENTATION_CONTEXT(2) 
PARAMETRIC_REPRESENTATION_CONTEXT() REPRESENTATION_CONTEXT('2D SPACE',''
  ) );
#7822 = PCURVE('',#5723,#7823);
#7823 = DEFINITIONAL_REPRESENTATION('',(#7824),#7828);
#7824 = LINE('',#7825,#7826);
#7825 = CARTESIAN_POINT('',(0.,-11.5));
#7826 = VECTOR('',#7827,1.);
#7827 = DIRECTION('',(1.,0.));
#7828 = ( GEOMETRIC_REPRESENTATION_CONTEXT(2) 
PARAMETRIC_REPRESENTATION_CONTEXT() REPRESENTATION_CONTEXT('2D SPACE',''
  ) );
#7829 = ORIENTED_EDGE('',*,*,#5839,.T.);
#7830 = ORIENTED_EDGE('',*,*,#7831,.F.);
#7831 = EDGE_CURVE('',#7782,#5642,#7832,.T.);
#7832 = SURFACE_CURVE('',#7833,(#7837,#7843),.PCURVE_S1.);
#7833 = LINE('',#7834,#7835);
#7834 = CARTESIAN_POINT('',(4.398E+03,5.75,956.));
#7835 = VECTOR('',#7836,1.);
#7836 = DIRECTION('',(-2.22044604925E-16,-0.,1.));
#7837 = PCURVE('',#5852,#7838);
#7838 = DEFINITIONAL_REPRESENTATION('',(#7839),#7842);
#7839 = B_SPLINE_CURVE_WITH_KNOTS('',1,(#7840,#7841),.UNSPECIFIED.,.F.,
  .F.,(2,2),(6.,18.),.PIECEWISE_BEZIER_KNOTS.);
#7840 = CARTESIAN_POINT('',(0.,50.));
#7841 = CARTESIAN_POINT('',(12.,50.));
#7842 = ( GEOMETRIC_REPRESENTATION_CONTEXT(2) 
PARAMETRIC_REPRESENTATION_CONTEXT() REPRESENTATION_CONTEXT('2D SPACE',''
  ) );
#7843 = PCURVE('',#5665,#7844);
#7844 = DEFINITIONAL_REPRESENTATION('',(#7845),#7848);
#7845 = B_SPLINE_CURVE_WITH_KNOTS('',1,(#7846,#7847),.UNSPECIFIED.,.F.,
  .F.,(2,2),(6.,18.),.PIECEWISE_BEZIER_KNOTS.);
#7846 = CARTESIAN_POINT('',(-12.,5.75));
#7847 = CARTESIAN_POINT('',(-24.,5.75));
#7848 = ( GEOMETRIC_REPRESENTATION_CONTEXT(2) 
PARAMETRIC_REPRESENTATION_CONTEXT() REPRESENTATION_CONTEXT('2D SPACE',''
  ) );
#7849 = ADVANCED_FACE('',(#7850),#7797,.T.);
#7850 = FACE_BOUND('',#7851,.T.);
#7851 = EDGE_LOOP('',(#7852,#7853,#7876,#7899));
#7852 = ORIENTED_EDGE('',*,*,#7779,.F.);
#7853 = ORIENTED_EDGE('',*,*,#7854,.F.);
#7854 = EDGE_CURVE('',#7855,#7780,#7857,.T.);
#7855 = VERTEX_POINT('',#7856);
#7856 = CARTESIAN_POINT('',(4.348E+03,-5.75,962.));
#7857 = SURFACE_CURVE('',#7858,(#7862,#7869),.PCURVE_S1.);
#7858 = LINE('',#7859,#7860);
#7859 = CARTESIAN_POINT('',(4.348E+03,-5.75,962.));
#7860 = VECTOR('',#7861,1.);
#7861 = DIRECTION('',(-0.,1.,0.));
#7862 = PCURVE('',#7797,#7863);
#7863 = DEFINITIONAL_REPRESENTATION('',(#7864),#7868);
#7864 = LINE('',#7865,#7866);
#7865 = CARTESIAN_POINT('',(0.,0.));
#7866 = VECTOR('',#7867,1.);
#7867 = DIRECTION('',(0.,1.));
#7868 = ( GEOMETRIC_REPRESENTATION_CONTEXT(2) 
PARAMETRIC_REPRESENTATION_CONTEXT() REPRESENTATION_CONTEXT('2D SPACE',''
  ) );
#7869 = PCURVE('',#5723,#7870);
#7870 = DEFINITIONAL_REPRESENTATION('',(#7871),#7875);
#7871 = LINE('',#7872,#7873);
#7872 = CARTESIAN_POINT('',(0.,0.));
#7873 = VECTOR('',#7874,1.);
#7874 = DIRECTION('',(0.,-1.));
#7875 = ( GEOMETRIC_REPRESENTATION_CONTEXT(2) 
PARAMETRIC_REPRESENTATION_CONTEXT() REPRESENTATION_CONTEXT('2D SPACE',''
  ) );
#7876 = ORIENTED_EDGE('',*,*,#7877,.T.);
#7877 = EDGE_CURVE('',#7855,#7878,#7880,.T.);
#7878 = VERTEX_POINT('',#7879);
#7879 = CARTESIAN_POINT('',(4.398E+03,-5.75,962.));
#7880 = SURFACE_CURVE('',#7881,(#7885,#7892),.PCURVE_S1.);
#7881 = LINE('',#7882,#7883);
#7882 = CARTESIAN_POINT('',(4.348E+03,-5.75,962.));
#7883 = VECTOR('',#7884,1.);
#7884 = DIRECTION('',(1.,0.,-0.));
#7885 = PCURVE('',#7797,#7886);
#7886 = DEFINITIONAL_REPRESENTATION('',(#7887),#7891);
#7887 = LINE('',#7888,#7889);
#7888 = CARTESIAN_POINT('',(0.,0.));
#7889 = VECTOR('',#7890,1.);
#7890 = DIRECTION('',(1.,0.));
#7891 = ( GEOMETRIC_REPRESENTATION_CONTEXT(2) 
PARAMETRIC_REPRESENTATION_CONTEXT() REPRESENTATION_CONTEXT('2D SPACE',''
  ) );
#7892 = PCURVE('',#5696,#7893);
#7893 = DEFINITIONAL_REPRESENTATION('',(#7894),#7898);
#7894 = LINE('',#7895,#7896);
#7895 = CARTESIAN_POINT('',(0.,0.));
#7896 = VECTOR('',#7897,1.);
#7897 = DIRECTION('',(0.,1.));
#7898 = ( GEOMETRIC_REPRESENTATION_CONTEXT(2) 
PARAMETRIC_REPRESENTATION_CONTEXT() REPRESENTATION_CONTEXT('2D SPACE',''
  ) );
#7899 = ORIENTED_EDGE('',*,*,#7900,.F.);
#7900 = EDGE_CURVE('',#7782,#7878,#7901,.T.);
#7901 = SURFACE_CURVE('',#7902,(#7906,#7912),.PCURVE_S1.);
#7902 = LINE('',#7903,#7904);
#7903 = CARTESIAN_POINT('',(4.398E+03,-2.875,962.));
#7904 = VECTOR('',#7905,1.);
#7905 = DIRECTION('',(0.,-1.,0.));
#7906 = PCURVE('',#7797,#7907);
#7907 = DEFINITIONAL_REPRESENTATION('',(#7908),#7911);
#7908 = B_SPLINE_CURVE_WITH_KNOTS('',1,(#7909,#7910),.UNSPECIFIED.,.F.,
  .F.,(2,2),(-8.625,2.875),.PIECEWISE_BEZIER_KNOTS.);
#7909 = CARTESIAN_POINT('',(50.,11.5));
#7910 = CARTESIAN_POINT('',(50.,0.));
#7911 = ( GEOMETRIC_REPRESENTATION_CONTEXT(2) 
PARAMETRIC_REPRESENTATION_CONTEXT() REPRESENTATION_CONTEXT('2D SPACE',''
  ) );
#7912 = PCURVE('',#5665,#7913);
#7913 = DEFINITIONAL_REPRESENTATION('',(#7914),#7917);
#7914 = B_SPLINE_CURVE_WITH_KNOTS('',1,(#7915,#7916),.UNSPECIFIED.,.F.,
  .F.,(2,2),(-8.625,2.875),.PIECEWISE_BEZIER_KNOTS.);
#7915 = CARTESIAN_POINT('',(-12.,5.75));
#7916 = CARTESIAN_POINT('',(-12.,-5.75));
#7917 = ( GEOMETRIC_REPRESENTATION_CONTEXT(2) 
PARAMETRIC_REPRESENTATION_CONTEXT() REPRESENTATION_CONTEXT('2D SPACE',''
  ) );
#7918 = ADVANCED_FACE('',(#7919),#5805,.F.);
#7919 = FACE_BOUND('',#7920,.F.);
#7920 = EDGE_LOOP('',(#7921,#7922,#7941,#7942));
#7921 = ORIENTED_EDGE('',*,*,#7612,.F.);
#7922 = ORIENTED_EDGE('',*,*,#7923,.T.);
#7923 = EDGE_CURVE('',#7613,#5762,#7924,.T.);
#7924 = SURFACE_CURVE('',#7925,(#7929,#7935),.PCURVE_S1.);
#7925 = LINE('',#7926,#7927);
#7926 = CARTESIAN_POINT('',(4.323E+03,2.25,960.));
#7927 = VECTOR('',#7928,1.);
#7928 = DIRECTION('',(-2.22044604925E-16,-0.,1.));
#7929 = PCURVE('',#5805,#7930);
#7930 = DEFINITIONAL_REPRESENTATION('',(#7931),#7934);
#7931 = B_SPLINE_CURVE_WITH_KNOTS('',1,(#7932,#7933),.UNSPECIFIED.,.F.,
  .F.,(2,2),(10.,14.),.PIECEWISE_BEZIER_KNOTS.);
#7932 = CARTESIAN_POINT('',(0.,1.));
#7933 = CARTESIAN_POINT('',(4.,1.));
#7934 = ( GEOMETRIC_REPRESENTATION_CONTEXT(2) 
PARAMETRIC_REPRESENTATION_CONTEXT() REPRESENTATION_CONTEXT('2D SPACE',''
  ) );
#7935 = PCURVE('',#5778,#7936);
#7936 = DEFINITIONAL_REPRESENTATION('',(#7937),#7940);
#7937 = B_SPLINE_CURVE_WITH_KNOTS('',1,(#7938,#7939),.UNSPECIFIED.,.F.,
  .F.,(2,2),(10.,14.),.PIECEWISE_BEZIER_KNOTS.);
#7938 = CARTESIAN_POINT('',(-20.,2.25));
#7939 = CARTESIAN_POINT('',(-24.,2.25));
#7940 = ( GEOMETRIC_REPRESENTATION_CONTEXT(2) 
PARAMETRIC_REPRESENTATION_CONTEXT() REPRESENTATION_CONTEXT('2D SPACE',''
  ) );
#7941 = ORIENTED_EDGE('',*,*,#5790,.T.);
#7942 = ORIENTED_EDGE('',*,*,#7943,.F.);
#7943 = EDGE_CURVE('',#7615,#5791,#7944,.T.);
#7944 = SURFACE_CURVE('',#7945,(#7949,#7955),.PCURVE_S1.);
#7945 = LINE('',#7946,#7947);
#7946 = CARTESIAN_POINT('',(4.348E+03,2.25,966.));
#7947 = VECTOR('',#7948,1.);
#7948 = DIRECTION('',(0.,0.,1.));
#7949 = PCURVE('',#5805,#7950);
#7950 = DEFINITIONAL_REPRESENTATION('',(#7951),#7954);
#7951 = B_SPLINE_CURVE_WITH_KNOTS('',1,(#7952,#7953),.UNSPECIFIED.,.F.,
  .F.,(2,2),(4.,8.),.PIECEWISE_BEZIER_KNOTS.);
#7952 = CARTESIAN_POINT('',(0.,26.));
#7953 = CARTESIAN_POINT('',(4.,26.));
#7954 = ( GEOMETRIC_REPRESENTATION_CONTEXT(2) 
PARAMETRIC_REPRESENTATION_CONTEXT() REPRESENTATION_CONTEXT('2D SPACE',''
  ) );
#7955 = PCURVE('',#5723,#7956);
#7956 = DEFINITIONAL_REPRESENTATION('',(#7957),#7960);
#7957 = B_SPLINE_CURVE_WITH_KNOTS('',1,(#7958,#7959),.UNSPECIFIED.,.F.,
  .F.,(2,2),(4.,8.),.PIECEWISE_BEZIER_KNOTS.);
#7958 = CARTESIAN_POINT('',(8.,-8.));
#7959 = CARTESIAN_POINT('',(12.,-8.));
#7960 = ( GEOMETRIC_REPRESENTATION_CONTEXT(2) 
PARAMETRIC_REPRESENTATION_CONTEXT() REPRESENTATION_CONTEXT('2D SPACE',''
  ) );
#7961 = ADVANCED_FACE('',(#7962),#5778,.F.);
#7962 = FACE_BOUND('',#7963,.F.);
#7963 = EDGE_LOOP('',(#7964,#7965,#7966,#7967,#7968,#7969));
#7964 = ORIENTED_EDGE('',*,*,#5761,.T.);
#7965 = ORIENTED_EDGE('',*,*,#7923,.F.);
#7966 = ORIENTED_EDGE('',*,*,#7637,.T.);
#7967 = ORIENTED_EDGE('',*,*,#6830,.F.);
#7968 = ORIENTED_EDGE('',*,*,#7659,.T.);
#7969 = ORIENTED_EDGE('',*,*,#7970,.T.);
#7970 = EDGE_CURVE('',#7660,#5736,#7971,.T.);
#7971 = SURFACE_CURVE('',#7972,(#7976,#7982),.PCURVE_S1.);
#7972 = LINE('',#7973,#7974);
#7973 = CARTESIAN_POINT('',(4.323E+03,-2.25,960.));
#7974 = VECTOR('',#7975,1.);
#7975 = DIRECTION('',(-2.22044604925E-16,-0.,1.));
#7976 = PCURVE('',#5778,#7977);
#7977 = DEFINITIONAL_REPRESENTATION('',(#7978),#7981);
#7978 = B_SPLINE_CURVE_WITH_KNOTS('',1,(#7979,#7980),.UNSPECIFIED.,.F.,
  .F.,(2,2),(10.,14.),.PIECEWISE_BEZIER_KNOTS.);
#7979 = CARTESIAN_POINT('',(-20.,-2.25));
#7980 = CARTESIAN_POINT('',(-24.,-2.25));
#7981 = ( GEOMETRIC_REPRESENTATION_CONTEXT(2) 
PARAMETRIC_REPRESENTATION_CONTEXT() REPRESENTATION_CONTEXT('2D SPACE',''
  ) );
#7982 = PCURVE('',#5750,#7983);
#7983 = DEFINITIONAL_REPRESENTATION('',(#7984),#7987);
#7984 = B_SPLINE_CURVE_WITH_KNOTS('',1,(#7985,#7986),.UNSPECIFIED.,.F.,
  .F.,(2,2),(10.,14.),.PIECEWISE_BEZIER_KNOTS.);
#7985 = CARTESIAN_POINT('',(0.,1.));
#7986 = CARTESIAN_POINT('',(4.,1.));
#7987 = ( GEOMETRIC_REPRESENTATION_CONTEXT(2) 
PARAMETRIC_REPRESENTATION_CONTEXT() REPRESENTATION_CONTEXT('2D SPACE',''
  ) );
#7988 = ADVANCED_FACE('',(#7989),#5750,.T.);
#7989 = FACE_BOUND('',#7990,.T.);
#7990 = EDGE_LOOP('',(#7991,#7992,#7993,#7994));
#7991 = ORIENTED_EDGE('',*,*,#7680,.F.);
#7992 = ORIENTED_EDGE('',*,*,#7970,.T.);
#7993 = ORIENTED_EDGE('',*,*,#5735,.T.);
#7994 = ORIENTED_EDGE('',*,*,#7995,.F.);
#7995 = EDGE_CURVE('',#7681,#5708,#7996,.T.);
#7996 = SURFACE_CURVE('',#7997,(#8001,#8007),.PCURVE_S1.);
#7997 = LINE('',#7998,#7999);
#7998 = CARTESIAN_POINT('',(4.348E+03,-2.25,966.));
#7999 = VECTOR('',#8000,1.);
#8000 = DIRECTION('',(0.,0.,1.));
#8001 = PCURVE('',#5750,#8002);
#8002 = DEFINITIONAL_REPRESENTATION('',(#8003),#8006);
#8003 = B_SPLINE_CURVE_WITH_KNOTS('',1,(#8004,#8005),.UNSPECIFIED.,.F.,
  .F.,(2,2),(4.,8.),.PIECEWISE_BEZIER_KNOTS.);
#8004 = CARTESIAN_POINT('',(0.,26.));
#8005 = CARTESIAN_POINT('',(4.,26.));
#8006 = ( GEOMETRIC_REPRESENTATION_CONTEXT(2) 
PARAMETRIC_REPRESENTATION_CONTEXT() REPRESENTATION_CONTEXT('2D SPACE',''
  ) );
#8007 = PCURVE('',#5723,#8008);
#8008 = DEFINITIONAL_REPRESENTATION('',(#8009),#8012);
#8009 = B_SPLINE_CURVE_WITH_KNOTS('',1,(#8010,#8011),.UNSPECIFIED.,.F.,
  .F.,(2,2),(4.,8.),.PIECEWISE_BEZIER_KNOTS.);
#8010 = CARTESIAN_POINT('',(8.,-3.5));
#8011 = CARTESIAN_POINT('',(12.,-3.5));
#8012 = ( GEOMETRIC_REPRESENTATION_CONTEXT(2) 
PARAMETRIC_REPRESENTATION_CONTEXT() REPRESENTATION_CONTEXT('2D SPACE',''
  ) );
#8013 = ADVANCED_FACE('',(#8014),#5723,.T.);
#8014 = FACE_BOUND('',#8015,.T.);
#8015 = EDGE_LOOP('',(#8016,#8037,#8038,#8039,#8040,#8041,#8042,#8043));
#8016 = ORIENTED_EDGE('',*,*,#8017,.F.);
#8017 = EDGE_CURVE('',#7855,#5682,#8018,.T.);
#8018 = SURFACE_CURVE('',#8019,(#8023,#8030),.PCURVE_S1.);
#8019 = LINE('',#8020,#8021);
#8020 = CARTESIAN_POINT('',(4.348E+03,-5.75,962.));
#8021 = VECTOR('',#8022,1.);
#8022 = DIRECTION('',(0.,0.,1.));
#8023 = PCURVE('',#5723,#8024);
#8024 = DEFINITIONAL_REPRESENTATION('',(#8025),#8029);
#8025 = LINE('',#8026,#8027);
#8026 = CARTESIAN_POINT('',(0.,0.));
#8027 = VECTOR('',#8028,1.);
#8028 = DIRECTION('',(1.,0.));
#8029 = ( GEOMETRIC_REPRESENTATION_CONTEXT(2) 
PARAMETRIC_REPRESENTATION_CONTEXT() REPRESENTATION_CONTEXT('2D SPACE',''
  ) );
#8030 = PCURVE('',#5696,#8031);
#8031 = DEFINITIONAL_REPRESENTATION('',(#8032),#8036);
#8032 = LINE('',#8033,#8034);
#8033 = CARTESIAN_POINT('',(0.,0.));
#8034 = VECTOR('',#8035,1.);
#8035 = DIRECTION('',(1.,0.));
#8036 = ( GEOMETRIC_REPRESENTATION_CONTEXT(2) 
PARAMETRIC_REPRESENTATION_CONTEXT() REPRESENTATION_CONTEXT('2D SPACE',''
  ) );
#8037 = ORIENTED_EDGE('',*,*,#7854,.T.);
#8038 = ORIENTED_EDGE('',*,*,#7809,.T.);
#8039 = ORIENTED_EDGE('',*,*,#5816,.T.);
#8040 = ORIENTED_EDGE('',*,*,#7943,.F.);
#8041 = ORIENTED_EDGE('',*,*,#7703,.T.);
#8042 = ORIENTED_EDGE('',*,*,#7995,.T.);
#8043 = ORIENTED_EDGE('',*,*,#5707,.T.);
#8044 = ADVANCED_FACE('',(#8045),#5696,.T.);
#8045 = FACE_BOUND('',#8046,.T.);
#8046 = EDGE_LOOP('',(#8047,#8048,#8049,#8050));
#8047 = ORIENTED_EDGE('',*,*,#7877,.F.);
#8048 = ORIENTED_EDGE('',*,*,#8017,.T.);
#8049 = ORIENTED_EDGE('',*,*,#5681,.T.);
#8050 = ORIENTED_EDGE('',*,*,#8051,.F.);
#8051 = EDGE_CURVE('',#7878,#5644,#8052,.T.);
#8052 = SURFACE_CURVE('',#8053,(#8057,#8063),.PCURVE_S1.);
#8053 = LINE('',#8054,#8055);
#8054 = CARTESIAN_POINT('',(4.398E+03,-5.75,956.));
#8055 = VECTOR('',#8056,1.);
#8056 = DIRECTION('',(-2.22044604925E-16,-0.,1.));
#8057 = PCURVE('',#5696,#8058);
#8058 = DEFINITIONAL_REPRESENTATION('',(#8059),#8062);
#8059 = B_SPLINE_CURVE_WITH_KNOTS('',1,(#8060,#8061),.UNSPECIFIED.,.F.,
  .F.,(2,2),(6.,18.),.PIECEWISE_BEZIER_KNOTS.);
#8060 = CARTESIAN_POINT('',(0.,50.));
#8061 = CARTESIAN_POINT('',(12.,50.));
#8062 = ( GEOMETRIC_REPRESENTATION_CONTEXT(2) 
PARAMETRIC_REPRESENTATION_CONTEXT() REPRESENTATION_CONTEXT('2D SPACE',''
  ) );
#8063 = PCURVE('',#5665,#8064);
#8064 = DEFINITIONAL_REPRESENTATION('',(#8065),#8068);
#8065 = B_SPLINE_CURVE_WITH_KNOTS('',1,(#8066,#8067),.UNSPECIFIED.,.F.,
  .F.,(2,2),(6.,18.),.PIECEWISE_BEZIER_KNOTS.);
#8066 = CARTESIAN_POINT('',(-12.,-5.75));
#8067 = CARTESIAN_POINT('',(-24.,-5.75));
#8068 = ( GEOMETRIC_REPRESENTATION_CONTEXT(2) 
PARAMETRIC_REPRESENTATION_CONTEXT() REPRESENTATION_CONTEXT('2D SPACE',''
  ) );
#8069 = ADVANCED_FACE('',(#8070,#8076),#5665,.T.);
#8070 = FACE_BOUND('',#8071,.T.);
#8071 = EDGE_LOOP('',(#8072,#8073,#8074,#8075));
#8072 = ORIENTED_EDGE('',*,*,#8051,.T.);
#8073 = ORIENTED_EDGE('',*,*,#5641,.F.);
#8074 = ORIENTED_EDGE('',*,*,#7831,.F.);
#8075 = ORIENTED_EDGE('',*,*,#7900,.T.);
#8076 = FACE_BOUND('',#8077,.T.);
#8077 = EDGE_LOOP('',(#8078));
#8078 = ORIENTED_EDGE('',*,*,#7537,.F.);
#8079 = MANIFOLD_SOLID_BREP('',#8080);
#8080 = CLOSED_SHELL('',(#8081,#8169,#8173));
#8081 = ADVANCED_FACE('',(#8082),#8095,.T.);
#8082 = FACE_BOUND('',#8083,.T.);
#8083 = EDGE_LOOP('',(#8084,#8118,#8141,#8168));
#8084 = ORIENTED_EDGE('',*,*,#8085,.F.);
#8085 = EDGE_CURVE('',#8086,#8086,#8088,.T.);
#8086 = VERTEX_POINT('',#8087);
#8087 = CARTESIAN_POINT('',(4.329E+03,19.699802069691,963.27894191624));
#8088 = SURFACE_CURVE('',#8089,(#8094,#8106),.PCURVE_S1.);
#8089 = CIRCLE('',#8090,1.65);
#8090 = AXIS2_PLACEMENT_3D('',#8091,#8092,#8093);
#8091 = CARTESIAN_POINT('',(4.329E+03,20.524802069691,961.85));
#8092 = DIRECTION('',(0.,0.866025403784,0.5));
#8093 = DIRECTION('',(0.,-0.5,0.866025403784));
#8094 = PCURVE('',#8095,#8100);
#8095 = CYLINDRICAL_SURFACE('',#8096,1.65);
#8096 = AXIS2_PLACEMENT_3D('',#8097,#8098,#8099);
#8097 = CARTESIAN_POINT('',(4.329E+03,12.124355652982,957.));
#8098 = DIRECTION('',(0.,0.866025403784,0.5));
#8099 = DIRECTION('',(0.,-0.5,0.866025403784));
#8100 = DEFINITIONAL_REPRESENTATION('',(#8101),#8105);
#8101 = LINE('',#8102,#8103);
#8102 = CARTESIAN_POINT('',(0.,9.7));
#8103 = VECTOR('',#8104,1.);
#8104 = DIRECTION('',(1.,0.));
#8105 = ( GEOMETRIC_REPRESENTATION_CONTEXT(2) 
PARAMETRIC_REPRESENTATION_CONTEXT() REPRESENTATION_CONTEXT('2D SPACE',''
  ) );
#8106 = PCURVE('',#8107,#8112);
#8107 = PLANE('',#8108);
#8108 = AXIS2_PLACEMENT_3D('',#8109,#8110,#8111);
#8109 = CARTESIAN_POINT('',(4.329E+03,20.524802069691,961.85));
#8110 = DIRECTION('',(0.,0.866025403784,0.5));
#8111 = DIRECTION('',(0.,-0.5,0.866025403784));
#8112 = DEFINITIONAL_REPRESENTATION('',(#8113),#8117);
#8113 = CIRCLE('',#8114,1.65);
#8114 = AXIS2_PLACEMENT_2D('',#8115,#8116);
#8115 = CARTESIAN_POINT('',(0.,0.));
#8116 = DIRECTION('',(1.,0.));
#8117 = ( GEOMETRIC_REPRESENTATION_CONTEXT(2) 
PARAMETRIC_REPRESENTATION_CONTEXT() REPRESENTATION_CONTEXT('2D SPACE',''
  ) );
#8118 = ORIENTED_EDGE('',*,*,#8119,.F.);
#8119 = EDGE_CURVE('',#8120,#8086,#8122,.T.);
#8120 = VERTEX_POINT('',#8121);
#8121 = CARTESIAN_POINT('',(4.329E+03,11.299355652982,958.42894191624));
#8122 = SEAM_CURVE('',#8123,(#8127,#8134),.PCURVE_S1.);
#8123 = LINE('',#8124,#8125);
#8124 = CARTESIAN_POINT('',(4.329E+03,11.299355652982,958.42894191624));
#8125 = VECTOR('',#8126,1.);
#8126 = DIRECTION('',(0.,0.866025403784,0.5));
#8127 = PCURVE('',#8095,#8128);
#8128 = DEFINITIONAL_REPRESENTATION('',(#8129),#8133);
#8129 = LINE('',#8130,#8131);
#8130 = CARTESIAN_POINT('',(6.28318530718,-0.));
#8131 = VECTOR('',#8132,1.);
#8132 = DIRECTION('',(0.,1.));
#8133 = ( GEOMETRIC_REPRESENTATION_CONTEXT(2) 
PARAMETRIC_REPRESENTATION_CONTEXT() REPRESENTATION_CONTEXT('2D SPACE',''
  ) );
#8134 = PCURVE('',#8095,#8135);
#8135 = DEFINITIONAL_REPRESENTATION('',(#8136),#8140);
#8136 = LINE('',#8137,#8138);
#8137 = CARTESIAN_POINT('',(0.,-0.));
#8138 = VECTOR('',#8139,1.);
#8139 = DIRECTION('',(0.,1.));
#8140 = ( GEOMETRIC_REPRESENTATION_CONTEXT(2) 
PARAMETRIC_REPRESENTATION_CONTEXT() REPRESENTATION_CONTEXT('2D SPACE',''
  ) );
#8141 = ORIENTED_EDGE('',*,*,#8142,.T.);
#8142 = EDGE_CURVE('',#8120,#8120,#8143,.T.);
#8143 = SURFACE_CURVE('',#8144,(#8149,#8156),.PCURVE_S1.);
#8144 = CIRCLE('',#8145,1.65);
#8145 = AXIS2_PLACEMENT_3D('',#8146,#8147,#8148);
#8146 = CARTESIAN_POINT('',(4.329E+03,12.124355652982,957.));
#8147 = DIRECTION('',(0.,0.866025403784,0.5));
#8148 = DIRECTION('',(0.,-0.5,0.866025403784));
#8149 = PCURVE('',#8095,#8150);
#8150 = DEFINITIONAL_REPRESENTATION('',(#8151),#8155);
#8151 = LINE('',#8152,#8153);
#8152 = CARTESIAN_POINT('',(0.,0.));
#8153 = VECTOR('',#8154,1.);
#8154 = DIRECTION('',(1.,0.));
#8155 = ( GEOMETRIC_REPRESENTATION_CONTEXT(2) 
PARAMETRIC_REPRESENTATION_CONTEXT() REPRESENTATION_CONTEXT('2D SPACE',''
  ) );
#8156 = PCURVE('',#8157,#8162);
#8157 = PLANE('',#8158);
#8158 = AXIS2_PLACEMENT_3D('',#8159,#8160,#8161);
#8159 = CARTESIAN_POINT('',(4.329E+03,12.124355652982,957.));
#8160 = DIRECTION('',(0.,0.866025403784,0.5));
#8161 = DIRECTION('',(0.,-0.5,0.866025403784));
#8162 = DEFINITIONAL_REPRESENTATION('',(#8163),#8167);
#8163 = CIRCLE('',#8164,1.65);
#8164 = AXIS2_PLACEMENT_2D('',#8165,#8166);
#8165 = CARTESIAN_POINT('',(0.,0.));
#8166 = DIRECTION('',(1.,0.));
#8167 = ( GEOMETRIC_REPRESENTATION_CONTEXT(2) 
PARAMETRIC_REPRESENTATION_CONTEXT() REPRESENTATION_CONTEXT('2D SPACE',''
  ) );
#8168 = ORIENTED_EDGE('',*,*,#8119,.T.);
#8169 = ADVANCED_FACE('',(#8170),#8107,.T.);
#8170 = FACE_BOUND('',#8171,.T.);
#8171 = EDGE_LOOP('',(#8172));
#8172 = ORIENTED_EDGE('',*,*,#8085,.T.);
#8173 = ADVANCED_FACE('',(#8174),#8157,.F.);
#8174 = FACE_BOUND('',#8175,.T.);
#8175 = EDGE_LOOP('',(#8176));
#8176 = ORIENTED_EDGE('',*,*,#8142,.F.);
#8177 = MANIFOLD_SOLID_BREP('',#8178);
#8178 = CLOSED_SHELL('',(#8179,#8267,#8271));
#8179 = ADVANCED_FACE('',(#8180),#8193,.T.);
#8180 = FACE_BOUND('',#8181,.T.);
#8181 = EDGE_LOOP('',(#8182,#8216,#8239,#8266));
#8182 = ORIENTED_EDGE('',*,*,#8183,.F.);
#8183 = EDGE_CURVE('',#8184,#8184,#8186,.T.);
#8184 = VERTEX_POINT('',#8185);
#8185 = CARTESIAN_POINT('',(4.329E+03,-21.34980206969,960.42105808375));
#8186 = SURFACE_CURVE('',#8187,(#8192,#8204),.PCURVE_S1.);
#8187 = CIRCLE('',#8188,1.65);
#8188 = AXIS2_PLACEMENT_3D('',#8189,#8190,#8191);
#8189 = CARTESIAN_POINT('',(4.329E+03,-20.52480206969,961.85));
#8190 = DIRECTION('',(0.,-0.866025403784,0.5));
#8191 = DIRECTION('',(0.,-0.5,-0.866025403784));
#8192 = PCURVE('',#8193,#8198);
#8193 = CYLINDRICAL_SURFACE('',#8194,1.65);
#8194 = AXIS2_PLACEMENT_3D('',#8195,#8196,#8197);
#8195 = CARTESIAN_POINT('',(4.329E+03,-12.12435565298,957.));
#8196 = DIRECTION('',(0.,-0.866025403784,0.5));
#8197 = DIRECTION('',(0.,-0.5,-0.866025403784));
#8198 = DEFINITIONAL_REPRESENTATION('',(#8199),#8203);
#8199 = LINE('',#8200,#8201);
#8200 = CARTESIAN_POINT('',(0.,9.7));
#8201 = VECTOR('',#8202,1.);
#8202 = DIRECTION('',(1.,0.));
#8203 = ( GEOMETRIC_REPRESENTATION_CONTEXT(2) 
PARAMETRIC_REPRESENTATION_CONTEXT() REPRESENTATION_CONTEXT('2D SPACE',''
  ) );
#8204 = PCURVE('',#8205,#8210);
#8205 = PLANE('',#8206);
#8206 = AXIS2_PLACEMENT_3D('',#8207,#8208,#8209);
#8207 = CARTESIAN_POINT('',(4.329E+03,-20.52480206969,961.85));
#8208 = DIRECTION('',(0.,-0.866025403784,0.5));
#8209 = DIRECTION('',(0.,-0.5,-0.866025403784));
#8210 = DEFINITIONAL_REPRESENTATION('',(#8211),#8215);
#8211 = CIRCLE('',#8212,1.65);
#8212 = AXIS2_PLACEMENT_2D('',#8213,#8214);
#8213 = CARTESIAN_POINT('',(0.,0.));
#8214 = DIRECTION('',(1.,0.));
#8215 = ( GEOMETRIC_REPRESENTATION_CONTEXT(2) 
PARAMETRIC_REPRESENTATION_CONTEXT() REPRESENTATION_CONTEXT('2D SPACE',''
  ) );
#8216 = ORIENTED_EDGE('',*,*,#8217,.F.);
#8217 = EDGE_CURVE('',#8218,#8184,#8220,.T.);
#8218 = VERTEX_POINT('',#8219);
#8219 = CARTESIAN_POINT('',(4.329E+03,-12.94935565298,955.57105808375));
#8220 = SEAM_CURVE('',#8221,(#8225,#8232),.PCURVE_S1.);
#8221 = LINE('',#8222,#8223);
#8222 = CARTESIAN_POINT('',(4.329E+03,-12.94935565298,955.57105808375));
#8223 = VECTOR('',#8224,1.);
#8224 = DIRECTION('',(0.,-0.866025403784,0.5));
#8225 = PCURVE('',#8193,#8226);
#8226 = DEFINITIONAL_REPRESENTATION('',(#8227),#8231);
#8227 = LINE('',#8228,#8229);
#8228 = CARTESIAN_POINT('',(6.28318530718,-0.));
#8229 = VECTOR('',#8230,1.);
#8230 = DIRECTION('',(0.,1.));
#8231 = ( GEOMETRIC_REPRESENTATION_CONTEXT(2) 
PARAMETRIC_REPRESENTATION_CONTEXT() REPRESENTATION_CONTEXT('2D SPACE',''
  ) );
#8232 = PCURVE('',#8193,#8233);
#8233 = DEFINITIONAL_REPRESENTATION('',(#8234),#8238);
#8234 = LINE('',#8235,#8236);
#8235 = CARTESIAN_POINT('',(0.,-0.));
#8236 = VECTOR('',#8237,1.);
#8237 = DIRECTION('',(0.,1.));
#8238 = ( GEOMETRIC_REPRESENTATION_CONTEXT(2) 
PARAMETRIC_REPRESENTATION_CONTEXT() REPRESENTATION_CONTEXT('2D SPACE',''
  ) );
#8239 = ORIENTED_EDGE('',*,*,#8240,.T.);
#8240 = EDGE_CURVE('',#8218,#8218,#8241,.T.);
#8241 = SURFACE_CURVE('',#8242,(#8247,#8254),.PCURVE_S1.);
#8242 = CIRCLE('',#8243,1.65);
#8243 = AXIS2_PLACEMENT_3D('',#8244,#8245,#8246);
#8244 = CARTESIAN_POINT('',(4.329E+03,-12.12435565298,957.));
#8245 = DIRECTION('',(0.,-0.866025403784,0.5));
#8246 = DIRECTION('',(0.,-0.5,-0.866025403784));
#8247 = PCURVE('',#8193,#8248);
#8248 = DEFINITIONAL_REPRESENTATION('',(#8249),#8253);
#8249 = LINE('',#8250,#8251);
#8250 = CARTESIAN_POINT('',(0.,0.));
#8251 = VECTOR('',#8252,1.);
#8252 = DIRECTION('',(1.,0.));
#8253 = ( GEOMETRIC_REPRESENTATION_CONTEXT(2) 
PARAMETRIC_REPRESENTATION_CONTEXT() REPRESENTATION_CONTEXT('2D SPACE',''
  ) );
#8254 = PCURVE('',#8255,#8260);
#8255 = PLANE('',#8256);
#8256 = AXIS2_PLACEMENT_3D('',#8257,#8258,#8259);
#8257 = CARTESIAN_POINT('',(4.329E+03,-12.12435565298,957.));
#8258 = DIRECTION('',(0.,-0.866025403784,0.5));
#8259 = DIRECTION('',(0.,-0.5,-0.866025403784));
#8260 = DEFINITIONAL_REPRESENTATION('',(#8261),#8265);
#8261 = CIRCLE('',#8262,1.65);
#8262 = AXIS2_PLACEMENT_2D('',#8263,#8264);
#8263 = CARTESIAN_POINT('',(0.,0.));
#8264 = DIRECTION('',(1.,0.));
#8265 = ( GEOMETRIC_REPRESENTATION_CONTEXT(2) 
PARAMETRIC_REPRESENTATION_CONTEXT() REPRESENTATION_CONTEXT('2D SPACE',''
  ) );
#8266 = ORIENTED_EDGE('',*,*,#8217,.T.);
#8267 = ADVANCED_FACE('',(#8268),#8205,.T.);
#8268 = FACE_BOUND('',#8269,.T.);
#8269 = EDGE_LOOP('',(#8270));
#8270 = ORIENTED_EDGE('',*,*,#8183,.T.);
#8271 = ADVANCED_FACE('',(#8272),#8255,.F.);
#8272 = FACE_BOUND('',#8273,.T.);
#8273 = EDGE_LOOP('',(#8274));
#8274 = ORIENTED_EDGE('',*,*,#8240,.F.);
#8275 = MANIFOLD_SOLID_BREP('',#8276);
#8276 = CLOSED_SHELL('',(#8277,#8365,#8369));
#8277 = ADVANCED_FACE('',(#8278),#8291,.T.);
#8278 = FACE_BOUND('',#8279,.T.);
#8279 = EDGE_LOOP('',(#8280,#8314,#8337,#8364));
#8280 = ORIENTED_EDGE('',*,*,#8281,.F.);
#8281 = EDGE_CURVE('',#8282,#8282,#8284,.T.);
#8282 = VERTEX_POINT('',#8283);
#8283 = CARTESIAN_POINT('',(4.329E+03,-1.65,926.3));
#8284 = SURFACE_CURVE('',#8285,(#8290,#8302),.PCURVE_S1.);
#8285 = CIRCLE('',#8286,1.65);
#8286 = AXIS2_PLACEMENT_3D('',#8287,#8288,#8289);
#8287 = CARTESIAN_POINT('',(4.329E+03,-4.353619370969E-15,926.3));
#8288 = DIRECTION('',(0.,-1.836970198721E-16,-1.));
#8289 = DIRECTION('',(0.,-1.,1.836970198721E-16));
#8290 = PCURVE('',#8291,#8296);
#8291 = CYLINDRICAL_SURFACE('',#8292,1.65);
#8292 = AXIS2_PLACEMENT_3D('',#8293,#8294,#8295);
#8293 = CARTESIAN_POINT('',(4.329E+03,-2.571758278209E-15,936.));
#8294 = DIRECTION('',(0.,-1.836970198721E-16,-1.));
#8295 = DIRECTION('',(0.,-1.,1.836970198721E-16));
#8296 = DEFINITIONAL_REPRESENTATION('',(#8297),#8301);
#8297 = LINE('',#8298,#8299);
#8298 = CARTESIAN_POINT('',(0.,9.7));
#8299 = VECTOR('',#8300,1.);
#8300 = DIRECTION('',(1.,0.));
#8301 = ( GEOMETRIC_REPRESENTATION_CONTEXT(2) 
PARAMETRIC_REPRESENTATION_CONTEXT() REPRESENTATION_CONTEXT('2D SPACE',''
  ) );
#8302 = PCURVE('',#8303,#8308);
#8303 = PLANE('',#8304);
#8304 = AXIS2_PLACEMENT_3D('',#8305,#8306,#8307);
#8305 = CARTESIAN_POINT('',(4.329E+03,-4.353619370969E-15,926.3));
#8306 = DIRECTION('',(0.,-1.836970198721E-16,-1.));
#8307 = DIRECTION('',(0.,-1.,1.836970198721E-16));
#8308 = DEFINITIONAL_REPRESENTATION('',(#8309),#8313);
#8309 = CIRCLE('',#8310,1.65);
#8310 = AXIS2_PLACEMENT_2D('',#8311,#8312);
#8311 = CARTESIAN_POINT('',(0.,0.));
#8312 = DIRECTION('',(1.,0.));
#8313 = ( GEOMETRIC_REPRESENTATION_CONTEXT(2) 
PARAMETRIC_REPRESENTATION_CONTEXT() REPRESENTATION_CONTEXT('2D SPACE',''
  ) );
#8314 = ORIENTED_EDGE('',*,*,#8315,.F.);
#8315 = EDGE_CURVE('',#8316,#8282,#8318,.T.);
#8316 = VERTEX_POINT('',#8317);
#8317 = CARTESIAN_POINT('',(4.329E+03,-1.65,936.));
#8318 = SEAM_CURVE('',#8319,(#8323,#8330),.PCURVE_S1.);
#8319 = LINE('',#8320,#8321);
#8320 = CARTESIAN_POINT('',(4.329E+03,-1.65,936.));
#8321 = VECTOR('',#8322,1.);
#8322 = DIRECTION('',(0.,-1.836970198721E-16,-1.));
#8323 = PCURVE('',#8291,#8324);
#8324 = DEFINITIONAL_REPRESENTATION('',(#8325),#8329);
#8325 = LINE('',#8326,#8327);
#8326 = CARTESIAN_POINT('',(6.28318530718,-0.));
#8327 = VECTOR('',#8328,1.);
#8328 = DIRECTION('',(0.,1.));
#8329 = ( GEOMETRIC_REPRESENTATION_CONTEXT(2) 
PARAMETRIC_REPRESENTATION_CONTEXT() REPRESENTATION_CONTEXT('2D SPACE',''
  ) );
#8330 = PCURVE('',#8291,#8331);
#8331 = DEFINITIONAL_REPRESENTATION('',(#8332),#8336);
#8332 = LINE('',#8333,#8334);
#8333 = CARTESIAN_POINT('',(0.,-0.));
#8334 = VECTOR('',#8335,1.);
#8335 = DIRECTION('',(0.,1.));
#8336 = ( GEOMETRIC_REPRESENTATION_CONTEXT(2) 
PARAMETRIC_REPRESENTATION_CONTEXT() REPRESENTATION_CONTEXT('2D SPACE',''
  ) );
#8337 = ORIENTED_EDGE('',*,*,#8338,.T.);
#8338 = EDGE_CURVE('',#8316,#8316,#8339,.T.);
#8339 = SURFACE_CURVE('',#8340,(#8345,#8352),.PCURVE_S1.);
#8340 = CIRCLE('',#8341,1.65);
#8341 = AXIS2_PLACEMENT_3D('',#8342,#8343,#8344);
#8342 = CARTESIAN_POINT('',(4.329E+03,-2.571758278209E-15,936.));
#8343 = DIRECTION('',(0.,-1.836970198721E-16,-1.));
#8344 = DIRECTION('',(0.,-1.,1.836970198721E-16));
#8345 = PCURVE('',#8291,#8346);
#8346 = DEFINITIONAL_REPRESENTATION('',(#8347),#8351);
#8347 = LINE('',#8348,#8349);
#8348 = CARTESIAN_POINT('',(0.,0.));
#8349 = VECTOR('',#8350,1.);
#8350 = DIRECTION('',(1.,0.));
#8351 = ( GEOMETRIC_REPRESENTATION_CONTEXT(2) 
PARAMETRIC_REPRESENTATION_CONTEXT() REPRESENTATION_CONTEXT('2D SPACE',''
  ) );
#8352 = PCURVE('',#8353,#8358);
#8353 = PLANE('',#8354);
#8354 = AXIS2_PLACEMENT_3D('',#8355,#8356,#8357);
#8355 = CARTESIAN_POINT('',(4.329E+03,-2.571758278209E-15,936.));
#8356 = DIRECTION('',(0.,-1.836970198721E-16,-1.));
#8357 = DIRECTION('',(0.,-1.,1.836970198721E-16));
#8358 = DEFINITIONAL_REPRESENTATION('',(#8359),#8363);
#8359 = CIRCLE('',#8360,1.65);
#8360 = AXIS2_PLACEMENT_2D('',#8361,#8362);
#8361 = CARTESIAN_POINT('',(0.,0.));
#8362 = DIRECTION('',(1.,0.));
#8363 = ( GEOMETRIC_REPRESENTATION_CONTEXT(2) 
PARAMETRIC_REPRESENTATION_CONTEXT() REPRESENTATION_CONTEXT('2D SPACE',''
  ) );
#8364 = ORIENTED_EDGE('',*,*,#8315,.T.);
#8365 = ADVANCED_FACE('',(#8366),#8303,.T.);
#8366 = FACE_BOUND('',#8367,.T.);
#8367 = EDGE_LOOP('',(#8368));
#8368 = ORIENTED_EDGE('',*,*,#8281,.T.);
#8369 = ADVANCED_FACE('',(#8370),#8353,.F.);
#8370 = FACE_BOUND('',#8371,.T.);
#8371 = EDGE_LOOP('',(#8372));
#8372 = ORIENTED_EDGE('',*,*,#8338,.F.);
#8373 = MANIFOLD_SOLID_BREP('',#8374);
#8374 = CLOSED_SHELL('',(#8375,#8463,#8467));
#8375 = ADVANCED_FACE('',(#8376),#8389,.T.);
#8376 = FACE_BOUND('',#8377,.T.);
#8377 = EDGE_LOOP('',(#8378,#8412,#8435,#8462));
#8378 = ORIENTED_EDGE('',*,*,#8379,.F.);
#8379 = EDGE_CURVE('',#8380,#8380,#8382,.T.);
#8380 = VERTEX_POINT('',#8381);
#8381 = CARTESIAN_POINT('',(4.395E+03,-3.551475717527E-15,929.));
#8382 = SURFACE_CURVE('',#8383,(#8388,#8400),.PCURVE_S1.);
#8383 = CIRCLE('',#8384,14.5);
#8384 = AXIS2_PLACEMENT_3D('',#8385,#8386,#8387);
#8385 = CARTESIAN_POINT('',(4.395E+03,0.,943.5));
#8386 = DIRECTION('',(1.,-0.,2.22044604925E-16));
#8387 = DIRECTION('',(2.22044604925E-16,0.,-1.));
#8388 = PCURVE('',#8389,#8394);
#8389 = CYLINDRICAL_SURFACE('',#8390,14.5);
#8390 = AXIS2_PLACEMENT_3D('',#8391,#8392,#8393);
#8391 = CARTESIAN_POINT('',(4.34E+03,0.,943.5));
#8392 = DIRECTION('',(1.,0.,2.22044604925E-16));
#8393 = DIRECTION('',(2.22044604925E-16,0.,-1.));
#8394 = DEFINITIONAL_REPRESENTATION('',(#8395),#8399);
#8395 = LINE('',#8396,#8397);
#8396 = CARTESIAN_POINT('',(0.,55.));
#8397 = VECTOR('',#8398,1.);
#8398 = DIRECTION('',(1.,0.));
#8399 = ( GEOMETRIC_REPRESENTATION_CONTEXT(2) 
PARAMETRIC_REPRESENTATION_CONTEXT() REPRESENTATION_CONTEXT('2D SPACE',''
  ) );
#8400 = PCURVE('',#8401,#8406);
#8401 = PLANE('',#8402);
#8402 = AXIS2_PLACEMENT_3D('',#8403,#8404,#8405);
#8403 = CARTESIAN_POINT('',(4.395E+03,0.,943.5));
#8404 = DIRECTION('',(1.,0.,2.22044604925E-16));
#8405 = DIRECTION('',(2.22044604925E-16,0.,-1.));
#8406 = DEFINITIONAL_REPRESENTATION('',(#8407),#8411);
#8407 = CIRCLE('',#8408,14.5);
#8408 = AXIS2_PLACEMENT_2D('',#8409,#8410);
#8409 = CARTESIAN_POINT('',(0.,0.));
#8410 = DIRECTION('',(1.,0.));
#8411 = ( GEOMETRIC_REPRESENTATION_CONTEXT(2) 
PARAMETRIC_REPRESENTATION_CONTEXT() REPRESENTATION_CONTEXT('2D SPACE',''
  ) );
#8412 = ORIENTED_EDGE('',*,*,#8413,.F.);
#8413 = EDGE_CURVE('',#8414,#8380,#8416,.T.);
#8414 = VERTEX_POINT('',#8415);
#8415 = CARTESIAN_POINT('',(4.34E+03,-3.551475717527E-15,929.));
#8416 = SEAM_CURVE('',#8417,(#8421,#8428),.PCURVE_S1.);
#8417 = LINE('',#8418,#8419);
#8418 = CARTESIAN_POINT('',(4.34E+03,-3.551475717527E-15,929.));
#8419 = VECTOR('',#8420,1.);
#8420 = DIRECTION('',(1.,0.,2.22044604925E-16));
#8421 = PCURVE('',#8389,#8422);
#8422 = DEFINITIONAL_REPRESENTATION('',(#8423),#8427);
#8423 = LINE('',#8424,#8425);
#8424 = CARTESIAN_POINT('',(6.28318530718,-0.));
#8425 = VECTOR('',#8426,1.);
#8426 = DIRECTION('',(0.,1.));
#8427 = ( GEOMETRIC_REPRESENTATION_CONTEXT(2) 
PARAMETRIC_REPRESENTATION_CONTEXT() REPRESENTATION_CONTEXT('2D SPACE',''
  ) );
#8428 = PCURVE('',#8389,#8429);
#8429 = DEFINITIONAL_REPRESENTATION('',(#8430),#8434);
#8430 = LINE('',#8431,#8432);
#8431 = CARTESIAN_POINT('',(0.,-0.));
#8432 = VECTOR('',#8433,1.);
#8433 = DIRECTION('',(0.,1.));
#8434 = ( GEOMETRIC_REPRESENTATION_CONTEXT(2) 
PARAMETRIC_REPRESENTATION_CONTEXT() REPRESENTATION_CONTEXT('2D SPACE',''
  ) );
#8435 = ORIENTED_EDGE('',*,*,#8436,.T.);
#8436 = EDGE_CURVE('',#8414,#8414,#8437,.T.);
#8437 = SURFACE_CURVE('',#8438,(#8443,#8450),.PCURVE_S1.);
#8438 = CIRCLE('',#8439,14.5);
#8439 = AXIS2_PLACEMENT_3D('',#8440,#8441,#8442);
#8440 = CARTESIAN_POINT('',(4.34E+03,0.,943.5));
#8441 = DIRECTION('',(1.,-0.,2.22044604925E-16));
#8442 = DIRECTION('',(2.22044604925E-16,0.,-1.));
#8443 = PCURVE('',#8389,#8444);
#8444 = DEFINITIONAL_REPRESENTATION('',(#8445),#8449);
#8445 = LINE('',#8446,#8447);
#8446 = CARTESIAN_POINT('',(0.,0.));
#8447 = VECTOR('',#8448,1.);
#8448 = DIRECTION('',(1.,0.));
#8449 = ( GEOMETRIC_REPRESENTATION_CONTEXT(2) 
PARAMETRIC_REPRESENTATION_CONTEXT() REPRESENTATION_CONTEXT('2D SPACE',''
  ) );
#8450 = PCURVE('',#8451,#8456);
#8451 = PLANE('',#8452);
#8452 = AXIS2_PLACEMENT_3D('',#8453,#8454,#8455);
#8453 = CARTESIAN_POINT('',(4.34E+03,0.,943.5));
#8454 = DIRECTION('',(1.,0.,2.22044604925E-16));
#8455 = DIRECTION('',(2.22044604925E-16,0.,-1.));
#8456 = DEFINITIONAL_REPRESENTATION('',(#8457),#8461);
#8457 = CIRCLE('',#8458,14.5);
#8458 = AXIS2_PLACEMENT_2D('',#8459,#8460);
#8459 = CARTESIAN_POINT('',(0.,0.));
#8460 = DIRECTION('',(1.,0.));
#8461 = ( GEOMETRIC_REPRESENTATION_CONTEXT(2) 
PARAMETRIC_REPRESENTATION_CONTEXT() REPRESENTATION_CONTEXT('2D SPACE',''
  ) );
#8462 = ORIENTED_EDGE('',*,*,#8413,.T.);
#8463 = ADVANCED_FACE('',(#8464),#8401,.T.);
#8464 = FACE_BOUND('',#8465,.T.);
#8465 = EDGE_LOOP('',(#8466));
#8466 = ORIENTED_EDGE('',*,*,#8379,.T.);
#8467 = ADVANCED_FACE('',(#8468),#8451,.F.);
#8468 = FACE_BOUND('',#8469,.T.);
#8469 = EDGE_LOOP('',(#8470));
#8470 = ORIENTED_EDGE('',*,*,#8436,.F.);
#8471 = MANIFOLD_SOLID_BREP('',#8472);
#8472 = CLOSED_SHELL('',(#8473,#8561,#8596,#8626));
#8473 = ADVANCED_FACE('',(#8474),#8487,.T.);
#8474 = FACE_BOUND('',#8475,.T.);
#8475 = EDGE_LOOP('',(#8476,#8510,#8533,#8560));
#8476 = ORIENTED_EDGE('',*,*,#8477,.F.);
#8477 = EDGE_CURVE('',#8478,#8478,#8480,.T.);
#8478 = VERTEX_POINT('',#8479);
#8479 = CARTESIAN_POINT('',(4.34E+03,-3.551475717527E-15,929.));
#8480 = SURFACE_CURVE('',#8481,(#8486,#8498),.PCURVE_S1.);
#8481 = CIRCLE('',#8482,14.5);
#8482 = AXIS2_PLACEMENT_3D('',#8483,#8484,#8485);
#8483 = CARTESIAN_POINT('',(4.34E+03,0.,943.5));
#8484 = DIRECTION('',(1.,-0.,2.22044604925E-16));
#8485 = DIRECTION('',(2.22044604925E-16,0.,-1.));
#8486 = PCURVE('',#8487,#8492);
#8487 = CYLINDRICAL_SURFACE('',#8488,14.5);
#8488 = AXIS2_PLACEMENT_3D('',#8489,#8490,#8491);
#8489 = CARTESIAN_POINT('',(4.335E+03,0.,943.5));
#8490 = DIRECTION('',(1.,0.,2.22044604925E-16));
#8491 = DIRECTION('',(2.22044604925E-16,0.,-1.));
#8492 = DEFINITIONAL_REPRESENTATION('',(#8493),#8497);
#8493 = LINE('',#8494,#8495);
#8494 = CARTESIAN_POINT('',(0.,5.));
#8495 = VECTOR('',#8496,1.);
#8496 = DIRECTION('',(1.,0.));
#8497 = ( GEOMETRIC_REPRESENTATION_CONTEXT(2) 
PARAMETRIC_REPRESENTATION_CONTEXT() REPRESENTATION_CONTEXT('2D SPACE',''
  ) );
#8498 = PCURVE('',#8499,#8504);
#8499 = PLANE('',#8500);
#8500 = AXIS2_PLACEMENT_3D('',#8501,#8502,#8503);
#8501 = CARTESIAN_POINT('',(4.34E+03,0.,943.5));
#8502 = DIRECTION('',(1.,0.,2.22044604925E-16));
#8503 = DIRECTION('',(2.22044604925E-16,0.,-1.));
#8504 = DEFINITIONAL_REPRESENTATION('',(#8505),#8509);
#8505 = CIRCLE('',#8506,14.5);
#8506 = AXIS2_PLACEMENT_2D('',#8507,#8508);
#8507 = CARTESIAN_POINT('',(0.,0.));
#8508 = DIRECTION('',(1.,0.));
#8509 = ( GEOMETRIC_REPRESENTATION_CONTEXT(2) 
PARAMETRIC_REPRESENTATION_CONTEXT() REPRESENTATION_CONTEXT('2D SPACE',''
  ) );
#8510 = ORIENTED_EDGE('',*,*,#8511,.F.);
#8511 = EDGE_CURVE('',#8512,#8478,#8514,.T.);
#8512 = VERTEX_POINT('',#8513);
#8513 = CARTESIAN_POINT('',(4.335E+03,-3.551475717527E-15,929.));
#8514 = SEAM_CURVE('',#8515,(#8519,#8526),.PCURVE_S1.);
#8515 = LINE('',#8516,#8517);
#8516 = CARTESIAN_POINT('',(4.335E+03,-3.551475717527E-15,929.));
#8517 = VECTOR('',#8518,1.);
#8518 = DIRECTION('',(1.,0.,2.22044604925E-16));
#8519 = PCURVE('',#8487,#8520);
#8520 = DEFINITIONAL_REPRESENTATION('',(#8521),#8525);
#8521 = LINE('',#8522,#8523);
#8522 = CARTESIAN_POINT('',(6.28318530718,-0.));
#8523 = VECTOR('',#8524,1.);
#8524 = DIRECTION('',(0.,1.));
#8525 = ( GEOMETRIC_REPRESENTATION_CONTEXT(2) 
PARAMETRIC_REPRESENTATION_CONTEXT() REPRESENTATION_CONTEXT('2D SPACE',''
  ) );
#8526 = PCURVE('',#8487,#8527);
#8527 = DEFINITIONAL_REPRESENTATION('',(#8528),#8532);
#8528 = LINE('',#8529,#8530);
#8529 = CARTESIAN_POINT('',(0.,-0.));
#8530 = VECTOR('',#8531,1.);
#8531 = DIRECTION('',(0.,1.));
#8532 = ( GEOMETRIC_REPRESENTATION_CONTEXT(2) 
PARAMETRIC_REPRESENTATION_CONTEXT() REPRESENTATION_CONTEXT('2D SPACE',''
  ) );
#8533 = ORIENTED_EDGE('',*,*,#8534,.T.);
#8534 = EDGE_CURVE('',#8512,#8512,#8535,.T.);
#8535 = SURFACE_CURVE('',#8536,(#8541,#8548),.PCURVE_S1.);
#8536 = CIRCLE('',#8537,14.5);
#8537 = AXIS2_PLACEMENT_3D('',#8538,#8539,#8540);
#8538 = CARTESIAN_POINT('',(4.335E+03,0.,943.5));
#8539 = DIRECTION('',(1.,-0.,2.22044604925E-16));
#8540 = DIRECTION('',(2.22044604925E-16,0.,-1.));
#8541 = PCURVE('',#8487,#8542);
#8542 = DEFINITIONAL_REPRESENTATION('',(#8543),#8547);
#8543 = LINE('',#8544,#8545);
#8544 = CARTESIAN_POINT('',(0.,0.));
#8545 = VECTOR('',#8546,1.);
#8546 = DIRECTION('',(1.,0.));
#8547 = ( GEOMETRIC_REPRESENTATION_CONTEXT(2) 
PARAMETRIC_REPRESENTATION_CONTEXT() REPRESENTATION_CONTEXT('2D SPACE',''
  ) );
#8548 = PCURVE('',#8549,#8554);
#8549 = PLANE('',#8550);
#8550 = AXIS2_PLACEMENT_3D('',#8551,#8552,#8553);
#8551 = CARTESIAN_POINT('',(4.335E+03,0.,943.5));
#8552 = DIRECTION('',(1.,0.,2.22044604925E-16));
#8553 = DIRECTION('',(2.22044604925E-16,0.,-1.));
#8554 = DEFINITIONAL_REPRESENTATION('',(#8555),#8559);
#8555 = CIRCLE('',#8556,14.5);
#8556 = AXIS2_PLACEMENT_2D('',#8557,#8558);
#8557 = CARTESIAN_POINT('',(0.,0.));
#8558 = DIRECTION('',(1.,0.));
#8559 = ( GEOMETRIC_REPRESENTATION_CONTEXT(2) 
PARAMETRIC_REPRESENTATION_CONTEXT() REPRESENTATION_CONTEXT('2D SPACE',''
  ) );
#8560 = ORIENTED_EDGE('',*,*,#8511,.T.);
#8561 = ADVANCED_FACE('',(#8562,#8565),#8499,.T.);
#8562 = FACE_BOUND('',#8563,.T.);
#8563 = EDGE_LOOP('',(#8564));
#8564 = ORIENTED_EDGE('',*,*,#8477,.T.);
#8565 = FACE_BOUND('',#8566,.T.);
#8566 = EDGE_LOOP('',(#8567));
#8567 = ORIENTED_EDGE('',*,*,#8568,.F.);
#8568 = EDGE_CURVE('',#8569,#8569,#8571,.T.);
#8569 = VERTEX_POINT('',#8570);
#8570 = CARTESIAN_POINT('',(4.34E+03,-7.347880794884E-16,940.5));
#8571 = SURFACE_CURVE('',#8572,(#8577,#8584),.PCURVE_S1.);
#8572 = CIRCLE('',#8573,3.);
#8573 = AXIS2_PLACEMENT_3D('',#8574,#8575,#8576);
#8574 = CARTESIAN_POINT('',(4.34E+03,0.,943.5));
#8575 = DIRECTION('',(1.,0.,2.22044604925E-16));
#8576 = DIRECTION('',(2.22044604925E-16,0.,-1.));
#8577 = PCURVE('',#8499,#8578);
#8578 = DEFINITIONAL_REPRESENTATION('',(#8579),#8583);
#8579 = CIRCLE('',#8580,3.);
#8580 = AXIS2_PLACEMENT_2D('',#8581,#8582);
#8581 = CARTESIAN_POINT('',(0.,0.));
#8582 = DIRECTION('',(1.,0.));
#8583 = ( GEOMETRIC_REPRESENTATION_CONTEXT(2) 
PARAMETRIC_REPRESENTATION_CONTEXT() REPRESENTATION_CONTEXT('2D SPACE',''
  ) );
#8584 = PCURVE('',#8585,#8590);
#8585 = CYLINDRICAL_SURFACE('',#8586,3.);
#8586 = AXIS2_PLACEMENT_3D('',#8587,#8588,#8589);
#8587 = CARTESIAN_POINT('',(4.334E+03,0.,943.5));
#8588 = DIRECTION('',(1.,0.,2.22044604925E-16));
#8589 = DIRECTION('',(2.22044604925E-16,0.,-1.));
#8590 = DEFINITIONAL_REPRESENTATION('',(#8591),#8595);
#8591 = LINE('',#8592,#8593);
#8592 = CARTESIAN_POINT('',(0.,6.));
#8593 = VECTOR('',#8594,1.);
#8594 = DIRECTION('',(1.,0.));
#8595 = ( GEOMETRIC_REPRESENTATION_CONTEXT(2) 
PARAMETRIC_REPRESENTATION_CONTEXT() REPRESENTATION_CONTEXT('2D SPACE',''
  ) );
#8596 = ADVANCED_FACE('',(#8597,#8600),#8549,.F.);
#8597 = FACE_BOUND('',#8598,.F.);
#8598 = EDGE_LOOP('',(#8599));
#8599 = ORIENTED_EDGE('',*,*,#8534,.T.);
#8600 = FACE_BOUND('',#8601,.F.);
#8601 = EDGE_LOOP('',(#8602));
#8602 = ORIENTED_EDGE('',*,*,#8603,.F.);
#8603 = EDGE_CURVE('',#8604,#8604,#8606,.T.);
#8604 = VERTEX_POINT('',#8605);
#8605 = CARTESIAN_POINT('',(4.335E+03,-7.347880794884E-16,940.5));
#8606 = SURFACE_CURVE('',#8607,(#8612,#8619),.PCURVE_S1.);
#8607 = CIRCLE('',#8608,3.);
#8608 = AXIS2_PLACEMENT_3D('',#8609,#8610,#8611);
#8609 = CARTESIAN_POINT('',(4.335E+03,0.,943.5));
#8610 = DIRECTION('',(1.,0.,2.22044604925E-16));
#8611 = DIRECTION('',(2.22044604925E-16,0.,-1.));
#8612 = PCURVE('',#8549,#8613);
#8613 = DEFINITIONAL_REPRESENTATION('',(#8614),#8618);
#8614 = CIRCLE('',#8615,3.);
#8615 = AXIS2_PLACEMENT_2D('',#8616,#8617);
#8616 = CARTESIAN_POINT('',(0.,0.));
#8617 = DIRECTION('',(1.,0.));
#8618 = ( GEOMETRIC_REPRESENTATION_CONTEXT(2) 
PARAMETRIC_REPRESENTATION_CONTEXT() REPRESENTATION_CONTEXT('2D SPACE',''
  ) );
#8619 = PCURVE('',#8585,#8620);
#8620 = DEFINITIONAL_REPRESENTATION('',(#8621),#8625);
#8621 = LINE('',#8622,#8623);
#8622 = CARTESIAN_POINT('',(0.,1.));
#8623 = VECTOR('',#8624,1.);
#8624 = DIRECTION('',(1.,0.));
#8625 = ( GEOMETRIC_REPRESENTATION_CONTEXT(2) 
PARAMETRIC_REPRESENTATION_CONTEXT() REPRESENTATION_CONTEXT('2D SPACE',''
  ) );
#8626 = ADVANCED_FACE('',(#8627),#8585,.F.);
#8627 = FACE_BOUND('',#8628,.F.);
#8628 = EDGE_LOOP('',(#8629,#8630,#8651,#8652));
#8629 = ORIENTED_EDGE('',*,*,#8568,.F.);
#8630 = ORIENTED_EDGE('',*,*,#8631,.F.);
#8631 = EDGE_CURVE('',#8604,#8569,#8632,.T.);
#8632 = SEAM_CURVE('',#8633,(#8637,#8644),.PCURVE_S1.);
#8633 = LINE('',#8634,#8635);
#8634 = CARTESIAN_POINT('',(4.334E+03,-7.347880794884E-16,940.5));
#8635 = VECTOR('',#8636,1.);
#8636 = DIRECTION('',(1.,0.,2.22044604925E-16));
#8637 = PCURVE('',#8585,#8638);
#8638 = DEFINITIONAL_REPRESENTATION('',(#8639),#8643);
#8639 = LINE('',#8640,#8641);
#8640 = CARTESIAN_POINT('',(6.28318530718,-0.));
#8641 = VECTOR('',#8642,1.);
#8642 = DIRECTION('',(0.,1.));
#8643 = ( GEOMETRIC_REPRESENTATION_CONTEXT(2) 
PARAMETRIC_REPRESENTATION_CONTEXT() REPRESENTATION_CONTEXT('2D SPACE',''
  ) );
#8644 = PCURVE('',#8585,#8645);
#8645 = DEFINITIONAL_REPRESENTATION('',(#8646),#8650);
#8646 = LINE('',#8647,#8648);
#8647 = CARTESIAN_POINT('',(0.,-0.));
#8648 = VECTOR('',#8649,1.);
#8649 = DIRECTION('',(0.,1.));
#8650 = ( GEOMETRIC_REPRESENTATION_CONTEXT(2) 
PARAMETRIC_REPRESENTATION_CONTEXT() REPRESENTATION_CONTEXT('2D SPACE',''
  ) );
#8651 = ORIENTED_EDGE('',*,*,#8603,.T.);
#8652 = ORIENTED_EDGE('',*,*,#8631,.T.);
#8653 = MANIFOLD_SOLID_BREP('',#8654);
#8654 = CLOSED_SHELL('',(#8655,#8743,#8778,#8808));
#8655 = ADVANCED_FACE('',(#8656),#8669,.T.);
#8656 = FACE_BOUND('',#8657,.T.);
#8657 = EDGE_LOOP('',(#8658,#8692,#8715,#8742));
#8658 = ORIENTED_EDGE('',*,*,#8659,.F.);
#8659 = EDGE_CURVE('',#8660,#8660,#8662,.T.);
#8660 = VERTEX_POINT('',#8661);
#8661 = CARTESIAN_POINT('',(4.335E+03,-1.714505518806E-15,936.5));
#8662 = SURFACE_CURVE('',#8663,(#8668,#8680),.PCURVE_S1.);
#8663 = CIRCLE('',#8664,7.);
#8664 = AXIS2_PLACEMENT_3D('',#8665,#8666,#8667);
#8665 = CARTESIAN_POINT('',(4.335E+03,0.,943.5));
#8666 = DIRECTION('',(1.,-0.,2.22044604925E-16));
#8667 = DIRECTION('',(2.22044604925E-16,0.,-1.));
#8668 = PCURVE('',#8669,#8674);
#8669 = CYLINDRICAL_SURFACE('',#8670,7.);
#8670 = AXIS2_PLACEMENT_3D('',#8671,#8672,#8673);
#8671 = CARTESIAN_POINT('',(4.327E+03,0.,943.5));
#8672 = DIRECTION('',(1.,0.,2.22044604925E-16));
#8673 = DIRECTION('',(2.22044604925E-16,0.,-1.));
#8674 = DEFINITIONAL_REPRESENTATION('',(#8675),#8679);
#8675 = LINE('',#8676,#8677);
#8676 = CARTESIAN_POINT('',(0.,8.));
#8677 = VECTOR('',#8678,1.);
#8678 = DIRECTION('',(1.,0.));
#8679 = ( GEOMETRIC_REPRESENTATION_CONTEXT(2) 
PARAMETRIC_REPRESENTATION_CONTEXT() REPRESENTATION_CONTEXT('2D SPACE',''
  ) );
#8680 = PCURVE('',#8681,#8686);
#8681 = PLANE('',#8682);
#8682 = AXIS2_PLACEMENT_3D('',#8683,#8684,#8685);
#8683 = CARTESIAN_POINT('',(4.335E+03,0.,943.5));
#8684 = DIRECTION('',(1.,0.,2.22044604925E-16));
#8685 = DIRECTION('',(2.22044604925E-16,0.,-1.));
#8686 = DEFINITIONAL_REPRESENTATION('',(#8687),#8691);
#8687 = CIRCLE('',#8688,7.);
#8688 = AXIS2_PLACEMENT_2D('',#8689,#8690);
#8689 = CARTESIAN_POINT('',(0.,0.));
#8690 = DIRECTION('',(1.,0.));
#8691 = ( GEOMETRIC_REPRESENTATION_CONTEXT(2) 
PARAMETRIC_REPRESENTATION_CONTEXT() REPRESENTATION_CONTEXT('2D SPACE',''
  ) );
#8692 = ORIENTED_EDGE('',*,*,#8693,.F.);
#8693 = EDGE_CURVE('',#8694,#8660,#8696,.T.);
#8694 = VERTEX_POINT('',#8695);
#8695 = CARTESIAN_POINT('',(4.327E+03,-1.714505518806E-15,936.5));
#8696 = SEAM_CURVE('',#8697,(#8701,#8708),.PCURVE_S1.);
#8697 = LINE('',#8698,#8699);
#8698 = CARTESIAN_POINT('',(4.327E+03,-1.714505518806E-15,936.5));
#8699 = VECTOR('',#8700,1.);
#8700 = DIRECTION('',(1.,0.,2.22044604925E-16));
#8701 = PCURVE('',#8669,#8702);
#8702 = DEFINITIONAL_REPRESENTATION('',(#8703),#8707);
#8703 = LINE('',#8704,#8705);
#8704 = CARTESIAN_POINT('',(6.28318530718,-0.));
#8705 = VECTOR('',#8706,1.);
#8706 = DIRECTION('',(0.,1.));
#8707 = ( GEOMETRIC_REPRESENTATION_CONTEXT(2) 
PARAMETRIC_REPRESENTATION_CONTEXT() REPRESENTATION_CONTEXT('2D SPACE',''
  ) );
#8708 = PCURVE('',#8669,#8709);
#8709 = DEFINITIONAL_REPRESENTATION('',(#8710),#8714);
#8710 = LINE('',#8711,#8712);
#8711 = CARTESIAN_POINT('',(0.,-0.));
#8712 = VECTOR('',#8713,1.);
#8713 = DIRECTION('',(0.,1.));
#8714 = ( GEOMETRIC_REPRESENTATION_CONTEXT(2) 
PARAMETRIC_REPRESENTATION_CONTEXT() REPRESENTATION_CONTEXT('2D SPACE',''
  ) );
#8715 = ORIENTED_EDGE('',*,*,#8716,.T.);
#8716 = EDGE_CURVE('',#8694,#8694,#8717,.T.);
#8717 = SURFACE_CURVE('',#8718,(#8723,#8730),.PCURVE_S1.);
#8718 = CIRCLE('',#8719,7.);
#8719 = AXIS2_PLACEMENT_3D('',#8720,#8721,#8722);
#8720 = CARTESIAN_POINT('',(4.327E+03,0.,943.5));
#8721 = DIRECTION('',(1.,-0.,2.22044604925E-16));
#8722 = DIRECTION('',(2.22044604925E-16,0.,-1.));
#8723 = PCURVE('',#8669,#8724);
#8724 = DEFINITIONAL_REPRESENTATION('',(#8725),#8729);
#8725 = LINE('',#8726,#8727);
#8726 = CARTESIAN_POINT('',(0.,0.));
#8727 = VECTOR('',#8728,1.);
#8728 = DIRECTION('',(1.,0.));
#8729 = ( GEOMETRIC_REPRESENTATION_CONTEXT(2) 
PARAMETRIC_REPRESENTATION_CONTEXT() REPRESENTATION_CONTEXT('2D SPACE',''
  ) );
#8730 = PCURVE('',#8731,#8736);
#8731 = PLANE('',#8732);
#8732 = AXIS2_PLACEMENT_3D('',#8733,#8734,#8735);
#8733 = CARTESIAN_POINT('',(4.327E+03,0.,943.5));
#8734 = DIRECTION('',(1.,0.,2.22044604925E-16));
#8735 = DIRECTION('',(2.22044604925E-16,0.,-1.));
#8736 = DEFINITIONAL_REPRESENTATION('',(#8737),#8741);
#8737 = CIRCLE('',#8738,7.);
#8738 = AXIS2_PLACEMENT_2D('',#8739,#8740);
#8739 = CARTESIAN_POINT('',(0.,0.));
#8740 = DIRECTION('',(1.,0.));
#8741 = ( GEOMETRIC_REPRESENTATION_CONTEXT(2) 
PARAMETRIC_REPRESENTATION_CONTEXT() REPRESENTATION_CONTEXT('2D SPACE',''
  ) );
#8742 = ORIENTED_EDGE('',*,*,#8693,.T.);
#8743 = ADVANCED_FACE('',(#8744,#8747),#8681,.T.);
#8744 = FACE_BOUND('',#8745,.T.);
#8745 = EDGE_LOOP('',(#8746));
#8746 = ORIENTED_EDGE('',*,*,#8659,.T.);
#8747 = FACE_BOUND('',#8748,.T.);
#8748 = EDGE_LOOP('',(#8749));
#8749 = ORIENTED_EDGE('',*,*,#8750,.F.);
#8750 = EDGE_CURVE('',#8751,#8751,#8753,.T.);
#8751 = VERTEX_POINT('',#8752);
#8752 = CARTESIAN_POINT('',(4.335E+03,-7.347880794884E-16,940.5));
#8753 = SURFACE_CURVE('',#8754,(#8759,#8766),.PCURVE_S1.);
#8754 = CIRCLE('',#8755,3.);
#8755 = AXIS2_PLACEMENT_3D('',#8756,#8757,#8758);
#8756 = CARTESIAN_POINT('',(4.335E+03,0.,943.5));
#8757 = DIRECTION('',(1.,0.,2.22044604925E-16));
#8758 = DIRECTION('',(2.22044604925E-16,0.,-1.));
#8759 = PCURVE('',#8681,#8760);
#8760 = DEFINITIONAL_REPRESENTATION('',(#8761),#8765);
#8761 = CIRCLE('',#8762,3.);
#8762 = AXIS2_PLACEMENT_2D('',#8763,#8764);
#8763 = CARTESIAN_POINT('',(0.,0.));
#8764 = DIRECTION('',(1.,0.));
#8765 = ( GEOMETRIC_REPRESENTATION_CONTEXT(2) 
PARAMETRIC_REPRESENTATION_CONTEXT() REPRESENTATION_CONTEXT('2D SPACE',''
  ) );
#8766 = PCURVE('',#8767,#8772);
#8767 = CYLINDRICAL_SURFACE('',#8768,3.);
#8768 = AXIS2_PLACEMENT_3D('',#8769,#8770,#8771);
#8769 = CARTESIAN_POINT('',(4.326E+03,0.,943.5));
#8770 = DIRECTION('',(1.,0.,2.22044604925E-16));
#8771 = DIRECTION('',(2.22044604925E-16,0.,-1.));
#8772 = DEFINITIONAL_REPRESENTATION('',(#8773),#8777);
#8773 = LINE('',#8774,#8775);
#8774 = CARTESIAN_POINT('',(0.,9.));
#8775 = VECTOR('',#8776,1.);
#8776 = DIRECTION('',(1.,0.));
#8777 = ( GEOMETRIC_REPRESENTATION_CONTEXT(2) 
PARAMETRIC_REPRESENTATION_CONTEXT() REPRESENTATION_CONTEXT('2D SPACE',''
  ) );
#8778 = ADVANCED_FACE('',(#8779,#8782),#8731,.F.);
#8779 = FACE_BOUND('',#8780,.F.);
#8780 = EDGE_LOOP('',(#8781));
#8781 = ORIENTED_EDGE('',*,*,#8716,.T.);
#8782 = FACE_BOUND('',#8783,.F.);
#8783 = EDGE_LOOP('',(#8784));
#8784 = ORIENTED_EDGE('',*,*,#8785,.F.);
#8785 = EDGE_CURVE('',#8786,#8786,#8788,.T.);
#8786 = VERTEX_POINT('',#8787);
#8787 = CARTESIAN_POINT('',(4.327E+03,-7.347880794884E-16,940.5));
#8788 = SURFACE_CURVE('',#8789,(#8794,#8801),.PCURVE_S1.);
#8789 = CIRCLE('',#8790,3.);
#8790 = AXIS2_PLACEMENT_3D('',#8791,#8792,#8793);
#8791 = CARTESIAN_POINT('',(4.327E+03,0.,943.5));
#8792 = DIRECTION('',(1.,0.,2.22044604925E-16));
#8793 = DIRECTION('',(2.22044604925E-16,0.,-1.));
#8794 = PCURVE('',#8731,#8795);
#8795 = DEFINITIONAL_REPRESENTATION('',(#8796),#8800);
#8796 = CIRCLE('',#8797,3.);
#8797 = AXIS2_PLACEMENT_2D('',#8798,#8799);
#8798 = CARTESIAN_POINT('',(0.,0.));
#8799 = DIRECTION('',(1.,0.));
#8800 = ( GEOMETRIC_REPRESENTATION_CONTEXT(2) 
PARAMETRIC_REPRESENTATION_CONTEXT() REPRESENTATION_CONTEXT('2D SPACE',''
  ) );
#8801 = PCURVE('',#8767,#8802);
#8802 = DEFINITIONAL_REPRESENTATION('',(#8803),#8807);
#8803 = LINE('',#8804,#8805);
#8804 = CARTESIAN_POINT('',(0.,1.));
#8805 = VECTOR('',#8806,1.);
#8806 = DIRECTION('',(1.,0.));
#8807 = ( GEOMETRIC_REPRESENTATION_CONTEXT(2) 
PARAMETRIC_REPRESENTATION_CONTEXT() REPRESENTATION_CONTEXT('2D SPACE',''
  ) );
#8808 = ADVANCED_FACE('',(#8809),#8767,.F.);
#8809 = FACE_BOUND('',#8810,.F.);
#8810 = EDGE_LOOP('',(#8811,#8812,#8833,#8834));
#8811 = ORIENTED_EDGE('',*,*,#8750,.F.);
#8812 = ORIENTED_EDGE('',*,*,#8813,.F.);
#8813 = EDGE_CURVE('',#8786,#8751,#8814,.T.);
#8814 = SEAM_CURVE('',#8815,(#8819,#8826),.PCURVE_S1.);
#8815 = LINE('',#8816,#8817);
#8816 = CARTESIAN_POINT('',(4.326E+03,-7.347880794884E-16,940.5));
#8817 = VECTOR('',#8818,1.);
#8818 = DIRECTION('',(1.,0.,2.22044604925E-16));
#8819 = PCURVE('',#8767,#8820);
#8820 = DEFINITIONAL_REPRESENTATION('',(#8821),#8825);
#8821 = LINE('',#8822,#8823);
#8822 = CARTESIAN_POINT('',(6.28318530718,-0.));
#8823 = VECTOR('',#8824,1.);
#8824 = DIRECTION('',(0.,1.));
#8825 = ( GEOMETRIC_REPRESENTATION_CONTEXT(2) 
PARAMETRIC_REPRESENTATION_CONTEXT() REPRESENTATION_CONTEXT('2D SPACE',''
  ) );
#8826 = PCURVE('',#8767,#8827);
#8827 = DEFINITIONAL_REPRESENTATION('',(#8828),#8832);
#8828 = LINE('',#8829,#8830);
#8829 = CARTESIAN_POINT('',(0.,-0.));
#8830 = VECTOR('',#8831,1.);
#8831 = DIRECTION('',(0.,1.));
#8832 = ( GEOMETRIC_REPRESENTATION_CONTEXT(2) 
PARAMETRIC_REPRESENTATION_CONTEXT() REPRESENTATION_CONTEXT('2D SPACE',''
  ) );
#8833 = ORIENTED_EDGE('',*,*,#8785,.T.);
#8834 = ORIENTED_EDGE('',*,*,#8813,.T.);
#8835 = MANIFOLD_SOLID_BREP('',#8836);
#8836 = CLOSED_SHELL('',(#8837,#8925,#8929));
#8837 = ADVANCED_FACE('',(#8838),#8851,.T.);
#8838 = FACE_BOUND('',#8839,.T.);
#8839 = EDGE_LOOP('',(#8840,#8874,#8897,#8924));
#8840 = ORIENTED_EDGE('',*,*,#8841,.F.);
#8841 = EDGE_CURVE('',#8842,#8842,#8844,.T.);
#8842 = VERTEX_POINT('',#8843);
#8843 = CARTESIAN_POINT('',(4.314E+03,-20.8,950.));
#8844 = SURFACE_CURVE('',#8845,(#8850,#8862),.PCURVE_S1.);
#8845 = CIRCLE('',#8846,10.);
#8846 = AXIS2_PLACEMENT_3D('',#8847,#8848,#8849);
#8847 = CARTESIAN_POINT('',(4.304E+03,-20.8,950.));
#8848 = DIRECTION('',(0.,-1.,2.22044604925E-16));
#8849 = DIRECTION('',(1.,0.,0.));
#8850 = PCURVE('',#8851,#8856);
#8851 = CYLINDRICAL_SURFACE('',#8852,10.);
#8852 = AXIS2_PLACEMENT_3D('',#8853,#8854,#8855);
#8853 = CARTESIAN_POINT('',(4.304E+03,-16.8,950.));
#8854 = DIRECTION('',(0.,-1.,2.22044604925E-16));
#8855 = DIRECTION('',(1.,0.,0.));
#8856 = DEFINITIONAL_REPRESENTATION('',(#8857),#8861);
#8857 = LINE('',#8858,#8859);
#8858 = CARTESIAN_POINT('',(0.,4.));
#8859 = VECTOR('',#8860,1.);
#8860 = DIRECTION('',(1.,0.));
#8861 = ( GEOMETRIC_REPRESENTATION_CONTEXT(2) 
PARAMETRIC_REPRESENTATION_CONTEXT() REPRESENTATION_CONTEXT('2D SPACE',''
  ) );
#8862 = PCURVE('',#8863,#8868);
#8863 = PLANE('',#8864);
#8864 = AXIS2_PLACEMENT_3D('',#8865,#8866,#8867);
#8865 = CARTESIAN_POINT('',(4.304E+03,-20.8,950.));
#8866 = DIRECTION('',(0.,-1.,2.22044604925E-16));
#8867 = DIRECTION('',(1.,0.,0.));
#8868 = DEFINITIONAL_REPRESENTATION('',(#8869),#8873);
#8869 = CIRCLE('',#8870,10.);
#8870 = AXIS2_PLACEMENT_2D('',#8871,#8872);
#8871 = CARTESIAN_POINT('',(0.,0.));
#8872 = DIRECTION('',(1.,0.));
#8873 = ( GEOMETRIC_REPRESENTATION_CONTEXT(2) 
PARAMETRIC_REPRESENTATION_CONTEXT() REPRESENTATION_CONTEXT('2D SPACE',''
  ) );
#8874 = ORIENTED_EDGE('',*,*,#8875,.F.);
#8875 = EDGE_CURVE('',#8876,#8842,#8878,.T.);
#8876 = VERTEX_POINT('',#8877);
#8877 = CARTESIAN_POINT('',(4.314E+03,-16.8,950.));
#8878 = SEAM_CURVE('',#8879,(#8883,#8890),.PCURVE_S1.);
#8879 = LINE('',#8880,#8881);
#8880 = CARTESIAN_POINT('',(4.314E+03,-16.8,950.));
#8881 = VECTOR('',#8882,1.);
#8882 = DIRECTION('',(0.,-1.,2.22044604925E-16));
#8883 = PCURVE('',#8851,#8884);
#8884 = DEFINITIONAL_REPRESENTATION('',(#8885),#8889);
#8885 = LINE('',#8886,#8887);
#8886 = CARTESIAN_POINT('',(6.28318530718,-0.));
#8887 = VECTOR('',#8888,1.);
#8888 = DIRECTION('',(0.,1.));
#8889 = ( GEOMETRIC_REPRESENTATION_CONTEXT(2) 
PARAMETRIC_REPRESENTATION_CONTEXT() REPRESENTATION_CONTEXT('2D SPACE',''
  ) );
#8890 = PCURVE('',#8851,#8891);
#8891 = DEFINITIONAL_REPRESENTATION('',(#8892),#8896);
#8892 = LINE('',#8893,#8894);
#8893 = CARTESIAN_POINT('',(0.,-0.));
#8894 = VECTOR('',#8895,1.);
#8895 = DIRECTION('',(0.,1.));
#8896 = ( GEOMETRIC_REPRESENTATION_CONTEXT(2) 
PARAMETRIC_REPRESENTATION_CONTEXT() REPRESENTATION_CONTEXT('2D SPACE',''
  ) );
#8897 = ORIENTED_EDGE('',*,*,#8898,.T.);
#8898 = EDGE_CURVE('',#8876,#8876,#8899,.T.);
#8899 = SURFACE_CURVE('',#8900,(#8905,#8912),.PCURVE_S1.);
#8900 = CIRCLE('',#8901,10.);
#8901 = AXIS2_PLACEMENT_3D('',#8902,#8903,#8904);
#8902 = CARTESIAN_POINT('',(4.304E+03,-16.8,950.));
#8903 = DIRECTION('',(0.,-1.,2.22044604925E-16));
#8904 = DIRECTION('',(1.,0.,0.));
#8905 = PCURVE('',#8851,#8906);
#8906 = DEFINITIONAL_REPRESENTATION('',(#8907),#8911);
#8907 = LINE('',#8908,#8909);
#8908 = CARTESIAN_POINT('',(0.,0.));
#8909 = VECTOR('',#8910,1.);
#8910 = DIRECTION('',(1.,0.));
#8911 = ( GEOMETRIC_REPRESENTATION_CONTEXT(2) 
PARAMETRIC_REPRESENTATION_CONTEXT() REPRESENTATION_CONTEXT('2D SPACE',''
  ) );
#8912 = PCURVE('',#8913,#8918);
#8913 = PLANE('',#8914);
#8914 = AXIS2_PLACEMENT_3D('',#8915,#8916,#8917);
#8915 = CARTESIAN_POINT('',(4.304E+03,-16.8,950.));
#8916 = DIRECTION('',(0.,-1.,2.22044604925E-16));
#8917 = DIRECTION('',(1.,0.,0.));
#8918 = DEFINITIONAL_REPRESENTATION('',(#8919),#8923);
#8919 = CIRCLE('',#8920,10.);
#8920 = AXIS2_PLACEMENT_2D('',#8921,#8922);
#8921 = CARTESIAN_POINT('',(0.,0.));
#8922 = DIRECTION('',(1.,0.));
#8923 = ( GEOMETRIC_REPRESENTATION_CONTEXT(2) 
PARAMETRIC_REPRESENTATION_CONTEXT() REPRESENTATION_CONTEXT('2D SPACE',''
  ) );
#8924 = ORIENTED_EDGE('',*,*,#8875,.T.);
#8925 = ADVANCED_FACE('',(#8926),#8863,.T.);
#8926 = FACE_BOUND('',#8927,.T.);
#8927 = EDGE_LOOP('',(#8928));
#8928 = ORIENTED_EDGE('',*,*,#8841,.T.);
#8929 = ADVANCED_FACE('',(#8930),#8913,.F.);
#8930 = FACE_BOUND('',#8931,.T.);
#8931 = EDGE_LOOP('',(#8932));
#8932 = ORIENTED_EDGE('',*,*,#8898,.F.);
#8933 = MANIFOLD_SOLID_BREP('',#8934);
#8934 = CLOSED_SHELL('',(#8935,#9023,#9027));
#8935 = ADVANCED_FACE('',(#8936),#8949,.T.);
#8936 = FACE_BOUND('',#8937,.T.);
#8937 = EDGE_LOOP('',(#8938,#8972,#8995,#9022));
#8938 = ORIENTED_EDGE('',*,*,#8939,.F.);
#8939 = EDGE_CURVE('',#8940,#8940,#8942,.T.);
#8940 = VERTEX_POINT('',#8941);
#8941 = CARTESIAN_POINT('',(4.314E+03,-21.3,950.));
#8942 = SURFACE_CURVE('',#8943,(#8948,#8960),.PCURVE_S1.);
#8943 = CIRCLE('',#8944,10.);
#8944 = AXIS2_PLACEMENT_3D('',#8945,#8946,#8947);
#8945 = CARTESIAN_POINT('',(4.304E+03,-21.3,950.));
#8946 = DIRECTION('',(0.,-1.,2.22044604925E-16));
#8947 = DIRECTION('',(1.,0.,0.));
#8948 = PCURVE('',#8949,#8954);
#8949 = CYLINDRICAL_SURFACE('',#8950,10.);
#8950 = AXIS2_PLACEMENT_3D('',#8951,#8952,#8953);
#8951 = CARTESIAN_POINT('',(4.304E+03,-20.8,950.));
#8952 = DIRECTION('',(0.,-1.,2.22044604925E-16));
#8953 = DIRECTION('',(1.,0.,0.));
#8954 = DEFINITIONAL_REPRESENTATION('',(#8955),#8959);
#8955 = LINE('',#8956,#8957);
#8956 = CARTESIAN_POINT('',(0.,0.5));
#8957 = VECTOR('',#8958,1.);
#8958 = DIRECTION('',(1.,0.));
#8959 = ( GEOMETRIC_REPRESENTATION_CONTEXT(2) 
PARAMETRIC_REPRESENTATION_CONTEXT() REPRESENTATION_CONTEXT('2D SPACE',''
  ) );
#8960 = PCURVE('',#8961,#8966);
#8961 = PLANE('',#8962);
#8962 = AXIS2_PLACEMENT_3D('',#8963,#8964,#8965);
#8963 = CARTESIAN_POINT('',(4.304E+03,-21.3,950.));
#8964 = DIRECTION('',(0.,-1.,2.22044604925E-16));
#8965 = DIRECTION('',(1.,0.,0.));
#8966 = DEFINITIONAL_REPRESENTATION('',(#8967),#8971);
#8967 = CIRCLE('',#8968,10.);
#8968 = AXIS2_PLACEMENT_2D('',#8969,#8970);
#8969 = CARTESIAN_POINT('',(0.,0.));
#8970 = DIRECTION('',(1.,0.));
#8971 = ( GEOMETRIC_REPRESENTATION_CONTEXT(2) 
PARAMETRIC_REPRESENTATION_CONTEXT() REPRESENTATION_CONTEXT('2D SPACE',''
  ) );
#8972 = ORIENTED_EDGE('',*,*,#8973,.F.);
#8973 = EDGE_CURVE('',#8974,#8940,#8976,.T.);
#8974 = VERTEX_POINT('',#8975);
#8975 = CARTESIAN_POINT('',(4.314E+03,-20.8,950.));
#8976 = SEAM_CURVE('',#8977,(#8981,#8988),.PCURVE_S1.);
#8977 = LINE('',#8978,#8979);
#8978 = CARTESIAN_POINT('',(4.314E+03,-20.8,950.));
#8979 = VECTOR('',#8980,1.);
#8980 = DIRECTION('',(0.,-1.,2.22044604925E-16));
#8981 = PCURVE('',#8949,#8982);
#8982 = DEFINITIONAL_REPRESENTATION('',(#8983),#8987);
#8983 = LINE('',#8984,#8985);
#8984 = CARTESIAN_POINT('',(6.28318530718,-0.));
#8985 = VECTOR('',#8986,1.);
#8986 = DIRECTION('',(0.,1.));
#8987 = ( GEOMETRIC_REPRESENTATION_CONTEXT(2) 
PARAMETRIC_REPRESENTATION_CONTEXT() REPRESENTATION_CONTEXT('2D SPACE',''
  ) );
#8988 = PCURVE('',#8949,#8989);
#8989 = DEFINITIONAL_REPRESENTATION('',(#8990),#8994);
#8990 = LINE('',#8991,#8992);
#8991 = CARTESIAN_POINT('',(0.,-0.));
#8992 = VECTOR('',#8993,1.);
#8993 = DIRECTION('',(0.,1.));
#8994 = ( GEOMETRIC_REPRESENTATION_CONTEXT(2) 
PARAMETRIC_REPRESENTATION_CONTEXT() REPRESENTATION_CONTEXT('2D SPACE',''
  ) );
#8995 = ORIENTED_EDGE('',*,*,#8996,.T.);
#8996 = EDGE_CURVE('',#8974,#8974,#8997,.T.);
#8997 = SURFACE_CURVE('',#8998,(#9003,#9010),.PCURVE_S1.);
#8998 = CIRCLE('',#8999,10.);
#8999 = AXIS2_PLACEMENT_3D('',#9000,#9001,#9002);
#9000 = CARTESIAN_POINT('',(4.304E+03,-20.8,950.));
#9001 = DIRECTION('',(0.,-1.,2.22044604925E-16));
#9002 = DIRECTION('',(1.,0.,0.));
#9003 = PCURVE('',#8949,#9004);
#9004 = DEFINITIONAL_REPRESENTATION('',(#9005),#9009);
#9005 = LINE('',#9006,#9007);
#9006 = CARTESIAN_POINT('',(0.,0.));
#9007 = VECTOR('',#9008,1.);
#9008 = DIRECTION('',(1.,0.));
#9009 = ( GEOMETRIC_REPRESENTATION_CONTEXT(2) 
PARAMETRIC_REPRESENTATION_CONTEXT() REPRESENTATION_CONTEXT('2D SPACE',''
  ) );
#9010 = PCURVE('',#9011,#9016);
#9011 = PLANE('',#9012);
#9012 = AXIS2_PLACEMENT_3D('',#9013,#9014,#9015);
#9013 = CARTESIAN_POINT('',(4.304E+03,-20.8,950.));
#9014 = DIRECTION('',(0.,-1.,2.22044604925E-16));
#9015 = DIRECTION('',(1.,0.,0.));
#9016 = DEFINITIONAL_REPRESENTATION('',(#9017),#9021);
#9017 = CIRCLE('',#9018,10.);
#9018 = AXIS2_PLACEMENT_2D('',#9019,#9020);
#9019 = CARTESIAN_POINT('',(0.,0.));
#9020 = DIRECTION('',(1.,0.));
#9021 = ( GEOMETRIC_REPRESENTATION_CONTEXT(2) 
PARAMETRIC_REPRESENTATION_CONTEXT() REPRESENTATION_CONTEXT('2D SPACE',''
  ) );
#9022 = ORIENTED_EDGE('',*,*,#8973,.T.);
#9023 = ADVANCED_FACE('',(#9024),#8961,.T.);
#9024 = FACE_BOUND('',#9025,.T.);
#9025 = EDGE_LOOP('',(#9026));
#9026 = ORIENTED_EDGE('',*,*,#8939,.T.);
#9027 = ADVANCED_FACE('',(#9028),#9011,.F.);
#9028 = FACE_BOUND('',#9029,.T.);
#9029 = EDGE_LOOP('',(#9030));
#9030 = ORIENTED_EDGE('',*,*,#8996,.F.);
#9031 = MANIFOLD_SOLID_BREP('',#9032);
#9032 = CLOSED_SHELL('',(#9033,#9121,#9125));
#9033 = ADVANCED_FACE('',(#9034),#9047,.T.);
#9034 = FACE_BOUND('',#9035,.T.);
#9035 = EDGE_LOOP('',(#9036,#9070,#9093,#9120));
#9036 = ORIENTED_EDGE('',*,*,#9037,.F.);
#9037 = EDGE_CURVE('',#9038,#9038,#9040,.T.);
#9038 = VERTEX_POINT('',#9039);
#9039 = CARTESIAN_POINT('',(4.396E+03,-1.347111479062E-15,962.));
#9040 = SURFACE_CURVE('',#9041,(#9046,#9058),.PCURVE_S1.);
#9041 = CIRCLE('',#9042,5.5);
#9042 = AXIS2_PLACEMENT_3D('',#9043,#9044,#9045);
#9043 = CARTESIAN_POINT('',(4.396E+03,0.,967.5));
#9044 = DIRECTION('',(1.,-0.,2.22044604925E-16));
#9045 = DIRECTION('',(2.22044604925E-16,0.,-1.));
#9046 = PCURVE('',#9047,#9052);
#9047 = CYLINDRICAL_SURFACE('',#9048,5.5);
#9048 = AXIS2_PLACEMENT_3D('',#9049,#9050,#9051);
#9049 = CARTESIAN_POINT('',(4.356E+03,0.,967.5));
#9050 = DIRECTION('',(1.,0.,2.22044604925E-16));
#9051 = DIRECTION('',(2.22044604925E-16,0.,-1.));
#9052 = DEFINITIONAL_REPRESENTATION('',(#9053),#9057);
#9053 = LINE('',#9054,#9055);
#9054 = CARTESIAN_POINT('',(0.,40.));
#9055 = VECTOR('',#9056,1.);
#9056 = DIRECTION('',(1.,0.));
#9057 = ( GEOMETRIC_REPRESENTATION_CONTEXT(2) 
PARAMETRIC_REPRESENTATION_CONTEXT() REPRESENTATION_CONTEXT('2D SPACE',''
  ) );
#9058 = PCURVE('',#9059,#9064);
#9059 = PLANE('',#9060);
#9060 = AXIS2_PLACEMENT_3D('',#9061,#9062,#9063);
#9061 = CARTESIAN_POINT('',(4.396E+03,0.,967.5));
#9062 = DIRECTION('',(1.,0.,2.22044604925E-16));
#9063 = DIRECTION('',(2.22044604925E-16,0.,-1.));
#9064 = DEFINITIONAL_REPRESENTATION('',(#9065),#9069);
#9065 = CIRCLE('',#9066,5.5);
#9066 = AXIS2_PLACEMENT_2D('',#9067,#9068);
#9067 = CARTESIAN_POINT('',(0.,0.));
#9068 = DIRECTION('',(1.,0.));
#9069 = ( GEOMETRIC_REPRESENTATION_CONTEXT(2) 
PARAMETRIC_REPRESENTATION_CONTEXT() REPRESENTATION_CONTEXT('2D SPACE',''
  ) );
#9070 = ORIENTED_EDGE('',*,*,#9071,.F.);
#9071 = EDGE_CURVE('',#9072,#9038,#9074,.T.);
#9072 = VERTEX_POINT('',#9073);
#9073 = CARTESIAN_POINT('',(4.356E+03,-1.347111479062E-15,962.));
#9074 = SEAM_CURVE('',#9075,(#9079,#9086),.PCURVE_S1.);
#9075 = LINE('',#9076,#9077);
#9076 = CARTESIAN_POINT('',(4.356E+03,-1.347111479062E-15,962.));
#9077 = VECTOR('',#9078,1.);
#9078 = DIRECTION('',(1.,0.,2.22044604925E-16));
#9079 = PCURVE('',#9047,#9080);
#9080 = DEFINITIONAL_REPRESENTATION('',(#9081),#9085);
#9081 = LINE('',#9082,#9083);
#9082 = CARTESIAN_POINT('',(6.28318530718,-0.));
#9083 = VECTOR('',#9084,1.);
#9084 = DIRECTION('',(0.,1.));
#9085 = ( GEOMETRIC_REPRESENTATION_CONTEXT(2) 
PARAMETRIC_REPRESENTATION_CONTEXT() REPRESENTATION_CONTEXT('2D SPACE',''
  ) );
#9086 = PCURVE('',#9047,#9087);
#9087 = DEFINITIONAL_REPRESENTATION('',(#9088),#9092);
#9088 = LINE('',#9089,#9090);
#9089 = CARTESIAN_POINT('',(0.,-0.));
#9090 = VECTOR('',#9091,1.);
#9091 = DIRECTION('',(0.,1.));
#9092 = ( GEOMETRIC_REPRESENTATION_CONTEXT(2) 
PARAMETRIC_REPRESENTATION_CONTEXT() REPRESENTATION_CONTEXT('2D SPACE',''
  ) );
#9093 = ORIENTED_EDGE('',*,*,#9094,.T.);
#9094 = EDGE_CURVE('',#9072,#9072,#9095,.T.);
#9095 = SURFACE_CURVE('',#9096,(#9101,#9108),.PCURVE_S1.);
#9096 = CIRCLE('',#9097,5.5);
#9097 = AXIS2_PLACEMENT_3D('',#9098,#9099,#9100);
#9098 = CARTESIAN_POINT('',(4.356E+03,0.,967.5));
#9099 = DIRECTION('',(1.,-0.,2.22044604925E-16));
#9100 = DIRECTION('',(2.22044604925E-16,0.,-1.));
#9101 = PCURVE('',#9047,#9102);
#9102 = DEFINITIONAL_REPRESENTATION('',(#9103),#9107);
#9103 = LINE('',#9104,#9105);
#9104 = CARTESIAN_POINT('',(0.,0.));
#9105 = VECTOR('',#9106,1.);
#9106 = DIRECTION('',(1.,0.));
#9107 = ( GEOMETRIC_REPRESENTATION_CONTEXT(2) 
PARAMETRIC_REPRESENTATION_CONTEXT() REPRESENTATION_CONTEXT('2D SPACE',''
  ) );
#9108 = PCURVE('',#9109,#9114);
#9109 = PLANE('',#9110);
#9110 = AXIS2_PLACEMENT_3D('',#9111,#9112,#9113);
#9111 = CARTESIAN_POINT('',(4.356E+03,0.,967.5));
#9112 = DIRECTION('',(1.,0.,2.22044604925E-16));
#9113 = DIRECTION('',(2.22044604925E-16,0.,-1.));
#9114 = DEFINITIONAL_REPRESENTATION('',(#9115),#9119);
#9115 = CIRCLE('',#9116,5.5);
#9116 = AXIS2_PLACEMENT_2D('',#9117,#9118);
#9117 = CARTESIAN_POINT('',(0.,0.));
#9118 = DIRECTION('',(1.,0.));
#9119 = ( GEOMETRIC_REPRESENTATION_CONTEXT(2) 
PARAMETRIC_REPRESENTATION_CONTEXT() REPRESENTATION_CONTEXT('2D SPACE',''
  ) );
#9120 = ORIENTED_EDGE('',*,*,#9071,.T.);
#9121 = ADVANCED_FACE('',(#9122),#9059,.T.);
#9122 = FACE_BOUND('',#9123,.T.);
#9123 = EDGE_LOOP('',(#9124));
#9124 = ORIENTED_EDGE('',*,*,#9037,.T.);
#9125 = ADVANCED_FACE('',(#9126),#9109,.F.);
#9126 = FACE_BOUND('',#9127,.T.);
#9127 = EDGE_LOOP('',(#9128));
#9128 = ORIENTED_EDGE('',*,*,#9094,.F.);
#9129 = MANIFOLD_SOLID_BREP('',#9130);
#9130 = CLOSED_SHELL('',(#9131,#9292,#9327,#9415,#9621,#9676,#9873,#9879
    ,#9883,#10025,#10032));
#9131 = ADVANCED_FACE('',(#9132),#9145,.T.);
#9132 = FACE_BOUND('',#9133,.T.);
#9133 = EDGE_LOOP('',(#9134,#9168,#9191,#9219,#9270,#9291));
#9134 = ORIENTED_EDGE('',*,*,#9135,.T.);
#9135 = EDGE_CURVE('',#9136,#9136,#9138,.T.);
#9136 = VERTEX_POINT('',#9137);
#9137 = CARTESIAN_POINT('',(-150.,-4.898587196589E-16,958.));
#9138 = SURFACE_CURVE('',#9139,(#9144,#9156),.PCURVE_S1.);
#9139 = CIRCLE('',#9140,2.);
#9140 = AXIS2_PLACEMENT_3D('',#9141,#9142,#9143);
#9141 = CARTESIAN_POINT('',(-150.,0.,960.));
#9142 = DIRECTION('',(1.,-0.,2.22044604925E-16));
#9143 = DIRECTION('',(2.22044604925E-16,0.,-1.));
#9144 = PCURVE('',#9145,#9150);
#9145 = CYLINDRICAL_SURFACE('',#9146,2.);
#9146 = AXIS2_PLACEMENT_3D('',#9147,#9148,#9149);
#9147 = CARTESIAN_POINT('',(-150.,0.,960.));
#9148 = DIRECTION('',(1.,0.,2.22044604925E-16));
#9149 = DIRECTION('',(2.22044604925E-16,0.,-1.));
#9150 = DEFINITIONAL_REPRESENTATION('',(#9151),#9155);
#9151 = LINE('',#9152,#9153);
#9152 = CARTESIAN_POINT('',(0.,0.));
#9153 = VECTOR('',#9154,1.);
#9154 = DIRECTION('',(1.,0.));
#9155 = ( GEOMETRIC_REPRESENTATION_CONTEXT(2) 
PARAMETRIC_REPRESENTATION_CONTEXT() REPRESENTATION_CONTEXT('2D SPACE',''
  ) );
#9156 = PCURVE('',#9157,#9162);
#9157 = PLANE('',#9158);
#9158 = AXIS2_PLACEMENT_3D('',#9159,#9160,#9161);
#9159 = CARTESIAN_POINT('',(-150.,0.,960.));
#9160 = DIRECTION('',(1.,0.,2.22044604925E-16));
#9161 = DIRECTION('',(2.22044604925E-16,0.,-1.));
#9162 = DEFINITIONAL_REPRESENTATION('',(#9163),#9167);
#9163 = CIRCLE('',#9164,2.);
#9164 = AXIS2_PLACEMENT_2D('',#9165,#9166);
#9165 = CARTESIAN_POINT('',(0.,0.));
#9166 = DIRECTION('',(1.,0.));
#9167 = ( GEOMETRIC_REPRESENTATION_CONTEXT(2) 
PARAMETRIC_REPRESENTATION_CONTEXT() REPRESENTATION_CONTEXT('2D SPACE',''
  ) );
#9168 = ORIENTED_EDGE('',*,*,#9169,.T.);
#9169 = EDGE_CURVE('',#9136,#9170,#9172,.T.);
#9170 = VERTEX_POINT('',#9171);
#9171 = CARTESIAN_POINT('',(4.295E+03,-2.449293598295E-16,958.));
#9172 = SEAM_CURVE('',#9173,(#9177,#9184),.PCURVE_S1.);
#9173 = LINE('',#9174,#9175);
#9174 = CARTESIAN_POINT('',(-150.,-4.898587196589E-16,958.));
#9175 = VECTOR('',#9176,1.);
#9176 = DIRECTION('',(1.,0.,2.22044604925E-16));
#9177 = PCURVE('',#9145,#9178);
#9178 = DEFINITIONAL_REPRESENTATION('',(#9179),#9183);
#9179 = LINE('',#9180,#9181);
#9180 = CARTESIAN_POINT('',(0.,-0.));
#9181 = VECTOR('',#9182,1.);
#9182 = DIRECTION('',(0.,1.));
#9183 = ( GEOMETRIC_REPRESENTATION_CONTEXT(2) 
PARAMETRIC_REPRESENTATION_CONTEXT() REPRESENTATION_CONTEXT('2D SPACE',''
  ) );
#9184 = PCURVE('',#9145,#9185);
#9185 = DEFINITIONAL_REPRESENTATION('',(#9186),#9190);
#9186 = LINE('',#9187,#9188);
#9187 = CARTESIAN_POINT('',(6.28318530718,-0.));
#9188 = VECTOR('',#9189,1.);
#9189 = DIRECTION('',(0.,1.));
#9190 = ( GEOMETRIC_REPRESENTATION_CONTEXT(2) 
PARAMETRIC_REPRESENTATION_CONTEXT() REPRESENTATION_CONTEXT('2D SPACE',''
  ) );
#9191 = ORIENTED_EDGE('',*,*,#9192,.F.);
#9192 = EDGE_CURVE('',#9193,#9170,#9195,.T.);
#9193 = VERTEX_POINT('',#9194);
#9194 = CARTESIAN_POINT('',(4.295E+03,-2.,960.));
#9195 = SURFACE_CURVE('',#9196,(#9201,#9208),.PCURVE_S1.);
#9196 = CIRCLE('',#9197,2.);
#9197 = AXIS2_PLACEMENT_3D('',#9198,#9199,#9200);
#9198 = CARTESIAN_POINT('',(4.295E+03,0.,960.));
#9199 = DIRECTION('',(1.,-0.,2.22044604925E-16));
#9200 = DIRECTION('',(2.22044604925E-16,0.,-1.));
#9201 = PCURVE('',#9145,#9202);
#9202 = DEFINITIONAL_REPRESENTATION('',(#9203),#9207);
#9203 = LINE('',#9204,#9205);
#9204 = CARTESIAN_POINT('',(0.,4.445E+03));
#9205 = VECTOR('',#9206,1.);
#9206 = DIRECTION('',(1.,0.));
#9207 = ( GEOMETRIC_REPRESENTATION_CONTEXT(2) 
PARAMETRIC_REPRESENTATION_CONTEXT() REPRESENTATION_CONTEXT('2D SPACE',''
  ) );
#9208 = PCURVE('',#9209,#9214);
#9209 = SPHERICAL_SURFACE('',#9210,2.);
#9210 = AXIS2_PLACEMENT_3D('',#9211,#9212,#9213);
#9211 = CARTESIAN_POINT('',(4.295E+03,0.,960.));
#9212 = DIRECTION('',(0.,0.,1.));
#9213 = DIRECTION('',(1.,0.,-0.));
#9214 = DEFINITIONAL_REPRESENTATION('',(#9215),#9218);
#9215 = B_SPLINE_CURVE_WITH_KNOTS('',1,(#9216,#9217),.UNSPECIFIED.,.F.,
  .F.,(2,2),(4.712388980385,6.28318530718),.PIECEWISE_BEZIER_KNOTS.);
#9216 = CARTESIAN_POINT('',(4.712388980385,-2.273736754432E-13));
#9217 = CARTESIAN_POINT('',(4.712388980385,-1.570796326795));
#9218 = ( GEOMETRIC_REPRESENTATION_CONTEXT(2) 
PARAMETRIC_REPRESENTATION_CONTEXT() REPRESENTATION_CONTEXT('2D SPACE',''
  ) );
#9219 = ORIENTED_EDGE('',*,*,#9220,.F.);
#9220 = EDGE_CURVE('',#9221,#9193,#9223,.T.);
#9221 = VERTEX_POINT('',#9222);
#9222 = CARTESIAN_POINT('',(4.295E+03,2.,960.));
#9223 = SURFACE_CURVE('',#9224,(#9229,#9247),.PCURVE_S1.);
#9224 = ELLIPSE('',#9225,2.164784400585,2.);
#9225 = AXIS2_PLACEMENT_3D('',#9226,#9227,#9228);
#9226 = CARTESIAN_POINT('',(4.295E+03,0.,960.));
#9227 = DIRECTION('',(0.923879532511,0.,0.382683432365));
#9228 = DIRECTION('',(0.382683432365,0.,-0.923879532511));
#9229 = PCURVE('',#9145,#9230);
#9230 = DEFINITIONAL_REPRESENTATION('',(#9231),#9246);
#9231 = B_SPLINE_CURVE_WITH_KNOTS('',7,(#9232,#9233,#9234,#9235,#9236,
    #9237,#9238,#9239,#9240,#9241,#9242,#9243,#9244,#9245),
  .UNSPECIFIED.,.F.,.F.,(8,6,8),(1.570796326795,3.141592865722,
    4.712389404649),.UNSPECIFIED.);
#9232 = CARTESIAN_POINT('',(1.570796326794,4.445E+03));
#9233 = CARTESIAN_POINT('',(1.795195832355,4.444814101363E+03));
#9234 = CARTESIAN_POINT('',(2.019595337916,4.444628203481E+03));
#9235 = CARTESIAN_POINT('',(2.243994843477,4.4444575899E+03));
#9236 = CARTESIAN_POINT('',(2.468394349039,4.444317572722E+03));
#9237 = CARTESIAN_POINT('',(2.692793854599,4.444220241804E+03));
#9238 = CARTESIAN_POINT('',(2.917193360161,4.444171572836E+03));
#9239 = CARTESIAN_POINT('',(3.365992371283,4.444171572915E+03));
#9240 = CARTESIAN_POINT('',(3.590391876846,4.444220241962E+03));
#9241 = CARTESIAN_POINT('',(3.814791382402,4.444317572951E+03));
#9242 = CARTESIAN_POINT('',(4.03919088797,4.44445759019E+03));
#9243 = CARTESIAN_POINT('',(4.263590393526,4.444628203811E+03));
#9244 = CARTESIAN_POINT('',(4.487989899088,4.444814101714E+03));
#9245 = CARTESIAN_POINT('',(4.712389404649,4.445000000351E+03));
#9246 = ( GEOMETRIC_REPRESENTATION_CONTEXT(2) 
PARAMETRIC_REPRESENTATION_CONTEXT() REPRESENTATION_CONTEXT('2D SPACE',''
  ) );
#9247 = PCURVE('',#9248,#9253);
#9248 = CYLINDRICAL_SURFACE('',#9249,2.);
#9249 = AXIS2_PLACEMENT_3D('',#9250,#9251,#9252);
#9250 = CARTESIAN_POINT('',(4.295E+03,0.,960.));
#9251 = DIRECTION('',(0.707106781187,0.,0.707106781187));
#9252 = DIRECTION('',(0.707106781187,0.,-0.707106781187));
#9253 = DEFINITIONAL_REPRESENTATION('',(#9254),#9269);
#9254 = B_SPLINE_CURVE_WITH_KNOTS('',7,(#9255,#9256,#9257,#9258,#9259,
    #9260,#9261,#9262,#9263,#9264,#9265,#9266,#9267,#9268),
  .UNSPECIFIED.,.F.,.F.,(8,6,8),(1.570796326795,3.141592865722,
    4.712389404649),.UNSPECIFIED.);
#9255 = CARTESIAN_POINT('',(1.570796326795,-1.364242052659E-12));
#9256 = CARTESIAN_POINT('',(1.795195832356,0.185898637185));
#9257 = CARTESIAN_POINT('',(2.019595337918,0.371796519519));
#9258 = CARTESIAN_POINT('',(2.243994843476,0.542410099423));
#9259 = CARTESIAN_POINT('',(2.468394349039,0.682427278826));
#9260 = CARTESIAN_POINT('',(2.6927938546,0.779758196529));
#9261 = CARTESIAN_POINT('',(2.917193360161,0.828427164181));
#9262 = CARTESIAN_POINT('',(3.365992371283,0.828427085311));
#9263 = CARTESIAN_POINT('',(3.590391876842,0.77975803879));
#9264 = CARTESIAN_POINT('',(3.814791382412,0.682427048701));
#9265 = CARTESIAN_POINT('',(4.039190887959,0.542409809893));
#9266 = CARTESIAN_POINT('',(4.263590393531,0.371796188696));
#9267 = CARTESIAN_POINT('',(4.487989899087,0.185898285713));
#9268 = CARTESIAN_POINT('',(4.712389404648,-3.514728632581E-07));
#9269 = ( GEOMETRIC_REPRESENTATION_CONTEXT(2) 
PARAMETRIC_REPRESENTATION_CONTEXT() REPRESENTATION_CONTEXT('2D SPACE',''
  ) );
#9270 = ORIENTED_EDGE('',*,*,#9271,.F.);
#9271 = EDGE_CURVE('',#9170,#9221,#9272,.T.);
#9272 = SURFACE_CURVE('',#9273,(#9278,#9285),.PCURVE_S1.);
#9273 = CIRCLE('',#9274,2.);
#9274 = AXIS2_PLACEMENT_3D('',#9275,#9276,#9277);
#9275 = CARTESIAN_POINT('',(4.295E+03,0.,960.));
#9276 = DIRECTION('',(1.,-0.,2.22044604925E-16));
#9277 = DIRECTION('',(2.22044604925E-16,0.,-1.));
#9278 = PCURVE('',#9145,#9279);
#9279 = DEFINITIONAL_REPRESENTATION('',(#9280),#9284);
#9280 = LINE('',#9281,#9282);
#9281 = CARTESIAN_POINT('',(0.,4.445E+03));
#9282 = VECTOR('',#9283,1.);
#9283 = DIRECTION('',(1.,0.));
#9284 = ( GEOMETRIC_REPRESENTATION_CONTEXT(2) 
PARAMETRIC_REPRESENTATION_CONTEXT() REPRESENTATION_CONTEXT('2D SPACE',''
  ) );
#9285 = PCURVE('',#9209,#9286);
#9286 = DEFINITIONAL_REPRESENTATION('',(#9287),#9290);
#9287 = B_SPLINE_CURVE_WITH_KNOTS('',1,(#9288,#9289),.UNSPECIFIED.,.F.,
  .F.,(2,2),(0.,1.570796326795),.PIECEWISE_BEZIER_KNOTS.);
#9288 = CARTESIAN_POINT('',(7.853981633974,-1.570796326795));
#9289 = CARTESIAN_POINT('',(7.853981633974,-2.273736754432E-13));
#9290 = ( GEOMETRIC_REPRESENTATION_CONTEXT(2) 
PARAMETRIC_REPRESENTATION_CONTEXT() REPRESENTATION_CONTEXT('2D SPACE',''
  ) );
#9291 = ORIENTED_EDGE('',*,*,#9169,.F.);
#9292 = ADVANCED_FACE('',(#9293,#9296),#9157,.F.);
#9293 = FACE_BOUND('',#9294,.F.);
#9294 = EDGE_LOOP('',(#9295));
#9295 = ORIENTED_EDGE('',*,*,#9135,.T.);
#9296 = FACE_BOUND('',#9297,.F.);
#9297 = EDGE_LOOP('',(#9298));
#9298 = ORIENTED_EDGE('',*,*,#9299,.F.);
#9299 = EDGE_CURVE('',#9300,#9300,#9302,.T.);
#9300 = VERTEX_POINT('',#9301);
#9301 = CARTESIAN_POINT('',(-150.,-3.061616997868E-16,958.75));
#9302 = SURFACE_CURVE('',#9303,(#9308,#9315),.PCURVE_S1.);
#9303 = CIRCLE('',#9304,1.25);
#9304 = AXIS2_PLACEMENT_3D('',#9305,#9306,#9307);
#9305 = CARTESIAN_POINT('',(-150.,0.,960.));
#9306 = DIRECTION('',(1.,0.,2.22044604925E-16));
#9307 = DIRECTION('',(2.22044604925E-16,0.,-1.));
#9308 = PCURVE('',#9157,#9309);
#9309 = DEFINITIONAL_REPRESENTATION('',(#9310),#9314);
#9310 = CIRCLE('',#9311,1.25);
#9311 = AXIS2_PLACEMENT_2D('',#9312,#9313);
#9312 = CARTESIAN_POINT('',(0.,0.));
#9313 = DIRECTION('',(1.,0.));
#9314 = ( GEOMETRIC_REPRESENTATION_CONTEXT(2) 
PARAMETRIC_REPRESENTATION_CONTEXT() REPRESENTATION_CONTEXT('2D SPACE',''
  ) );
#9315 = PCURVE('',#9316,#9321);
#9316 = CYLINDRICAL_SURFACE('',#9317,1.25);
#9317 = AXIS2_PLACEMENT_3D('',#9318,#9319,#9320);
#9318 = CARTESIAN_POINT('',(-151.,0.,960.));
#9319 = DIRECTION('',(1.,0.,2.22044604925E-16));
#9320 = DIRECTION('',(2.22044604925E-16,0.,-1.));
#9321 = DEFINITIONAL_REPRESENTATION('',(#9322),#9326);
#9322 = LINE('',#9323,#9324);
#9323 = CARTESIAN_POINT('',(0.,1.));
#9324 = VECTOR('',#9325,1.);
#9325 = DIRECTION('',(1.,0.));
#9326 = ( GEOMETRIC_REPRESENTATION_CONTEXT(2) 
PARAMETRIC_REPRESENTATION_CONTEXT() REPRESENTATION_CONTEXT('2D SPACE',''
  ) );
#9327 = ADVANCED_FACE('',(#9328),#9209,.T.);
#9328 = FACE_BOUND('',#9329,.T.);
#9329 = EDGE_LOOP('',(#9330,#9371,#9413,#9414));
#9330 = ORIENTED_EDGE('',*,*,#9331,.F.);
#9331 = EDGE_CURVE('',#9332,#9221,#9334,.T.);
#9332 = VERTEX_POINT('',#9333);
#9333 = CARTESIAN_POINT('',(4.296414213562E+03,-4.898587196588E-16,
    958.58578643762));
#9334 = SURFACE_CURVE('',#9335,(#9340,#9364),.PCURVE_S1.);
#9335 = CIRCLE('',#9336,2.);
#9336 = AXIS2_PLACEMENT_3D('',#9337,#9338,#9339);
#9337 = CARTESIAN_POINT('',(4.295E+03,0.,960.));
#9338 = DIRECTION('',(0.707106781187,0.,0.707106781187));
#9339 = DIRECTION('',(0.707106781187,0.,-0.707106781187));
#9340 = PCURVE('',#9209,#9341);
#9341 = DEFINITIONAL_REPRESENTATION('',(#9342),#9363);
#9342 = B_SPLINE_CURVE_WITH_KNOTS('',7,(#9343,#9344,#9345,#9346,#9347,
    #9348,#9349,#9350,#9351,#9352,#9353,#9354,#9355,#9356,#9357,#9358,
    #9359,#9360,#9361,#9362),.UNSPECIFIED.,.F.,.F.,(8,6,6,8),(0.,
    0.392699081699,0.981747704247,1.570796326795),.UNSPECIFIED.);
#9343 = CARTESIAN_POINT('',(6.28318530718,-0.785398163397));
#9344 = CARTESIAN_POINT('',(6.362522502504,-0.785398163397));
#9345 = CARTESIAN_POINT('',(6.441859352492,-0.781726860119));
#9346 = CARTESIAN_POINT('',(6.520382756244,-0.774381802848));
#9347 = CARTESIAN_POINT('',(6.597268066024,-0.76348203556));
#9348 = CARTESIAN_POINT('',(6.671889035672,-0.749247615987));
#9349 = CARTESIAN_POINT('',(6.743885401685,-0.731961039536));
#9350 = CARTESIAN_POINT('',(6.916892139794,-0.68183486086));
#9351 = CARTESIAN_POINT('',(7.01441174464,-0.645541359022));
#9352 = CARTESIAN_POINT('',(7.105069637845,-0.604010907573));
#9353 = CARTESIAN_POINT('',(7.189333545351,-0.55829766143));
#9354 = CARTESIAN_POINT('',(7.268100606385,-0.509239672905));
#9355 = CARTESIAN_POINT('',(7.342234825278,-0.4575261621));
#9356 = CARTESIAN_POINT('',(7.482958360738,-0.349925782922));
#9357 = CARTESIAN_POINT('',(7.54954611606,-0.294038935636));
#9358 = CARTESIAN_POINT('',(7.613218189273,-0.236634995666));
#9359 = CARTESIAN_POINT('',(7.674783286839,-0.178164652909));
#9360 = CARTESIAN_POINT('',(7.734976402299,-0.119005781875));
#9361 = CARTESIAN_POINT('',(7.794478737481,-5.950289649319E-02));
#9362 = CARTESIAN_POINT('',(7.853981633974,0.));
#9363 = ( GEOMETRIC_REPRESENTATION_CONTEXT(2) 
PARAMETRIC_REPRESENTATION_CONTEXT() REPRESENTATION_CONTEXT('2D SPACE',''
  ) );
#9364 = PCURVE('',#9248,#9365);
#9365 = DEFINITIONAL_REPRESENTATION('',(#9366),#9370);
#9366 = LINE('',#9367,#9368);
#9367 = CARTESIAN_POINT('',(0.,0.));
#9368 = VECTOR('',#9369,1.);
#9369 = DIRECTION('',(1.,0.));
#9370 = ( GEOMETRIC_REPRESENTATION_CONTEXT(2) 
PARAMETRIC_REPRESENTATION_CONTEXT() REPRESENTATION_CONTEXT('2D SPACE',''
  ) );
#9371 = ORIENTED_EDGE('',*,*,#9372,.F.);
#9372 = EDGE_CURVE('',#9193,#9332,#9373,.T.);
#9373 = SURFACE_CURVE('',#9374,(#9379,#9406),.PCURVE_S1.);
#9374 = CIRCLE('',#9375,2.);
#9375 = AXIS2_PLACEMENT_3D('',#9376,#9377,#9378);
#9376 = CARTESIAN_POINT('',(4.295E+03,0.,960.));
#9377 = DIRECTION('',(0.707106781187,0.,0.707106781187));
#9378 = DIRECTION('',(0.707106781187,0.,-0.707106781187));
#9379 = PCURVE('',#9209,#9380);
#9380 = DEFINITIONAL_REPRESENTATION('',(#9381),#9405);
#9381 = B_SPLINE_CURVE_WITH_KNOTS('',8,(#9382,#9383,#9384,#9385,#9386,
    #9387,#9388,#9389,#9390,#9391,#9392,#9393,#9394,#9395,#9396,#9397,
    #9398,#9399,#9400,#9401,#9402,#9403,#9404),.UNSPECIFIED.,.F.,.F.,(9,
    7,7,9),(4.712388980385,5.497787143782,5.890486225481,6.28318530718),
  .UNSPECIFIED.);
#9382 = CARTESIAN_POINT('',(4.712388980385,0.));
#9383 = CARTESIAN_POINT('',(4.781809026293,-6.942004590872E-02));
#9384 = CARTESIAN_POINT('',(4.85122901085,-0.138840134751));
#9385 = CARTESIAN_POINT('',(4.921669066618,-0.207750106312));
#9386 = CARTESIAN_POINT('',(4.994146259723,-0.275641724656));
#9387 = CARTESIAN_POINT('',(5.069750357303,-0.341946139328));
#9388 = CARTESIAN_POINT('',(5.1496720848,-0.405996516923));
#9389 = CARTESIAN_POINT('',(5.235308627843,-0.466917545466));
#9390 = CARTESIAN_POINT('',(5.374148719661,-0.551939390664));
#9391 = CARTESIAN_POINT('',(5.422159825852,-0.579220140835));
#9392 = CARTESIAN_POINT('',(5.472052130126,-0.605301926671));
#9393 = CARTESIAN_POINT('',(5.52396613075,-0.630032113869));
#9394 = CARTESIAN_POINT('',(5.578016795089,-0.653242056598));
#9395 = CARTESIAN_POINT('',(5.634272691401,-0.67474957767));
#9396 = CARTESIAN_POINT('',(5.692730159092,-0.694366405529));
#9397 = CARTESIAN_POINT('',(5.813834875769,-0.729454730602));
#9398 = CARTESIAN_POINT('',(5.876482487184,-0.744925971874));
#9399 = CARTESIAN_POINT('',(5.941119684717,-0.75814412822));
#9400 = CARTESIAN_POINT('',(6.007545203225,-0.768931919204));
#9401 = CARTESIAN_POINT('',(6.075434134522,-0.777136199325));
#9402 = CARTESIAN_POINT('',(6.144345474364,-0.782644685939));
#9403 = CARTESIAN_POINT('',(6.213765261271,-0.785398163397));
#9404 = CARTESIAN_POINT('',(6.28318530718,-0.785398163397));
#9405 = ( GEOMETRIC_REPRESENTATION_CONTEXT(2) 
PARAMETRIC_REPRESENTATION_CONTEXT() REPRESENTATION_CONTEXT('2D SPACE',''
  ) );
#9406 = PCURVE('',#9248,#9407);
#9407 = DEFINITIONAL_REPRESENTATION('',(#9408),#9412);
#9408 = LINE('',#9409,#9410);
#9409 = CARTESIAN_POINT('',(0.,0.));
#9410 = VECTOR('',#9411,1.);
#9411 = DIRECTION('',(1.,0.));
#9412 = ( GEOMETRIC_REPRESENTATION_CONTEXT(2) 
PARAMETRIC_REPRESENTATION_CONTEXT() REPRESENTATION_CONTEXT('2D SPACE',''
  ) );
#9413 = ORIENTED_EDGE('',*,*,#9192,.T.);
#9414 = ORIENTED_EDGE('',*,*,#9271,.T.);
#9415 = ADVANCED_FACE('',(#9416),#9248,.T.);
#9416 = FACE_BOUND('',#9417,.T.);
#9417 = EDGE_LOOP('',(#9418,#9419,#9442,#9481,#9586,#9618,#9619,#9620));
#9418 = ORIENTED_EDGE('',*,*,#9372,.T.);
#9419 = ORIENTED_EDGE('',*,*,#9420,.T.);
#9420 = EDGE_CURVE('',#9332,#9421,#9423,.T.);
#9421 = VERTEX_POINT('',#9422);
#9422 = CARTESIAN_POINT('',(4.307828427125E+03,-4.898587196589E-16,970.)
  );
#9423 = SEAM_CURVE('',#9424,(#9428,#9435),.PCURVE_S1.);
#9424 = LINE('',#9425,#9426);
#9425 = CARTESIAN_POINT('',(4.296414213562E+03,-4.898587196588E-16,
    958.58578643762));
#9426 = VECTOR('',#9427,1.);
#9427 = DIRECTION('',(0.707106781187,0.,0.707106781187));
#9428 = PCURVE('',#9248,#9429);
#9429 = DEFINITIONAL_REPRESENTATION('',(#9430),#9434);
#9430 = LINE('',#9431,#9432);
#9431 = CARTESIAN_POINT('',(0.,-0.));
#9432 = VECTOR('',#9433,1.);
#9433 = DIRECTION('',(0.,1.));
#9434 = ( GEOMETRIC_REPRESENTATION_CONTEXT(2) 
PARAMETRIC_REPRESENTATION_CONTEXT() REPRESENTATION_CONTEXT('2D SPACE',''
  ) );
#9435 = PCURVE('',#9248,#9436);
#9436 = DEFINITIONAL_REPRESENTATION('',(#9437),#9441);
#9437 = LINE('',#9438,#9439);
#9438 = CARTESIAN_POINT('',(6.28318530718,-0.));
#9439 = VECTOR('',#9440,1.);
#9440 = DIRECTION('',(0.,1.));
#9441 = ( GEOMETRIC_REPRESENTATION_CONTEXT(2) 
PARAMETRIC_REPRESENTATION_CONTEXT() REPRESENTATION_CONTEXT('2D SPACE',''
  ) );
#9442 = ORIENTED_EDGE('',*,*,#9443,.F.);
#9443 = EDGE_CURVE('',#9444,#9421,#9446,.T.);
#9444 = VERTEX_POINT('',#9445);
#9445 = CARTESIAN_POINT('',(4.307E+03,-2.,972.));
#9446 = SURFACE_CURVE('',#9447,(#9452,#9464),.PCURVE_S1.);
#9447 = ELLIPSE('',#9448,2.164784400585,2.);
#9448 = AXIS2_PLACEMENT_3D('',#9449,#9450,#9451);
#9449 = CARTESIAN_POINT('',(4.307E+03,0.,972.));
#9450 = DIRECTION('',(0.923879532511,0.,0.382683432365));
#9451 = DIRECTION('',(-0.382683432365,0.,0.923879532511));
#9452 = PCURVE('',#9248,#9453);
#9453 = DEFINITIONAL_REPRESENTATION('',(#9454),#9463);
#9454 = B_SPLINE_CURVE_WITH_KNOTS('',7,(#9455,#9456,#9457,#9458,#9459,
    #9460,#9461,#9462),.UNSPECIFIED.,.F.,.F.,(8,8),(1.570795902531,
    3.14159265359),.PIECEWISE_BEZIER_KNOTS.);
#9455 = CARTESIAN_POINT('',(4.712388556121,16.970563099949));
#9456 = CARTESIAN_POINT('',(4.936788091986,16.784664437658));
#9457 = CARTESIAN_POINT('',(5.16118762785,16.59876650957));
#9458 = CARTESIAN_POINT('',(5.385587163722,16.42815286947));
#9459 = CARTESIAN_POINT('',(5.609986699579,16.288135624134));
#9460 = CARTESIAN_POINT('',(5.834386235449,16.190804643967));
#9461 = CARTESIAN_POINT('',(6.058785771314,16.14213562373));
#9462 = CARTESIAN_POINT('',(6.28318530718,16.14213562373));
#9463 = ( GEOMETRIC_REPRESENTATION_CONTEXT(2) 
PARAMETRIC_REPRESENTATION_CONTEXT() REPRESENTATION_CONTEXT('2D SPACE',''
  ) );
#9464 = PCURVE('',#9465,#9470);
#9465 = CYLINDRICAL_SURFACE('',#9466,2.);
#9466 = AXIS2_PLACEMENT_3D('',#9467,#9468,#9469);
#9467 = CARTESIAN_POINT('',(4.307E+03,0.,972.));
#9468 = DIRECTION('',(1.,0.,2.22044604925E-16));
#9469 = DIRECTION('',(2.22044604925E-16,0.,-1.));
#9470 = DEFINITIONAL_REPRESENTATION('',(#9471),#9480);
#9471 = B_SPLINE_CURVE_WITH_KNOTS('',7,(#9472,#9473,#9474,#9475,#9476,
    #9477,#9478,#9479),.UNSPECIFIED.,.F.,.F.,(8,8),(1.570795902531,
    3.14159265359),.PIECEWISE_BEZIER_KNOTS.);
#9472 = CARTESIAN_POINT('',(4.712388556121,-3.51471499016E-07));
#9473 = CARTESIAN_POINT('',(4.936788091986,0.18589831082));
#9474 = CARTESIAN_POINT('',(5.161187627851,0.371796238893));
#9475 = CARTESIAN_POINT('',(5.385587163722,0.542409879055));
#9476 = CARTESIAN_POINT('',(5.609986699581,0.682427124297));
#9477 = CARTESIAN_POINT('',(5.834386235448,0.779758104532));
#9478 = CARTESIAN_POINT('',(6.058785771314,0.828427124746));
#9479 = CARTESIAN_POINT('',(6.28318530718,0.828427124746));
#9480 = ( GEOMETRIC_REPRESENTATION_CONTEXT(2) 
PARAMETRIC_REPRESENTATION_CONTEXT() REPRESENTATION_CONTEXT('2D SPACE',''
  ) );
#9481 = ORIENTED_EDGE('',*,*,#9482,.F.);
#9482 = EDGE_CURVE('',#9483,#9444,#9485,.T.);
#9483 = VERTEX_POINT('',#9484);
#9484 = CARTESIAN_POINT('',(4.307E+03,2.,972.));
#9485 = SURFACE_CURVE('',#9486,(#9491,#9498),.PCURVE_S1.);
#9486 = CIRCLE('',#9487,2.);
#9487 = AXIS2_PLACEMENT_3D('',#9488,#9489,#9490);
#9488 = CARTESIAN_POINT('',(4.307E+03,0.,972.));
#9489 = DIRECTION('',(0.707106781187,0.,0.707106781187));
#9490 = DIRECTION('',(0.707106781187,0.,-0.707106781187));
#9491 = PCURVE('',#9248,#9492);
#9492 = DEFINITIONAL_REPRESENTATION('',(#9493),#9497);
#9493 = LINE('',#9494,#9495);
#9494 = CARTESIAN_POINT('',(0.,16.970562748477));
#9495 = VECTOR('',#9496,1.);
#9496 = DIRECTION('',(1.,0.));
#9497 = ( GEOMETRIC_REPRESENTATION_CONTEXT(2) 
PARAMETRIC_REPRESENTATION_CONTEXT() REPRESENTATION_CONTEXT('2D SPACE',''
  ) );
#9498 = PCURVE('',#9499,#9504);
#9499 = SPHERICAL_SURFACE('',#9500,2.);
#9500 = AXIS2_PLACEMENT_3D('',#9501,#9502,#9503);
#9501 = CARTESIAN_POINT('',(4.307E+03,0.,972.));
#9502 = DIRECTION('',(0.,0.,1.));
#9503 = DIRECTION('',(1.,0.,-0.));
#9504 = DEFINITIONAL_REPRESENTATION('',(#9505),#9585);
#9505 = B_SPLINE_CURVE_WITH_KNOTS('',8,(#9506,#9507,#9508,#9509,#9510,
    #9511,#9512,#9513,#9514,#9515,#9516,#9517,#9518,#9519,#9520,#9521,
    #9522,#9523,#9524,#9525,#9526,#9527,#9528,#9529,#9530,#9531,#9532,
    #9533,#9534,#9535,#9536,#9537,#9538,#9539,#9540,#9541,#9542,#9543,
    #9544,#9545,#9546,#9547,#9548,#9549,#9550,#9551,#9552,#9553,#9554,
    #9555,#9556,#9557,#9558,#9559,#9560,#9561,#9562,#9563,#9564,#9565,
    #9566,#9567,#9568,#9569,#9570,#9571,#9572,#9573,#9574,#9575,#9576,
    #9577,#9578,#9579,#9580,#9581,#9582,#9583,#9584),.UNSPECIFIED.,.F.,
  .F.,(9,7,7,7,7,7,7,7,7,7,7,9),(0.,0.392699081699,1.129009859884,
    1.773281790796,2.337019730344,2.830290427448,3.261902287415,
    4.017223042356,4.583713608562,5.433449457871,5.858317382525,
    6.28318530718),.UNSPECIFIED.);
#9506 = CARTESIAN_POINT('',(0.,-0.785398163397));
#9507 = CARTESIAN_POINT('',(6.942004590872E-02,-0.785398163397));
#9508 = CARTESIAN_POINT('',(0.138839832815,-0.782644685939));
#9509 = CARTESIAN_POINT('',(0.207751172658,-0.777136199325));
#9510 = CARTESIAN_POINT('',(0.275640103954,-0.768931919204));
#9511 = CARTESIAN_POINT('',(0.342065622462,-0.75814412822));
#9512 = CARTESIAN_POINT('',(0.406702819996,-0.744925971874));
#9513 = CARTESIAN_POINT('',(0.46935043141,-0.729454730602));
#9514 = CARTESIAN_POINT('',(0.643438461634,-0.679015263309));
#9515 = CARTESIAN_POINT('',(0.749608951702,-0.6388335826));
#9516 = CARTESIAN_POINT('',(0.84771472521,-0.592561970326));
#9517 = CARTESIAN_POINT('',(0.9383062501,-0.541490677869));
#9518 = CARTESIAN_POINT('',(1.022576681767,-0.486656587004));
#9519 = CARTESIAN_POINT('',(1.101591066936,-0.428885402046));
#9520 = CARTESIAN_POINT('',(1.176424927117,-0.368854139593));
#9521 = CARTESIAN_POINT('',(1.310727865635,-0.253127120484));
#9522 = CARTESIAN_POINT('',(1.370948257227,-0.197827547989));
#9523 = CARTESIAN_POINT('',(1.429373405451,-0.141616302159));
#9524 = CARTESIAN_POINT('',(1.486611800937,-8.481502749273E-02));
#9525 = CARTESIAN_POINT('',(1.543233981963,-2.770876063307E-02));
#9526 = CARTESIAN_POINT('',(1.599790627435,2.943197848024E-02));
#9527 = CARTESIAN_POINT('',(1.656836116148,8.633070884798E-02));
#9528 = CARTESIAN_POINT('',(1.765813808998,0.191997112346));
#9529 = CARTESIAN_POINT('',(1.817493612168,0.240892016295));
#9530 = CARTESIAN_POINT('',(1.870388615679,0.289168821961));
#9531 = CARTESIAN_POINT('',(1.92490852093,0.336609404367));
#9532 = CARTESIAN_POINT('',(1.981486109774,0.382970267588));
#9533 = CARTESIAN_POINT('',(2.040589884128,0.427967779452));
#9534 = CARTESIAN_POINT('',(2.102713659205,0.471263895039));
#9535 = CARTESIAN_POINT('',(2.22571140553,0.548503522812));
#9536 = CARTESIAN_POINT('',(2.285770561375,0.582939676893));
#9537 = CARTESIAN_POINT('',(2.348796483446,0.615498594076));
#9538 = CARTESIAN_POINT('',(2.415064213913,0.645877067366));
#9539 = CARTESIAN_POINT('',(2.484803758688,0.673732410511));
#9540 = CARTESIAN_POINT('',(2.558108415365,0.698688387633));
#9541 = CARTESIAN_POINT('',(2.634833363748,0.720361765591));
#9542 = CARTESIAN_POINT('',(2.784307557689,0.754220352293));
#9543 = CARTESIAN_POINT('',(2.856355507624,0.767252825638));
#9544 = CARTESIAN_POINT('',(2.930410889836,0.777294162241));
#9545 = CARTESIAN_POINT('',(3.006037118875,0.78414840891));
#9546 = CARTESIAN_POINT('',(3.082610926288,0.78767578996));
#9547 = CARTESIAN_POINT('',(3.159404482025,0.787821229393));
#9548 = CARTESIAN_POINT('',(3.235709180344,0.784624657816));
#9549 = CARTESIAN_POINT('',(3.44255169977,0.766944641748));
#9550 = CARTESIAN_POINT('',(3.570840624373,0.745794844223));
#9551 = CARTESIAN_POINT('',(3.692581157471,0.71533179706));
#9552 = CARTESIAN_POINT('',(3.805427983636,0.676835298568));
#9553 = CARTESIAN_POINT('',(3.909597835236,0.631909257917));
#9554 = CARTESIAN_POINT('',(4.005938345926,0.58178274403));
#9555 = CARTESIAN_POINT('',(4.095536445715,0.527533227207));
#9556 = CARTESIAN_POINT('',(4.242519574647,0.4268985924));
#9557 = CARTESIAN_POINT('',(4.302357653039,0.381938242264));
#9558 = CARTESIAN_POINT('',(4.359518801294,0.335514624968));
#9559 = CARTESIAN_POINT('',(4.414490693582,0.287936169513));
#9560 = CARTESIAN_POINT('',(4.467728331328,0.239463547115));
#9561 = CARTESIAN_POINT('',(4.519652269143,0.190323873621));
#9562 = CARTESIAN_POINT('',(4.570663425773,0.140724222232));
#9563 = CARTESIAN_POINT('',(4.696880494445,1.606697023282E-02));
#9564 = CARTESIAN_POINT('',(4.771430990935,-5.931970343678E-02));
#9565 = CARTESIAN_POINT('',(4.846115381617,-0.134633803433));
#9566 = CARTESIAN_POINT('',(4.922185331678,-0.20926282152));
#9567 = CARTESIAN_POINT('',(5.000945037667,-0.28255304785));
#9568 = CARTESIAN_POINT('',(5.083796044182,-0.353758240508));
#9569 = CARTESIAN_POINT('',(5.172439095398,-0.421899928149));
#9570 = CARTESIAN_POINT('',(5.316490983511,-0.51758536451));
#9571 = CARTESIAN_POINT('',(5.366356302809,-0.548392810948));
#9572 = CARTESIAN_POINT('',(5.418268708248,-0.57795101724));
#9573 = CARTESIAN_POINT('',(5.472422119515,-0.606081103494));
#9574 = CARTESIAN_POINT('',(5.528990236041,-0.632581549813));
#9575 = CARTESIAN_POINT('',(5.588100636731,-0.657229697496));
#9576 = CARTESIAN_POINT('',(5.649798056473,-0.679790052694));
#9577 = CARTESIAN_POINT('',(5.778195622414,-0.720268732298));
#9578 = CARTESIAN_POINT('',(5.844896348665,-0.738187201772));
#9579 = CARTESIAN_POINT('',(5.914013351923,-0.753552031642));
#9580 = CARTESIAN_POINT('',(5.98534249116,-0.766134965871));
#9581 = CARTESIAN_POINT('',(6.058509505379,-0.775727858872));
#9582 = CARTESIAN_POINT('',(6.132972113354,-0.782174722066));
#9583 = CARTESIAN_POINT('',(6.208078559522,-0.785398163397));
#9584 = CARTESIAN_POINT('',(6.28318530718,-0.785398163397));
#9585 = ( GEOMETRIC_REPRESENTATION_CONTEXT(2) 
PARAMETRIC_REPRESENTATION_CONTEXT() REPRESENTATION_CONTEXT('2D SPACE',''
  ) );
#9586 = ORIENTED_EDGE('',*,*,#9587,.F.);
#9587 = EDGE_CURVE('',#9421,#9483,#9588,.T.);
#9588 = SURFACE_CURVE('',#9589,(#9594,#9606),.PCURVE_S1.);
#9589 = ELLIPSE('',#9590,2.164784400585,2.);
#9590 = AXIS2_PLACEMENT_3D('',#9591,#9592,#9593);
#9591 = CARTESIAN_POINT('',(4.307E+03,0.,972.));
#9592 = DIRECTION('',(0.923879532511,0.,0.382683432365));
#9593 = DIRECTION('',(-0.382683432365,0.,0.923879532511));
#9594 = PCURVE('',#9248,#9595);
#9595 = DEFINITIONAL_REPRESENTATION('',(#9596),#9605);
#9596 = B_SPLINE_CURVE_WITH_KNOTS('',7,(#9597,#9598,#9599,#9600,#9601,
    #9602,#9603,#9604),.UNSPECIFIED.,.F.,.F.,(8,8),(3.14159265359,
    4.712388980385),.PIECEWISE_BEZIER_KNOTS.);
#9597 = CARTESIAN_POINT('',(-8.881784197001E-16,16.14213562373));
#9598 = CARTESIAN_POINT('',(0.224399475256,16.14213562373));
#9599 = CARTESIAN_POINT('',(0.448798950512,16.190804617678));
#9600 = CARTESIAN_POINT('',(0.673198425771,16.288135545261));
#9601 = CARTESIAN_POINT('',(0.897597901024,16.428152718187));
#9602 = CARTESIAN_POINT('',(1.121997376283,16.598766279164));
#9603 = CARTESIAN_POINT('',(1.346396851538,16.784664136396));
#9604 = CARTESIAN_POINT('',(1.570796326795,16.970562748477));
#9605 = ( GEOMETRIC_REPRESENTATION_CONTEXT(2) 
PARAMETRIC_REPRESENTATION_CONTEXT() REPRESENTATION_CONTEXT('2D SPACE',''
  ) );
#9606 = PCURVE('',#9465,#9607);
#9607 = DEFINITIONAL_REPRESENTATION('',(#9608),#9617);
#9608 = B_SPLINE_CURVE_WITH_KNOTS('',7,(#9609,#9610,#9611,#9612,#9613,
    #9614,#9615,#9616),.UNSPECIFIED.,.F.,.F.,(8,8),(3.14159265359,
    4.712388980385),.PIECEWISE_BEZIER_KNOTS.);
#9609 = CARTESIAN_POINT('',(-8.881784197001E-16,0.828427124746));
#9610 = CARTESIAN_POINT('',(0.224399475256,0.828427124746));
#9611 = CARTESIAN_POINT('',(0.448798950513,0.779758130819));
#9612 = CARTESIAN_POINT('',(0.67319842577,0.682427203169));
#9613 = CARTESIAN_POINT('',(0.897597901026,0.542410030319));
#9614 = CARTESIAN_POINT('',(1.121997376282,0.371796469304));
#9615 = CARTESIAN_POINT('',(1.346396851538,0.185898612081));
#9616 = CARTESIAN_POINT('',(1.570796326795,0.));
#9617 = ( GEOMETRIC_REPRESENTATION_CONTEXT(2) 
PARAMETRIC_REPRESENTATION_CONTEXT() REPRESENTATION_CONTEXT('2D SPACE',''
  ) );
#9618 = ORIENTED_EDGE('',*,*,#9420,.F.);
#9619 = ORIENTED_EDGE('',*,*,#9331,.T.);
#9620 = ORIENTED_EDGE('',*,*,#9220,.T.);
#9621 = ADVANCED_FACE('',(#9622),#9316,.F.);
#9622 = FACE_BOUND('',#9623,.F.);
#9623 = EDGE_LOOP('',(#9624,#9647,#9674,#9675));
#9624 = ORIENTED_EDGE('',*,*,#9625,.T.);
#9625 = EDGE_CURVE('',#9300,#9626,#9628,.T.);
#9626 = VERTEX_POINT('',#9627);
#9627 = CARTESIAN_POINT('',(4.2945E+03,-3.061616997868E-16,958.75));
#9628 = SEAM_CURVE('',#9629,(#9633,#9640),.PCURVE_S1.);
#9629 = LINE('',#9630,#9631);
#9630 = CARTESIAN_POINT('',(-151.,-3.061616997868E-16,958.75));
#9631 = VECTOR('',#9632,1.);
#9632 = DIRECTION('',(1.,0.,2.22044604925E-16));
#9633 = PCURVE('',#9316,#9634);
#9634 = DEFINITIONAL_REPRESENTATION('',(#9635),#9639);
#9635 = LINE('',#9636,#9637);
#9636 = CARTESIAN_POINT('',(6.28318530718,-0.));
#9637 = VECTOR('',#9638,1.);
#9638 = DIRECTION('',(0.,1.));
#9639 = ( GEOMETRIC_REPRESENTATION_CONTEXT(2) 
PARAMETRIC_REPRESENTATION_CONTEXT() REPRESENTATION_CONTEXT('2D SPACE',''
  ) );
#9640 = PCURVE('',#9316,#9641);
#9641 = DEFINITIONAL_REPRESENTATION('',(#9642),#9646);
#9642 = LINE('',#9643,#9644);
#9643 = CARTESIAN_POINT('',(0.,-0.));
#9644 = VECTOR('',#9645,1.);
#9645 = DIRECTION('',(0.,1.));
#9646 = ( GEOMETRIC_REPRESENTATION_CONTEXT(2) 
PARAMETRIC_REPRESENTATION_CONTEXT() REPRESENTATION_CONTEXT('2D SPACE',''
  ) );
#9647 = ORIENTED_EDGE('',*,*,#9648,.F.);
#9648 = EDGE_CURVE('',#9626,#9626,#9649,.T.);
#9649 = SURFACE_CURVE('',#9650,(#9655,#9662),.PCURVE_S1.);
#9650 = CIRCLE('',#9651,1.25);
#9651 = AXIS2_PLACEMENT_3D('',#9652,#9653,#9654);
#9652 = CARTESIAN_POINT('',(4.2945E+03,0.,960.));
#9653 = DIRECTION('',(1.,-0.,2.22044604925E-16));
#9654 = DIRECTION('',(2.22044604925E-16,0.,-1.));
#9655 = PCURVE('',#9316,#9656);
#9656 = DEFINITIONAL_REPRESENTATION('',(#9657),#9661);
#9657 = LINE('',#9658,#9659);
#9658 = CARTESIAN_POINT('',(0.,4.4455E+03));
#9659 = VECTOR('',#9660,1.);
#9660 = DIRECTION('',(1.,0.));
#9661 = ( GEOMETRIC_REPRESENTATION_CONTEXT(2) 
PARAMETRIC_REPRESENTATION_CONTEXT() REPRESENTATION_CONTEXT('2D SPACE',''
  ) );
#9662 = PCURVE('',#9663,#9668);
#9663 = PLANE('',#9664);
#9664 = AXIS2_PLACEMENT_3D('',#9665,#9666,#9667);
#9665 = CARTESIAN_POINT('',(4.2945E+03,0.,960.));
#9666 = DIRECTION('',(1.,0.,2.22044604925E-16));
#9667 = DIRECTION('',(2.22044604925E-16,0.,-1.));
#9668 = DEFINITIONAL_REPRESENTATION('',(#9669),#9673);
#9669 = CIRCLE('',#9670,1.25);
#9670 = AXIS2_PLACEMENT_2D('',#9671,#9672);
#9671 = CARTESIAN_POINT('',(0.,0.));
#9672 = DIRECTION('',(1.,0.));
#9673 = ( GEOMETRIC_REPRESENTATION_CONTEXT(2) 
PARAMETRIC_REPRESENTATION_CONTEXT() REPRESENTATION_CONTEXT('2D SPACE',''
  ) );
#9674 = ORIENTED_EDGE('',*,*,#9625,.F.);
#9675 = ORIENTED_EDGE('',*,*,#9299,.T.);
#9676 = ADVANCED_FACE('',(#9677),#9465,.T.);
#9677 = FACE_BOUND('',#9678,.T.);
#9678 = EDGE_LOOP('',(#9679,#9703,#9704,#9727,#9766,#9794,#9817,#9849,
    #9850,#9851));
#9679 = ORIENTED_EDGE('',*,*,#9680,.T.);
#9680 = EDGE_CURVE('',#9681,#9444,#9683,.T.);
#9681 = VERTEX_POINT('',#9682);
#9682 = CARTESIAN_POINT('',(4.307E+03,-2.999519565324E-32,974.));
#9683 = SURFACE_CURVE('',#9684,(#9689,#9696),.PCURVE_S1.);
#9684 = CIRCLE('',#9685,2.);
#9685 = AXIS2_PLACEMENT_3D('',#9686,#9687,#9688);
#9686 = CARTESIAN_POINT('',(4.307E+03,0.,972.));
#9687 = DIRECTION('',(1.,-0.,2.22044604925E-16));
#9688 = DIRECTION('',(2.22044604925E-16,0.,-1.));
#9689 = PCURVE('',#9465,#9690);
#9690 = DEFINITIONAL_REPRESENTATION('',(#9691),#9695);
#9691 = LINE('',#9692,#9693);
#9692 = CARTESIAN_POINT('',(0.,0.));
#9693 = VECTOR('',#9694,1.);
#9694 = DIRECTION('',(1.,0.));
#9695 = ( GEOMETRIC_REPRESENTATION_CONTEXT(2) 
PARAMETRIC_REPRESENTATION_CONTEXT() REPRESENTATION_CONTEXT('2D SPACE',''
  ) );
#9696 = PCURVE('',#9499,#9697);
#9697 = DEFINITIONAL_REPRESENTATION('',(#9698),#9702);
#9698 = LINE('',#9699,#9700);
#9699 = CARTESIAN_POINT('',(4.712388980385,4.712388980385));
#9700 = VECTOR('',#9701,1.);
#9701 = DIRECTION('',(0.,-1.));
#9702 = ( GEOMETRIC_REPRESENTATION_CONTEXT(2) 
PARAMETRIC_REPRESENTATION_CONTEXT() REPRESENTATION_CONTEXT('2D SPACE',''
  ) );
#9703 = ORIENTED_EDGE('',*,*,#9443,.T.);
#9704 = ORIENTED_EDGE('',*,*,#9705,.T.);
#9705 = EDGE_CURVE('',#9421,#9706,#9708,.T.);
#9706 = VERTEX_POINT('',#9707);
#9707 = CARTESIAN_POINT('',(4.349412596228E+03,-4.898587196589E-16,970.)
  );
#9708 = SEAM_CURVE('',#9709,(#9713,#9720),.PCURVE_S1.);
#9709 = LINE('',#9710,#9711);
#9710 = CARTESIAN_POINT('',(4.307E+03,-4.898587196589E-16,970.));
#9711 = VECTOR('',#9712,1.);
#9712 = DIRECTION('',(1.,0.,2.22044604925E-16));
#9713 = PCURVE('',#9465,#9714);
#9714 = DEFINITIONAL_REPRESENTATION('',(#9715),#9719);
#9715 = LINE('',#9716,#9717);
#9716 = CARTESIAN_POINT('',(0.,-0.));
#9717 = VECTOR('',#9718,1.);
#9718 = DIRECTION('',(0.,1.));
#9719 = ( GEOMETRIC_REPRESENTATION_CONTEXT(2) 
PARAMETRIC_REPRESENTATION_CONTEXT() REPRESENTATION_CONTEXT('2D SPACE',''
  ) );
#9720 = PCURVE('',#9465,#9721);
#9721 = DEFINITIONAL_REPRESENTATION('',(#9722),#9726);
#9722 = LINE('',#9723,#9724);
#9723 = CARTESIAN_POINT('',(6.28318530718,-0.));
#9724 = VECTOR('',#9725,1.);
#9725 = DIRECTION('',(0.,1.));
#9726 = ( GEOMETRIC_REPRESENTATION_CONTEXT(2) 
PARAMETRIC_REPRESENTATION_CONTEXT() REPRESENTATION_CONTEXT('2D SPACE',''
  ) );
#9727 = ORIENTED_EDGE('',*,*,#9728,.F.);
#9728 = EDGE_CURVE('',#9729,#9706,#9731,.T.);
#9729 = VERTEX_POINT('',#9730);
#9730 = CARTESIAN_POINT('',(4.35E+03,-2.,972.));
#9731 = SURFACE_CURVE('',#9732,(#9737,#9749),.PCURVE_S1.);
#9732 = ELLIPSE('',#9733,2.084476719027,2.);
#9733 = AXIS2_PLACEMENT_3D('',#9734,#9735,#9736);
#9734 = CARTESIAN_POINT('',(4.35E+03,0.,972.));
#9735 = DIRECTION('',(0.959473416874,0.,-0.281799152433));
#9736 = DIRECTION('',(0.281799152433,0.,0.959473416874));
#9737 = PCURVE('',#9465,#9738);
#9738 = DEFINITIONAL_REPRESENTATION('',(#9739),#9748);
#9739 = B_SPLINE_CURVE_WITH_KNOTS('',7,(#9740,#9741,#9742,#9743,#9744,
    #9745,#9746,#9747),.UNSPECIFIED.,.F.,.F.,(8,8),(1.570796326933,
    3.14159265359),.PIECEWISE_BEZIER_KNOTS.);
#9740 = CARTESIAN_POINT('',(4.712388980523,42.999999999919));
#9741 = CARTESIAN_POINT('',(4.93678845576,42.868186901576));
#9742 = CARTESIAN_POINT('',(5.161187930996,42.736374338483));
#9743 = CARTESIAN_POINT('',(5.385587406233,42.615399244332));
#9744 = CARTESIAN_POINT('',(5.609986881469,42.516118796982));
#9745 = CARTESIAN_POINT('',(5.834386356706,42.447105419233));
#9746 = CARTESIAN_POINT('',(6.058785831943,42.412596227313));
#9747 = CARTESIAN_POINT('',(6.28318530718,42.412596227313));
#9748 = ( GEOMETRIC_REPRESENTATION_CONTEXT(2) 
PARAMETRIC_REPRESENTATION_CONTEXT() REPRESENTATION_CONTEXT('2D SPACE',''
  ) );
#9749 = PCURVE('',#9750,#9755);
#9750 = CYLINDRICAL_SURFACE('',#9751,2.);
#9751 = AXIS2_PLACEMENT_3D('',#9752,#9753,#9754);
#9752 = CARTESIAN_POINT('',(4.35E+03,0.,972.));
#9753 = DIRECTION('',(0.841178475377,0.,-0.540757591313));
#9754 = DIRECTION('',(0.540757591313,0.,0.841178475377));
#9755 = DEFINITIONAL_REPRESENTATION('',(#9756),#9765);
#9756 = B_SPLINE_CURVE_WITH_KNOTS('',7,(#9757,#9758,#9759,#9760,#9761,
    #9762,#9763,#9764),.UNSPECIFIED.,.F.,.F.,(8,8),(1.570796326933,
    3.14159265359),.PIECEWISE_BEZIER_KNOTS.);
#9757 = CARTESIAN_POINT('',(1.570796326933,8.185452315956E-11));
#9758 = CARTESIAN_POINT('',(1.79519580217,0.131813098425));
#9759 = CARTESIAN_POINT('',(2.019595277408,0.263625661519));
#9760 = CARTESIAN_POINT('',(2.24399475264,0.384600755659));
#9761 = CARTESIAN_POINT('',(2.468394227882,0.483881203028));
#9762 = CARTESIAN_POINT('',(2.692793703116,0.552894580762));
#9763 = CARTESIAN_POINT('',(2.917193178353,0.587403772688));
#9764 = CARTESIAN_POINT('',(3.14159265359,0.587403772688));
#9765 = ( GEOMETRIC_REPRESENTATION_CONTEXT(2) 
PARAMETRIC_REPRESENTATION_CONTEXT() REPRESENTATION_CONTEXT('2D SPACE',''
  ) );
#9766 = ORIENTED_EDGE('',*,*,#9767,.F.);
#9767 = EDGE_CURVE('',#9768,#9729,#9770,.T.);
#9768 = VERTEX_POINT('',#9769);
#9769 = CARTESIAN_POINT('',(4.35E+03,-2.999519565324E-32,974.));
#9770 = SURFACE_CURVE('',#9771,(#9776,#9783),.PCURVE_S1.);
#9771 = CIRCLE('',#9772,2.);
#9772 = AXIS2_PLACEMENT_3D('',#9773,#9774,#9775);
#9773 = CARTESIAN_POINT('',(4.35E+03,0.,972.));
#9774 = DIRECTION('',(1.,-0.,2.22044604925E-16));
#9775 = DIRECTION('',(2.22044604925E-16,0.,-1.));
#9776 = PCURVE('',#9465,#9777);
#9777 = DEFINITIONAL_REPRESENTATION('',(#9778),#9782);
#9778 = LINE('',#9779,#9780);
#9779 = CARTESIAN_POINT('',(0.,43.));
#9780 = VECTOR('',#9781,1.);
#9781 = DIRECTION('',(1.,0.));
#9782 = ( GEOMETRIC_REPRESENTATION_CONTEXT(2) 
PARAMETRIC_REPRESENTATION_CONTEXT() REPRESENTATION_CONTEXT('2D SPACE',''
  ) );
#9783 = PCURVE('',#9784,#9789);
#9784 = SPHERICAL_SURFACE('',#9785,2.);
#9785 = AXIS2_PLACEMENT_3D('',#9786,#9787,#9788);
#9786 = CARTESIAN_POINT('',(4.35E+03,0.,972.));
#9787 = DIRECTION('',(0.,0.,1.));
#9788 = DIRECTION('',(1.,0.,-0.));
#9789 = DEFINITIONAL_REPRESENTATION('',(#9790),#9793);
#9790 = B_SPLINE_CURVE_WITH_KNOTS('',1,(#9791,#9792),.UNSPECIFIED.,.F.,
  .F.,(2,2),(3.14159265359,4.712388980385),.PIECEWISE_BEZIER_KNOTS.);
#9791 = CARTESIAN_POINT('',(4.712388980385,1.570796326795));
#9792 = CARTESIAN_POINT('',(4.712388980385,-5.684341886081E-14));
#9793 = ( GEOMETRIC_REPRESENTATION_CONTEXT(2) 
PARAMETRIC_REPRESENTATION_CONTEXT() REPRESENTATION_CONTEXT('2D SPACE',''
  ) );
#9794 = ORIENTED_EDGE('',*,*,#9795,.F.);
#9795 = EDGE_CURVE('',#9796,#9768,#9798,.T.);
#9796 = VERTEX_POINT('',#9797);
#9797 = CARTESIAN_POINT('',(4.35E+03,2.,972.));
#9798 = SURFACE_CURVE('',#9799,(#9804,#9811),.PCURVE_S1.);
#9799 = CIRCLE('',#9800,2.);
#9800 = AXIS2_PLACEMENT_3D('',#9801,#9802,#9803);
#9801 = CARTESIAN_POINT('',(4.35E+03,0.,972.));
#9802 = DIRECTION('',(1.,-0.,2.22044604925E-16));
#9803 = DIRECTION('',(2.22044604925E-16,0.,-1.));
#9804 = PCURVE('',#9465,#9805);
#9805 = DEFINITIONAL_REPRESENTATION('',(#9806),#9810);
#9806 = LINE('',#9807,#9808);
#9807 = CARTESIAN_POINT('',(0.,43.));
#9808 = VECTOR('',#9809,1.);
#9809 = DIRECTION('',(1.,0.));
#9810 = ( GEOMETRIC_REPRESENTATION_CONTEXT(2) 
PARAMETRIC_REPRESENTATION_CONTEXT() REPRESENTATION_CONTEXT('2D SPACE',''
  ) );
#9811 = PCURVE('',#9784,#9812);
#9812 = DEFINITIONAL_REPRESENTATION('',(#9813),#9816);
#9813 = B_SPLINE_CURVE_WITH_KNOTS('',1,(#9814,#9815),.UNSPECIFIED.,.F.,
  .F.,(2,2),(1.570796326795,3.14159265359),.PIECEWISE_BEZIER_KNOTS.);
#9814 = CARTESIAN_POINT('',(7.853981633974,-5.684341886081E-14));
#9815 = CARTESIAN_POINT('',(7.853981633974,1.570796326795));
#9816 = ( GEOMETRIC_REPRESENTATION_CONTEXT(2) 
PARAMETRIC_REPRESENTATION_CONTEXT() REPRESENTATION_CONTEXT('2D SPACE',''
  ) );
#9817 = ORIENTED_EDGE('',*,*,#9818,.F.);
#9818 = EDGE_CURVE('',#9706,#9796,#9819,.T.);
#9819 = SURFACE_CURVE('',#9820,(#9825,#9837),.PCURVE_S1.);
#9820 = ELLIPSE('',#9821,2.084476719027,2.);
#9821 = AXIS2_PLACEMENT_3D('',#9822,#9823,#9824);
#9822 = CARTESIAN_POINT('',(4.35E+03,0.,972.));
#9823 = DIRECTION('',(0.959473416874,0.,-0.281799152433));
#9824 = DIRECTION('',(0.281799152433,0.,0.959473416874));
#9825 = PCURVE('',#9465,#9826);
#9826 = DEFINITIONAL_REPRESENTATION('',(#9827),#9836);
#9827 = B_SPLINE_CURVE_WITH_KNOTS('',7,(#9828,#9829,#9830,#9831,#9832,
    #9833,#9834,#9835),.UNSPECIFIED.,.F.,.F.,(8,8),(3.14159265359,
    4.712388980385),.PIECEWISE_BEZIER_KNOTS.);
#9828 = CARTESIAN_POINT('',(-8.881784197001E-16,42.412596227313));
#9829 = CARTESIAN_POINT('',(0.224399475256,42.412596227313));
#9830 = CARTESIAN_POINT('',(0.448798950513,42.447105419236));
#9831 = CARTESIAN_POINT('',(0.67319842577,42.516118797001));
#9832 = CARTESIAN_POINT('',(0.897597901026,42.615399244383));
#9833 = CARTESIAN_POINT('',(1.121997376282,42.736374338529));
#9834 = CARTESIAN_POINT('',(1.346396851538,42.868186901645));
#9835 = CARTESIAN_POINT('',(1.570796326795,43.));
#9836 = ( GEOMETRIC_REPRESENTATION_CONTEXT(2) 
PARAMETRIC_REPRESENTATION_CONTEXT() REPRESENTATION_CONTEXT('2D SPACE',''
  ) );
#9837 = PCURVE('',#9750,#9838);
#9838 = DEFINITIONAL_REPRESENTATION('',(#9839),#9848);
#9839 = B_SPLINE_CURVE_WITH_KNOTS('',7,(#9840,#9841,#9842,#9843,#9844,
    #9845,#9846,#9847),.UNSPECIFIED.,.F.,.F.,(8,8),(3.14159265359,
    4.712388980385),.PIECEWISE_BEZIER_KNOTS.);
#9840 = CARTESIAN_POINT('',(3.14159265359,0.587403772688));
#9841 = CARTESIAN_POINT('',(3.365992128846,0.587403772688));
#9842 = CARTESIAN_POINT('',(3.590391604103,0.552894580757));
#9843 = CARTESIAN_POINT('',(3.814791079355,0.483881203012));
#9844 = CARTESIAN_POINT('',(4.039190554619,0.38460075562));
#9845 = CARTESIAN_POINT('',(4.26359002987,0.263625661469));
#9846 = CARTESIAN_POINT('',(4.487989505128,0.131813098355));
#9847 = CARTESIAN_POINT('',(4.712388980385,0.));
#9848 = ( GEOMETRIC_REPRESENTATION_CONTEXT(2) 
PARAMETRIC_REPRESENTATION_CONTEXT() REPRESENTATION_CONTEXT('2D SPACE',''
  ) );
#9849 = ORIENTED_EDGE('',*,*,#9705,.F.);
#9850 = ORIENTED_EDGE('',*,*,#9587,.T.);
#9851 = ORIENTED_EDGE('',*,*,#9852,.T.);
#9852 = EDGE_CURVE('',#9483,#9681,#9853,.T.);
#9853 = SURFACE_CURVE('',#9854,(#9859,#9866),.PCURVE_S1.);
#9854 = CIRCLE('',#9855,2.);
#9855 = AXIS2_PLACEMENT_3D('',#9856,#9857,#9858);
#9856 = CARTESIAN_POINT('',(4.307E+03,0.,972.));
#9857 = DIRECTION('',(1.,-0.,2.22044604925E-16));
#9858 = DIRECTION('',(2.22044604925E-16,0.,-1.));
#9859 = PCURVE('',#9465,#9860);
#9860 = DEFINITIONAL_REPRESENTATION('',(#9861),#9865);
#9861 = LINE('',#9862,#9863);
#9862 = CARTESIAN_POINT('',(0.,0.));
#9863 = VECTOR('',#9864,1.);
#9864 = DIRECTION('',(1.,0.));
#9865 = ( GEOMETRIC_REPRESENTATION_CONTEXT(2) 
PARAMETRIC_REPRESENTATION_CONTEXT() REPRESENTATION_CONTEXT('2D SPACE',''
  ) );
#9866 = PCURVE('',#9499,#9867);
#9867 = DEFINITIONAL_REPRESENTATION('',(#9868),#9872);
#9868 = LINE('',#9869,#9870);
#9869 = CARTESIAN_POINT('',(1.570796326795,-1.570796326795));
#9870 = VECTOR('',#9871,1.);
#9871 = DIRECTION('',(0.,1.));
#9872 = ( GEOMETRIC_REPRESENTATION_CONTEXT(2) 
PARAMETRIC_REPRESENTATION_CONTEXT() REPRESENTATION_CONTEXT('2D SPACE',''
  ) );
#9873 = ADVANCED_FACE('',(#9874),#9499,.T.);
#9874 = FACE_BOUND('',#9875,.T.);
#9875 = EDGE_LOOP('',(#9876,#9877,#9878));
#9876 = ORIENTED_EDGE('',*,*,#9680,.F.);
#9877 = ORIENTED_EDGE('',*,*,#9852,.F.);
#9878 = ORIENTED_EDGE('',*,*,#9482,.T.);
#9879 = ADVANCED_FACE('',(#9880),#9663,.F.);
#9880 = FACE_BOUND('',#9881,.F.);
#9881 = EDGE_LOOP('',(#9882));
#9882 = ORIENTED_EDGE('',*,*,#9648,.T.);
#9883 = ADVANCED_FACE('',(#9884),#9750,.T.);
#9884 = FACE_BOUND('',#9885,.T.);
#9885 = EDGE_LOOP('',(#9886,#9911,#9938,#9939,#9981,#9982,#9983));
#9886 = ORIENTED_EDGE('',*,*,#9887,.T.);
#9887 = EDGE_CURVE('',#9888,#9890,#9892,.T.);
#9888 = VERTEX_POINT('',#9889);
#9889 = CARTESIAN_POINT('',(4.351081515183E+03,4.89858719659E-16,
    973.68235695075));
#9890 = VERTEX_POINT('',#9891);
#9891 = CARTESIAN_POINT('',(4.358081515183E+03,4.898587196589E-16,
    969.18235695075));
#9892 = SEAM_CURVE('',#9893,(#9897,#9904),.PCURVE_S1.);
#9893 = LINE('',#9894,#9895);
#9894 = CARTESIAN_POINT('',(4.351081515183E+03,4.89858719659E-16,
    973.68235695075));
#9895 = VECTOR('',#9896,1.);
#9896 = DIRECTION('',(0.841178475377,-2.465190328816E-32,-0.540757591313
    ));
#9897 = PCURVE('',#9750,#9898);
#9898 = DEFINITIONAL_REPRESENTATION('',(#9899),#9903);
#9899 = LINE('',#9900,#9901);
#9900 = CARTESIAN_POINT('',(6.28318530718,-0.));
#9901 = VECTOR('',#9902,1.);
#9902 = DIRECTION('',(0.,1.));
#9903 = ( GEOMETRIC_REPRESENTATION_CONTEXT(2) 
PARAMETRIC_REPRESENTATION_CONTEXT() REPRESENTATION_CONTEXT('2D SPACE',''
  ) );
#9904 = PCURVE('',#9750,#9905);
#9905 = DEFINITIONAL_REPRESENTATION('',(#9906),#9910);
#9906 = LINE('',#9907,#9908);
#9907 = CARTESIAN_POINT('',(0.,-0.));
#9908 = VECTOR('',#9909,1.);
#9909 = DIRECTION('',(0.,1.));
#9910 = ( GEOMETRIC_REPRESENTATION_CONTEXT(2) 
PARAMETRIC_REPRESENTATION_CONTEXT() REPRESENTATION_CONTEXT('2D SPACE',''
  ) );
#9911 = ORIENTED_EDGE('',*,*,#9912,.F.);
#9912 = EDGE_CURVE('',#9890,#9890,#9913,.T.);
#9913 = SURFACE_CURVE('',#9914,(#9919,#9926),.PCURVE_S1.);
#9914 = CIRCLE('',#9915,2.);
#9915 = AXIS2_PLACEMENT_3D('',#9916,#9917,#9918);
#9916 = CARTESIAN_POINT('',(4.357E+03,0.,967.5));
#9917 = DIRECTION('',(0.841178475377,0.,-0.540757591313));
#9918 = DIRECTION('',(0.540757591313,0.,0.841178475377));
#9919 = PCURVE('',#9750,#9920);
#9920 = DEFINITIONAL_REPRESENTATION('',(#9921),#9925);
#9921 = LINE('',#9922,#9923);
#9922 = CARTESIAN_POINT('',(0.,8.321658488547));
#9923 = VECTOR('',#9924,1.);
#9924 = DIRECTION('',(1.,0.));
#9925 = ( GEOMETRIC_REPRESENTATION_CONTEXT(2) 
PARAMETRIC_REPRESENTATION_CONTEXT() REPRESENTATION_CONTEXT('2D SPACE',''
  ) );
#9926 = PCURVE('',#9927,#9932);
#9927 = PLANE('',#9928);
#9928 = AXIS2_PLACEMENT_3D('',#9929,#9930,#9931);
#9929 = CARTESIAN_POINT('',(4.357E+03,0.,967.5));
#9930 = DIRECTION('',(0.841178475377,0.,-0.540757591313));
#9931 = DIRECTION('',(0.540757591313,0.,0.841178475377));
#9932 = DEFINITIONAL_REPRESENTATION('',(#9933),#9937);
#9933 = CIRCLE('',#9934,2.);
#9934 = AXIS2_PLACEMENT_2D('',#9935,#9936);
#9935 = CARTESIAN_POINT('',(0.,0.));
#9936 = DIRECTION('',(1.,0.));
#9937 = ( GEOMETRIC_REPRESENTATION_CONTEXT(2) 
PARAMETRIC_REPRESENTATION_CONTEXT() REPRESENTATION_CONTEXT('2D SPACE',''
  ) );
#9938 = ORIENTED_EDGE('',*,*,#9887,.F.);
#9939 = ORIENTED_EDGE('',*,*,#9940,.T.);
#9940 = EDGE_CURVE('',#9888,#9729,#9941,.T.);
#9941 = SURFACE_CURVE('',#9942,(#9947,#9954),.PCURVE_S1.);
#9942 = CIRCLE('',#9943,2.);
#9943 = AXIS2_PLACEMENT_3D('',#9944,#9945,#9946);
#9944 = CARTESIAN_POINT('',(4.35E+03,0.,972.));
#9945 = DIRECTION('',(0.841178475377,0.,-0.540757591313));
#9946 = DIRECTION('',(0.540757591313,0.,0.841178475377));
#9947 = PCURVE('',#9750,#9948);
#9948 = DEFINITIONAL_REPRESENTATION('',(#9949),#9953);
#9949 = LINE('',#9950,#9951);
#9950 = CARTESIAN_POINT('',(0.,0.));
#9951 = VECTOR('',#9952,1.);
#9952 = DIRECTION('',(1.,0.));
#9953 = ( GEOMETRIC_REPRESENTATION_CONTEXT(2) 
PARAMETRIC_REPRESENTATION_CONTEXT() REPRESENTATION_CONTEXT('2D SPACE',''
  ) );
#9954 = PCURVE('',#9784,#9955);
#9955 = DEFINITIONAL_REPRESENTATION('',(#9956),#9980);
#9956 = B_SPLINE_CURVE_WITH_KNOTS('',8,(#9957,#9958,#9959,#9960,#9961,
    #9962,#9963,#9964,#9965,#9966,#9967,#9968,#9969,#9970,#9971,#9972,
    #9973,#9974,#9975,#9976,#9977,#9978,#9979),.UNSPECIFIED.,.F.,.F.,(9,
    7,7,9),(0.,0.392699081699,0.981747704247,1.570796326795),
  .UNSPECIFIED.);
#9957 = CARTESIAN_POINT('',(6.28318530718,0.999458846961));
#9958 = CARTESIAN_POINT('',(6.192410094772,0.999458846961));
#9959 = CARTESIAN_POINT('',(6.101635277061,0.995175104365));
#9960 = CARTESIAN_POINT('',(6.012470418544,0.986608195963));
#9961 = CARTESIAN_POINT('',(5.926542398152,0.973937293328));
#9962 = CARTESIAN_POINT('',(5.845020017383,0.957534748614));
#9963 = CARTESIAN_POINT('',(5.768328670595,0.937827374067));
#9964 = CARTESIAN_POINT('',(5.696554666299,0.915229361633));
#9965 = CARTESIAN_POINT('',(5.528994154797,0.852457170031));
#9966 = CARTESIAN_POINT('',(5.439145265093,0.809144236491));
#9967 = CARTESIAN_POINT('',(5.359437028626,0.761463303182));
#9968 = CARTESIAN_POINT('',(5.288102286046,0.710511301435));
#9969 = CARTESIAN_POINT('',(5.223577593788,0.657017856086));
#9970 = CARTESIAN_POINT('',(5.164585547614,0.601549283646));
#9971 = CARTESIAN_POINT('',(5.110057419406,0.544523523933));
#9972 = CARTESIAN_POINT('',(5.008172553966,0.428021455738));
#9973 = CARTESIAN_POINT('',(4.960815581319,0.368545327578));
#9974 = CARTESIAN_POINT('',(4.916163251722,0.308173663335));
#9975 = CARTESIAN_POINT('',(4.873517462795,0.247149067673));
#9976 = CARTESIAN_POINT('',(4.832303888712,0.185661472401));
#9977 = CARTESIAN_POINT('',(4.792022214776,0.123873495364));
#9978 = CARTESIAN_POINT('',(4.752205544672,6.193687777965E-02));
#9979 = CARTESIAN_POINT('',(4.712388980385,-5.684341886081E-14));
#9980 = ( GEOMETRIC_REPRESENTATION_CONTEXT(2) 
PARAMETRIC_REPRESENTATION_CONTEXT() REPRESENTATION_CONTEXT('2D SPACE',''
  ) );
#9981 = ORIENTED_EDGE('',*,*,#9728,.T.);
#9982 = ORIENTED_EDGE('',*,*,#9818,.T.);
#9983 = ORIENTED_EDGE('',*,*,#9984,.T.);
#9984 = EDGE_CURVE('',#9796,#9888,#9985,.T.);
#9985 = SURFACE_CURVE('',#9986,(#9991,#9998),.PCURVE_S1.);
#9986 = CIRCLE('',#9987,2.);
#9987 = AXIS2_PLACEMENT_3D('',#9988,#9989,#9990);
#9988 = CARTESIAN_POINT('',(4.35E+03,0.,972.));
#9989 = DIRECTION('',(0.841178475377,0.,-0.540757591313));
#9990 = DIRECTION('',(0.540757591313,0.,0.841178475377));
#9991 = PCURVE('',#9750,#9992);
#9992 = DEFINITIONAL_REPRESENTATION('',(#9993),#9997);
#9993 = LINE('',#9994,#9995);
#9994 = CARTESIAN_POINT('',(0.,0.));
#9995 = VECTOR('',#9996,1.);
#9996 = DIRECTION('',(1.,0.));
#9997 = ( GEOMETRIC_REPRESENTATION_CONTEXT(2) 
PARAMETRIC_REPRESENTATION_CONTEXT() REPRESENTATION_CONTEXT('2D SPACE',''
  ) );
#9998 = PCURVE('',#9784,#9999);
#9999 = DEFINITIONAL_REPRESENTATION('',(#10000),#10024);
#10000 = B_SPLINE_CURVE_WITH_KNOTS('',8,(#10001,#10002,#10003,#10004,
    #10005,#10006,#10007,#10008,#10009,#10010,#10011,#10012,#10013,
    #10014,#10015,#10016,#10017,#10018,#10019,#10020,#10021,#10022,
    #10023),.UNSPECIFIED.,.F.,.F.,(9,7,7,9),(4.712388980385,
    5.497787143782,5.890486225481,6.28318530718),.UNSPECIFIED.);
#10001 = CARTESIAN_POINT('',(7.853981633974,-5.684341886081E-14));
#10002 = CARTESIAN_POINT('',(7.800892881592,8.258250370622E-02));
#10003 = CARTESIAN_POINT('',(7.747804501743,0.165165033402));
#10004 = CARTESIAN_POINT('',(7.693609863585,0.247392709429));
#10005 = CARTESIAN_POINT('',(7.637218376394,0.328911610712));
#10006 = CARTESIAN_POINT('',(7.57734185805,0.409306887438));
#10007 = CARTESIAN_POINT('',(7.512476588273,0.488048808274));
#10008 = CARTESIAN_POINT('',(7.440416106566,0.564378797733));
#10009 = CARTESIAN_POINT('',(7.317184952293,0.673341452483));
#10010 = CARTESIAN_POINT('',(7.273584668677,0.708740245559));
#10011 = CARTESIAN_POINT('',(7.227099277976,0.743057821581));
#10012 = CARTESIAN_POINT('',(7.177326000068,0.776101602803));
#10013 = CARTESIAN_POINT('',(7.123825278942,0.807640847932));
#10014 = CARTESIAN_POINT('',(7.066138456421,0.837391780535));
#10015 = CARTESIAN_POINT('',(7.003864357262,0.865011608352));
#10016 = CARTESIAN_POINT('',(6.869815948061,0.915229361633));
#10017 = CARTESIAN_POINT('',(6.798041943765,0.937827374066));
#10018 = CARTESIAN_POINT('',(6.721350596941,0.957534748612));
#10019 = CARTESIAN_POINT('',(6.639828216237,0.973937293332));
#10020 = CARTESIAN_POINT('',(6.5539001958,0.986608195962));
#10021 = CARTESIAN_POINT('',(6.464735337298,0.995175104365));
#10022 = CARTESIAN_POINT('',(6.373960519587,0.999458846961));
#10023 = CARTESIAN_POINT('',(6.28318530718,0.999458846961));
#10024 = ( GEOMETRIC_REPRESENTATION_CONTEXT(2) 
PARAMETRIC_REPRESENTATION_CONTEXT() REPRESENTATION_CONTEXT('2D SPACE',''
  ) );
#10025 = ADVANCED_FACE('',(#10026),#9784,.T.);
#10026 = FACE_BOUND('',#10027,.T.);
#10027 = EDGE_LOOP('',(#10028,#10029,#10030,#10031));
#10028 = ORIENTED_EDGE('',*,*,#9795,.T.);
#10029 = ORIENTED_EDGE('',*,*,#9767,.T.);
#10030 = ORIENTED_EDGE('',*,*,#9940,.F.);
#10031 = ORIENTED_EDGE('',*,*,#9984,.F.);
#10032 = ADVANCED_FACE('',(#10033),#9927,.T.);
#10033 = FACE_BOUND('',#10034,.T.);
#10034 = EDGE_LOOP('',(#10035));
#10035 = ORIENTED_EDGE('',*,*,#9912,.T.);
#10036 = ( GEOMETRIC_REPRESENTATION_CONTEXT(3) 
GLOBAL_UNCERTAINTY_ASSIGNED_CONTEXT((#10040)) 
GLOBAL_UNIT_ASSIGNED_CONTEXT((#10037,#10038,#10039)) 
REPRESENTATION_CONTEXT('Context #1',
  '3D Context with UNIT and UNCERTAINTY') );
#10037 = ( LENGTH_UNIT() NAMED_UNIT(*) SI_UNIT(.MILLI.,.METRE.) );
#10038 = ( NAMED_UNIT(*) PLANE_ANGLE_UNIT() SI_UNIT($,.RADIAN.) );
#10039 = ( NAMED_UNIT(*) SI_UNIT($,.STERADIAN.) SOLID_ANGLE_UNIT() );
#10040 = UNCERTAINTY_MEASURE_WITH_UNIT(LENGTH_MEASURE(1.E-07),#10037,
  'distance_accuracy_value','confusion accuracy');
#10041 = PRODUCT_RELATED_PRODUCT_CATEGORY('part',$,(#7));
ENDSEC;
END-ISO-10303-21;
